name,full_name,url,stars,forks,open_issues,language,created_at,updated_at,description,owner,license
best-of-ml-python,lukasmasuch/best-of-ml-python,https://github.com/lukasmasuch/best-of-ml-python,22215,2982,30,,2020-11-29T19:41:36Z,2025-10-16T12:45:30Z,🏆 A ranked list of awesome machine learning Python libraries. Updated weekly.,lukasmasuch,Creative Commons Attribution Share Alike 4.0 International
nni,microsoft/nni,https://github.com/microsoft/nni,14280,1830,415,Python,2018-06-01T05:51:44Z,2025-10-13T19:39:30Z,"An open source AutoML toolkit for automate machine learning lifecycle, including feature engineering, neural architecture search, model compression and hyper-parameter tuning.",microsoft,MIT License
tpot,EpistasisLab/tpot,https://github.com/EpistasisLab/tpot,10004,1578,303,Jupyter Notebook,2015-11-03T21:08:40Z,2025-10-15T19:01:59Z,A Python Automated Machine Learning tool that optimizes machine learning pipelines using genetic programming.,EpistasisLab,GNU Lesser General Public License v3.0
autogluon,autogluon/autogluon,https://github.com/autogluon/autogluon,9490,1068,440,Python,2019-07-29T18:51:24Z,2025-10-16T11:21:10Z,Fast and Accurate ML in 3 Lines of Code,autogluon,Apache License 2.0
autokeras,keras-team/autokeras,https://github.com/keras-team/autokeras,9276,1409,153,Python,2017-11-19T23:18:20Z,2025-10-15T23:53:49Z,AutoML library for deep learning,keras-team,Apache License 2.0
auto-sklearn,automl/auto-sklearn,https://github.com/automl/auto-sklearn,7970,1313,205,Python,2015-07-02T15:38:10Z,2025-10-16T04:54:42Z,Automated Machine Learning with scikit-learn,automl,"BSD 3-Clause ""New"" or ""Revised"" License"
featuretools,alteryx/featuretools,https://github.com/alteryx/featuretools,7548,904,161,Python,2017-09-08T22:15:17Z,2025-10-15T02:05:26Z,An open source python library for automated feature engineering,alteryx,"BSD 3-Clause ""New"" or ""Revised"" License"
h2o-3,h2oai/h2o-3,https://github.com/h2oai/h2o-3,7315,2026,2908,Jupyter Notebook,2014-03-03T16:08:07Z,2025-10-16T11:43:36Z,"H2O is an Open Source, Distributed, Fast & Scalable Machine Learning Platform: Deep Learning, Gradient Boosting (GBM) & XGBoost, Random Forest, Generalized Linear Modeling (GLM with Elastic Net), K-Means, PCA, Generalized Additive Models (GAM), RuleFit, Support Vector Machine (SVM), Stacked Ensembles, Automatic Machine Learning (AutoML), etc.",h2oai,Apache License 2.0
automl,google/automl,https://github.com/google/automl,6401,1463,158,Jupyter Notebook,2020-03-12T03:52:47Z,2025-10-13T07:02:03Z,Google Brain AutoML,google,Apache License 2.0
zenml,zenml-io/zenml,https://github.com/zenml-io/zenml,4949,547,106,Python,2020-11-19T09:25:46Z,2025-10-16T08:30:57Z,ZenML 🙏: MLOps for Reliable AI: from Classical ML to Agents. https://zenml.io.,zenml-io,Apache License 2.0
cube-studio,tencentmusic/cube-studio,https://github.com/tencentmusic/cube-studio,4624,814,41,Python,2021-08-17T08:54:14Z,2025-10-16T14:31:04Z,cube studio开源云原生一站式机器学习/深度学习/大模型AI平台，mlops算法链路全流程，算力租赁平台，notebook在线开发，拖拉拽任务流pipeline编排，多机多卡分布式训练，超参搜索，推理服务VGPU虚拟化，边缘计算，标注平台自动化标注，deepseek等大模型sft微调/奖励模型/强化学习训练，vllm/ollama/mindie大模型多机推理，私有知识库，AI模型市场，支持国产cpu/gpu/npu 昇腾生态，支持RDMA，支持pytorch/tf/mxnet/deepspeed/paddle/colossalai/horovod/ray/volcano等分布式,tencentmusic,Other
statsforecast,Nixtla/statsforecast,https://github.com/Nixtla/statsforecast,4541,335,137,Python,2021-11-24T02:19:14Z,2025-10-16T03:03:16Z,Lightning ⚡️ fast forecasting with statistical and econometric models.,Nixtla,Apache License 2.0
Merlion,salesforce/Merlion,https://github.com/salesforce/Merlion,4431,349,37,Python,2021-07-28T15:30:56Z,2025-10-16T05:53:20Z,Merlion: A Machine Learning Framework for Time Series Intelligence,salesforce,"BSD 3-Clause ""New"" or ""Revised"" License"
AutoRAG,Marker-Inc-Korea/AutoRAG,https://github.com/Marker-Inc-Korea/AutoRAG,4358,348,135,Python,2024-01-10T12:25:00Z,2025-10-16T08:48:32Z,AutoRAG: An Open-Source Framework for Retrieval-Augmented Generation (RAG) Evaluation & Optimization with AutoML-Style Automation,Marker-Inc-Korea,Apache License 2.0
FLAML,microsoft/FLAML,https://github.com/microsoft/FLAML,4224,546,231,Jupyter Notebook,2020-08-20T20:46:11Z,2025-10-14T22:44:48Z,A fast library for AutoML and tuning. Join our Discord: https://discord.gg/Cppx2vSPVP.,microsoft,MIT License
awesome-automl-papers,hibayesian/awesome-automl-papers,https://github.com/hibayesian/awesome-automl-papers,4119,685,2,,2017-11-20T08:19:19Z,2025-10-16T04:48:13Z,"A curated list of automated machine learning papers, articles, tutorials, slides and projects",hibayesian,Apache License 2.0
darts,quark0/darts,https://github.com/quark0/darts,3974,840,97,Python,2018-06-25T05:27:29Z,2025-10-12T02:32:22Z,Differentiable architecture search for convolutional and recurrent networks,quark0,Apache License 2.0
adanet,tensorflow/adanet,https://github.com/tensorflow/adanet,3459,531,67,Jupyter Notebook,2018-06-28T20:20:24Z,2025-10-12T02:08:09Z,Fast and flexible AutoML with learning guarantees.,tensorflow,Apache License 2.0
lazypredict,shankarpandala/lazypredict,https://github.com/shankarpandala/lazypredict,3242,362,115,Python,2019-11-16T09:56:35Z,2025-10-15T20:12:49Z,Lazy Predict help build a lot of basic models without much code and helps understand which models works better without any parameter tuning,shankarpandala,MIT License
mljar-supervised,mljar/mljar-supervised,https://github.com/mljar/mljar-supervised,3213,425,144,Python,2018-11-05T12:58:04Z,2025-10-13T11:30:19Z,"Python package for AutoML on Tabular Data with Feature Engineering, Hyper-Parameters Tuning, Explanations and Automatic Documentation",mljar,MIT License
