id,"y__agg_linear_trend__attr_""slope""__chunk_len_10__f_agg_""max""",y__ar_coefficient__coeff_2__k_10,"y__change_quantiles__f_agg_""mean""__isabs_False__qh_0.2__ql_0.0",y__energy_ratio_by_chunks__num_segments_10__segment_focus_2,y__energy_ratio_by_chunks__num_segments_10__segment_focus_3,y__energy_ratio_by_chunks__num_segments_10__segment_focus_4,"y__fft_coefficient__attr_""angle""__coeff_14","y__fft_coefficient__attr_""angle""__coeff_16","y__fft_coefficient__attr_""angle""__coeff_23","y__fft_coefficient__attr_""angle""__coeff_3","y__fft_coefficient__attr_""angle""__coeff_35","y__fft_coefficient__attr_""angle""__coeff_66","y__fft_coefficient__attr_""angle""__coeff_8","y__fft_coefficient__attr_""imag""__coeff_75","y__fft_coefficient__attr_""real""__coeff_12","y__fft_coefficient__attr_""real""__coeff_25","y__fft_coefficient__attr_""real""__coeff_72",y__longest_strike_below_mean,y__partial_autocorrelation__lag_9,y__ratio_beyond_r_sigma__r_0.5
0,0.0671663647953735,-0.3688429983537111,0.0119006836901345,0.1386332926426688,0.1167967227019362,0.0707086288181333,178.36873995961977,166.56288030821872,76.67300545939072,83.34905854154822,-11.124504198545784,84.94441723032425,145.24649653811574,-23.704158696879027,163.67099996309338,334.4602082089003,-43.544905945121215,400.0,0.0741872104173834,0.775
1,-0.107501336260735,-0.3044582154589552,0.0062642499359908,0.0966949590532998,0.0523573281929258,0.0730732229560629,-67.7442763670216,-110.62021053481357,-101.26894453826338,-90.87162634257484,-134.98208877609932,-85.99927122639842,-72.21765386711384,-361.6268283772925,-445.6870554234446,28.697911448659788,-40.457490981833935,487.0,-0.0264169000493681,0.585
10,3.843971683536173,0.1957911985890927,-0.1306209850107066,0.0685251120008343,0.1401239824529531,0.1521006748009713,-111.72481128172646,-72.7220474629715,-138.4119590430188,54.32574160959192,-94.61735382095584,21.25012439601371,9.8290663675863,-7501.944223738544,-12795.880386019136,7177.905185608881,-131.38382060605142,493.0,0.0681942897201534,0.8325
100,-1.374197902741366,0.3858318686804918,-0.3905579399141631,0.1153230469533613,0.0793144227655435,0.0100942080630124,-129.55018817724527,-106.1415059006818,-157.49029217374758,42.6041405724821,88.53106773137101,-120.8904267068166,-110.61135042113618,-71295.1776531537,-37982.10963937141,48773.75778324924,-7295.267403064799,551.0,0.0211150195812109,0.5883333333333334
101,-3.029164134794007,0.2575093150493115,-0.4727668845315904,0.0104083651040277,0.0927041918831993,0.168497372896855,69.45937455410642,90.76171608158648,51.66903420272619,-57.77641639341134,30.43529898444533,-108.47282922263484,11.95070942564171,8126.064797059805,251556.9917694929,7660.343755907434,18492.47698347758,355.0,0.0694105242882894,0.68875
102,-2.4065778051702287,0.2302554258852793,0.2,0.0116495252301874,0.0586968739695655,0.1259029719130676,24.74661029695247,115.614270340975,-60.73568644401171,-66.84071922878705,-66.68295688230937,52.21832626656983,88.51316059733058,2574.8447801072894,7769.780786745592,260.3639537532416,364.29138313048463,507.0,-0.0207202748273998,0.7495833333333334
103,0.1442876612441188,0.1082409273708036,-0.1478260869565217,0.0267045205730216,0.1368835537574823,0.1407716040938428,169.41123082231553,-123.96153538130312,-86.13568320898243,13.335956310417645,116.7386178610106,-31.63335645935416,-121.57422996000052,-2606.943912597074,34276.46419529215,-2575.350758401192,-1135.3600813226055,503.0,-0.0230707349488459,0.8370833333333333
104,0.68075270404,0.0706904941748772,5.28310502283105,0.148892590484946,0.142347487081185,0.1236885049525168,81.07899232288179,104.09611716867713,78.87338444750338,-151.14388696454583,58.54640471256354,75.80639932821391,86.74719802144962,15961.919421609908,-10157.644599693054,23415.58862307753,-4616.6086276995375,534.0,0.0400576526528293,0.70625
105,-1.4714882202816015,0.2256554027562628,0.1991150442477876,0.0193467271069519,0.042160096736921,0.1398833154935689,52.02931461322111,105.7097846163506,2.5686730417826302,-75.95758353429022,-32.900991908665254,52.22313242356429,48.23049627751176,2380.6242758806,15369.441770566678,4509.216528998618,-2261.262479391836,469.0,0.0122785036193682,0.83
106,1.799393218632268,0.2091511070492187,0.6383442265795207,0.1532616864941413,0.1600805674339226,0.1422398722755481,75.33428687341076,85.34459223929493,83.20941429176459,151.4160835578245,88.87754702068725,122.19070630856494,134.96744355848935,4824.166753987642,-20511.79679435769,7347.718897558275,-2753.640994784861,521.0,0.01994748614448,0.7958333333333333
107,0.2303542596225629,0.170530461464845,2.6530172413793105,0.1307468186105752,0.1089556085278805,0.0115947567368926,-101.21550739500483,-123.18715109240846,-74.03401421522693,42.121589121122994,-141.11274738796303,-24.32280963659929,-111.49915220424216,1296.3459962229406,-44597.63616047312,-8544.502439181053,-2112.089910620932,558.0,0.0400746866057232,0.5825
108,-2.445637945103213,0.2315594953907094,-0.2647702407002188,0.0118566730270235,0.0581648446298869,0.1251636260238841,34.074363370416435,118.41889500593044,-74.30653523138776,-66.85736730240598,-60.9452881485234,99.33794769388936,87.39683632101347,3815.6783870191966,6669.481273630796,3022.946434007264,87.76845629948693,520.0,0.0104827856111552,0.7529166666666667
109,0.1374767791107483,0.1328936885293739,-0.0588235294117647,0.0275040380718086,0.135391344119248,0.1411085780553605,170.20899104658395,-102.08213070456864,-79.79681125477323,14.073266450248603,114.32391507984764,-33.022217163398075,-120.38247239877052,103.82332803596933,30679.519450503933,-4572.061309291616,-1924.8527168647984,507.0,0.0125783950734584,0.8345833333333333
11,1.1259587840066667,0.1502797075517871,1.417558886509636,0.1327478881332667,0.1585343019557987,0.0816641908185273,98.58790728578614,109.6229559744096,78.46915863898823,-41.60758743131108,97.97655127730316,99.35612370716844,83.514152819924,21126.58143459501,-65678.25834648455,-17942.017824937946,-5987.697899845701,604.0,0.0996573480119122,0.6266666666666667
110,0.7717108803972286,0.1033881834836919,1.877551020408164,0.1488009812358375,0.1416584402650121,0.1220319709290195,85.45288876567813,105.78642985231876,80.6091323247712,-152.70797335150834,60.65039471512805,59.26277571791282,87.11353904673967,23306.77548104477,-16026.313700659855,23673.814870822906,-3261.0296314924,508.0,0.0212081729541371,0.7058333333333333
111,-1.6975203562561851,0.2221786089337997,-1.1130820399113082,0.0288474269715283,0.0283270293770651,0.1289870073953608,-27.382244142587663,109.61937907297433,-125.26627007551714,-90.79143057982932,-169.55439224480256,3.5487288138241926,22.655483719409325,4378.417103568144,7410.397612260287,-2279.9105444820484,-2463.1348773955897,478.0,0.0450322703002522,0.8275
112,2.006280925016059,0.28032389431667,-0.074074074074074,0.1523733283467072,0.1749304010227618,0.1373425338890971,115.70952902275468,95.34565538635688,73.23349133927097,133.2837048990216,-3.065065827582772,73.68927228279169,110.9412160030798,2534.151507907053,-18183.26953542665,-3497.311765547343,-116.05992930322668,516.0,0.016685121139776,0.8183333333333334
113,0.6092722963940346,0.2002126054768755,1.6888412017167382,0.1242022437199719,0.1277532083382513,0.017811679101809,-159.52356096113633,-175.41203592410997,156.04488381791035,20.66895046334586,-123.19182437143984,106.72292998177578,-151.64127776944005,-2175.389387386063,-43477.57354651704,614.848382152545,-4749.458327198758,545.0,0.0187483584292299,0.58625
114,-5.956735794024201,0.0881834723742355,-0.0695652173913043,0.0207289795780969,0.0782995239670084,0.1209182552054219,111.01769836206236,125.00125010871744,137.56610835624443,-48.875521669042,0.6960077797060854,-163.8561404489034,114.09060515437046,22718.90504431368,33598.653105439385,-2998.3600470056613,14574.914101165856,504.0,0.0806064895116574,0.7225
115,5.363745030295664,0.0707958924735728,1.0650759219088937,0.1397107209173453,0.1441665613110936,0.1695830574801655,79.8836073673538,114.4802045026704,66.79330965480611,156.86790410789612,119.68770775879206,64.19674052049713,87.80923919474706,26859.330090581927,-85363.94948211225,-12153.466098035986,2944.829952523678,551.0,0.0808521798863353,0.8108333333333333
116,-2.355338634351292,0.0539661052925513,-4.71244635193133,0.1507129607227936,0.0817507611873545,0.0204847078903521,-98.53636866351228,-81.47989042062626,-90.80735668430592,83.41967439874679,-93.90739739107008,-39.76153056021303,-87.99250513593765,-24644.68166476259,29099.38090056347,20232.46103609096,-927.2066247701902,580.0,0.0244492569671874,0.60375
117,-10.753743554575598,-0.0195020949145648,-1.951859956236324,0.0592565637248351,0.0252857214788241,0.1105792440685707,-31.140862360576484,-72.81233477694357,-95.6483223351614,-112.31638093605356,-101.77408711544702,-90.86576101115374,-104.53252024598,-43704.21417327222,-61909.28503700528,4156.432214876152,-9316.741472448295,492.0,0.1082010343258255,0.8383333333333334
118,11.88652320352784,0.1238561745222791,-1.391304347826087,0.1303743482864819,0.1482849108083797,0.1309233143441934,85.32118653186915,88.92056269584971,76.84435368688541,126.89996476980444,76.1674284825577,125.45497073192163,95.796214361116,6430.1388724326025,-33438.79521972794,15261.29130005858,-13784.56018448016,511.0,0.0502391535837256,0.82
119,0.8892541537179472,0.1072216976020646,-1.2219827586206895,0.1193334800213732,0.1347536021913632,0.0366310512421427,115.10066675110896,109.92447297360188,72.35714757278748,-3.729680579072946,135.28910501194392,-158.8412921206893,140.50901509543667,3657.564540389678,21551.823610704767,-12919.333692917751,-16806.165742422825,585.0,0.0874121818480624,0.6108333333333333
12,0.0193383261862185,0.1160135221196754,-0.0206730769230769,0.0846237549498823,0.093772209065455,0.1027842059398719,33.8895166721713,108.93220926417098,42.41652212825333,-3.581336898543196,-3.900380352286005,88.66574077372906,102.503876302668,196.51530795037144,229.85471590595864,-51.63976620364576,222.1918057560244,193.0,0.0973803750333915,0.5620833333333334
120,0.0057228514592651,0.1057003741653918,0.0071381581457105,0.1786092068614546,0.1564693744185149,0.0548580720371139,179.06732380446468,165.18643498035908,94.5198319650102,89.2367678490467,64.53594931251529,104.4391289798781,149.83503887468217,28.153874672832515,6.621632102284969,-23.03183101176116,-3.176849259540191,744.0,0.0627968254906804,0.7154166666666667
121,-0.0070957340823313,0.0975508064885138,-0.0006772263319283,0.0606341951355316,0.0366027517232635,0.0574703044621937,-105.57611199467536,-96.96093236725476,-72.32163793148244,-95.30035752882314,-56.52688810319675,152.99114403598008,-68.94273770465146,-8.900001495572676,-13.045263695276248,-8.761543864394673,0.3500033716618205,445.0,0.0544644064136815,0.7808333333333334
122,0.0004185812367003,0.1156013774945119,0.0058574877355706,0.0754645059505217,0.1399708497086197,0.1790513995335228,104.02128644849272,46.03127736851787,-71.96300425042044,68.90488224847589,-45.47566345198123,120.39518481535094,136.5943930850348,28.806083005854017,17.723694549707183,-25.863347099777773,10.349705364946551,378.0,0.1147066784473433,0.6983333333333334
123,-0.0064620900858095,0.1239940661853977,-0.0025,0.0409813357322626,0.0736801767286357,0.1303605052260435,-93.72002671415878,-94.04625712147916,-112.56788830433412,-13.81387298721197,-123.47018905755868,-59.39827368016559,-65.96422909161564,-8.86927714565533,6.13988629278728,-19.265831486788738,3.6601215553631015,591.0,0.0813859988169588,0.6745833333333333
124,0.0100337299692703,0.1446036921424104,0.0025,0.1049406762103832,0.1503167129415768,0.1529936053306123,100.37821022737424,106.44040841172024,85.00567288686202,82.64199432578863,79.68172848000633,125.88077467543852,95.92432755347488,12.100821067095035,20.45296597870093,6.278648129232384,20.3644935645798,493.0,0.0783282002173802,0.6775
125,-0.0009824118189082,0.174089824522578,-0.0026011392699232,0.1343112476310666,0.0488467625191839,0.0303244401318129,-159.64024058150807,-137.27137573705437,-19.86987358622352,174.79363944625146,-105.41502940777404,-145.42677943128805,122.8458661572078,-47.997047364989456,-137.3174804439873,9.260529151913206,-21.90113105173571,565.0,0.04321276692799,0.6929166666666666
126,0.0050053766124411,0.3018645905146728,-0.0027011498637471,0.1792514651662388,0.156382520410995,0.053637839778568,94.61256930579562,-176.6484041663292,113.27908188752534,92.45699808029104,0.9761954388120766,153.39794106725083,167.27407129434405,-0.2077881341535041,-64.3973113622331,41.33552507860182,-15.779638018010356,864.0,0.0556518569952989,0.75375
127,-0.0089101277773219,0.218220166423133,-0.0026798564251048,0.0629081148104837,0.038269672344479,0.0537374295227598,-96.07181198781026,-93.29334090023308,-102.50393178858684,-101.73428185975273,-16.816461955643447,174.05463740865284,-71.16612350994762,-38.67797226793178,-52.99872462795604,38.90888425949651,-20.929429479393825,708.0,0.0379185460370239,0.8058333333333333
128,0.0005297015113981,0.1421813451403508,-0.0034164365309418,0.0837544955775532,0.1277791890752405,0.1560760703668067,57.1428379399496,60.49278622230644,25.122557162491344,84.47216113306554,-83.63892730567368,-178.82327559518956,165.25872193187504,12.704471811140255,9.163330335006997,33.175570926466904,-13.78501463634004,313.0,0.0736232576716671,0.66
129,-0.0047748659192656,0.0397856871919583,-0.0001602564102564,0.0502581689298255,0.0847692231328499,0.1266407633825071,-100.42704381070207,-61.62319277050492,-86.87169802259933,-9.650766977733864,-78.64300501749413,-44.84729974006083,-63.34943789671172,-19.64570317843741,-19.33353836076581,-11.580513997096569,-1.3453795504503503,486.0,0.0774669396780701,0.6783333333333333
13,0.0057511718953454,0.2676914220840823,-0.0106249999999999,0.0871091310965034,0.1054608601758287,0.1140687919389729,1.934143947202358,-172.3965025609855,-57.376842776787136,43.09684776998584,173.5889860807407,79.13747880099517,-62.80041334527686,36.409151507329305,118.83007698078464,37.23413252006471,39.66374517228331,253.0,0.0734087903669845,0.74375
130,0.0091086650809909,0.0081116575943125,-5.462197696470592e-05,0.1044863841251815,0.1375495955750912,0.13580120248539,89.73774586167045,109.96638850382664,97.4944886805271,90.96913933314262,72.11729546709482,136.02205899152776,93.11642968097216,0.8778938795794478,-32.15640002071565,15.393549850746089,-6.034794711509473,359.0,0.0565199259300754,0.6629166666666667
131,0.0015054874182747,-0.2328549925010059,-0.0059313729230117,0.1233741056492221,0.0580811361198207,0.0395894169923185,141.66488051641076,170.55229596240304,8.329590666063797,165.16856184127298,75.42946384818057,-84.23597663301926,-178.70653751579164,-43.00225153047413,45.78513935670817,-24.50900099418685,-36.66685917029847,579.0,0.1036361133663022,0.62
132,0.023310409034879,0.1447749394475482,0.018988455634518,0.1369378397907164,0.136002129249586,0.0703437347011961,124.31968424451122,177.13115335728702,122.9217696431331,84.65805296835491,161.285994251436,33.274962623860084,125.78131044530434,-26.9007332787737,11.4273526223651,19.71929994053344,84.68237179251037,315.0,0.0670615279781205,0.6666666666666666
133,-0.017967786984149,0.1471379416654602,0.0397518877072815,0.1484918549236616,0.0965973549271297,0.0464378144865423,-129.43350971531953,99.13058252444752,144.04831353603717,-172.50117721627043,-95.73929902770792,-171.3373109012281,-140.30136469936392,-29.66334056709104,556.0523489768723,49.48773642335152,-151.76286962021663,380.0,0.1140880305132034,0.62125
134,-0.0077395543901127,0.1219729494626837,-0.0626467980020324,0.0741602747645285,0.0489794231253511,0.062833743660554,-81.0287934994821,-143.346439292161,-26.33357142419616,-95.65347495534402,-125.73271850465606,178.39009853272074,-43.34166366712453,127.64004906104536,-46.02913918803179,-82.49304106548766,-70.40845950754034,187.0,0.0927960516947765,0.6775
135,0.0309420845045336,0.0934303829592238,-0.0266990291262135,0.0769836323322097,0.11238265682093,0.1523431254569882,53.99826925656941,116.70265156608303,77.49143436433026,68.82888558704555,82.29855236063953,19.76348445723098,62.92819886212099,54.36948560751932,177.45198118417778,-25.54421922959256,19.617468823614804,249.0,0.1141515805640128,0.6483333333333333
136,-0.012158631241967,0.1043625906618685,-0.0513888888888888,0.0845199743569094,0.0466211239152521,0.0550136226427077,-114.9207770374091,-107.103687224588,-45.21971334046904,-123.52865784865568,-49.97390361090831,41.05691758893701,-93.94722430980634,-63.50809340718267,7.6340422882617,-17.062645083630482,-6.135863045201512,366.0,0.0880437587343311,0.695
137,-0.0205920188906589,0.1612706009866647,-0.0153546712802768,0.0674019183695992,0.0435638652704239,0.0642629706501129,-93.75706502651676,-126.26192276896904,-86.20312717486603,-70.95567025402576,-106.11412940722217,-39.22541394585227,-23.26639228540314,43.67549179648607,40.0354786384525,-62.78550600552973,-61.58905244095864,327.0,0.0625548246898713,0.7195833333333334
138,0.0048217525477872,0.2556642354768861,0.0020424836601307,0.1888445144176237,0.1646927985517614,0.0466567723547741,84.69427853188236,-115.67747054737802,115.79376067043964,92.03972687382864,-8.837618464160842,163.68964956318737,168.54378080183267,-8.416550812967106,-42.56028768592867,21.588751146456744,-21.19716985603806,869.0,0.0249263717028511,0.74375
139,-0.0087568615794174,0.2286272951837203,-0.0018392309319642,0.0554691081759279,0.0282393283520448,0.0459863665675277,-93.75758632035492,-93.10761088879904,-87.60059180716104,-99.93011012012268,-6.135792122908759,175.11845328246747,-72.50851378958188,-47.95742560536176,-23.971206085657467,25.15809025467457,-9.920829819677786,727.0,0.060741685578697,0.82875
14,-0.0192199126720949,0.1918686499890539,0.0272486772486772,0.1100872858250796,0.1215662860413218,0.1069944204323382,51.70550695595016,64.21541263943458,-45.949035061224166,-83.53195517549861,32.03988227273452,-116.45665035805963,126.76413232286149,-289.0909509034476,199.1512446010114,182.26100139775724,93.0370805139742,285.0,0.1245726853404363,0.66125
140,0.0008004189781433,0.1003030114492067,-0.0023349437161352,0.0768686030486936,0.1332021452933091,0.1748656530488407,54.95752053060118,46.501080326139366,-11.029034673056294,80.36626371293686,-118.22405688021058,-160.5686190123586,153.96336208352622,2.2927581683728286,12.849655999069414,-6.8742340474581125,-0.5499176875075946,457.0,0.0966751921468849,0.695
141,-0.0039289961649905,0.1080772197967746,0.0029176904176904,0.0420294205205915,0.076295738955434,0.1273034996461125,-101.99556424308864,-86.65358032995705,-75.10019966209157,-6.787782759992636,-83.89825158911172,-32.868711086358445,-72.25530654908233,-21.18676071621674,6.238390211909657,5.468522149149112,-9.76201772930098,611.0,0.0423623382972522,0.6854166666666667
142,0.0063559317436066,0.1023269543475445,-0.0036256067382524,0.1082453211782899,0.1424475416626474,0.1399802385208342,96.93758136055462,114.54421585382416,84.71283024489452,96.48449525010436,71.75390089721994,162.29485987955584,89.6336512361978,18.661399735758668,8.058373760673007,10.552534587105407,-19.424687674655345,377.0,0.1209360508865175,0.6458333333333334
143,0.0011291354687344,-0.4600414267444386,0.0,0.1293312647879318,0.0462866175979357,0.0274824413643656,143.72181385524064,163.96880757146388,4.890521984984232,167.70931192219211,46.61545931471025,-51.86666038496059,179.84577835875368,-31.689254374764584,64.55257322385333,-23.286735805493908,-26.846108951286983,586.0,0.0867225368471929,0.6254166666666666
144,0.0018429681938922,0.1777418021634039,0.0039402173913043,0.1787154339566393,0.1600857656989332,0.0579873433000061,-159.47000156882183,114.75153815202732,87.01304910536396,100.12760365196316,93.37097157509102,31.83832607734843,158.9868024654921,4.424598252473765,7.6390315878425,5.890471582404734,7.583073029935374,827.0,0.0147387619061677,0.7308333333333333
145,-0.0009490670528707,0.194224544534233,-0.0004728764486937,0.1627452268819988,0.1148575414453952,0.0433496478346846,-125.45886192296986,-1.6495930202089422,-36.51570124539665,121.98211344202385,-67.81668567646605,113.1646786264093,-117.61256170372596,-8.41956181087856,11.677083484759528,-3.9851169279610046,5.272526860929063,841.0,0.0881684473313135,0.74
146,-0.0011156381944065,-0.084472841404772,-0.0033661464566802,0.0733067892921228,0.0389165220839351,0.0408058047925413,51.14799175133528,-103.59108239021548,-83.88021141624898,-129.22051347641818,-101.95594800155172,-125.4906406795555,-136.38478562115336,27.075203685997906,121.08139564021538,28.6447094895298,6.978279087664505,745.0,0.0563729839780433,0.8225
147,-0.0034411911158376,0.0330818397009315,0.0011235955056179,0.0375904175843295,0.0486098178622778,0.0976511246151735,-151.44444363799687,114.24577836710765,-90.19903718823647,-43.64456512338767,6.339515031108324,-67.79415530803124,-176.36017923288276,-13.74797686042528,51.56837883797069,-13.463007332977057,1.4498258735920226,677.0,0.0507405940284961,0.77625
148,0.0045809172034236,0.159533814503325,0.0001197318007662,0.1179888119290777,0.1748149240521014,0.1617158047659208,60.803488407470745,67.54134529036702,109.10070659355809,98.34631171948416,100.77013702873528,-127.87338209440271,104.19944806969406,32.74997913683264,50.4631103882502,-13.70206200466462,-7.98654746815225,664.0,0.1079805770755945,0.75375
149,3.833461775149337e-05,-0.0363264513528139,0.0,0.0799792489402402,0.1539897983197925,0.1963694089113725,66.64136665330389,132.92515214777504,55.93097500595681,89.29422226739986,-119.21292193038975,-53.82470350101353,175.60631008147712,28.47654791383881,-83.11111039302992,-13.285752403521371,10.348008803474068,517.0,0.0651968970870175,0.6566666666666666
15,-0.0088021406621642,0.1823216591867959,0.0143002544529262,0.0723248111050749,0.0722263581258099,0.0929702750435947,72.63819146906202,67.99083096749655,-90.01535141924226,-85.49886075074289,-68.00587177469981,-138.18146072904014,-21.67092789014499,10.737177279058969,-284.3610523147738,-240.0268400489513,145.13577587067635,676.0,0.0458968194846608,0.5616666666666666
150,-1.8877154985329607,0.2082737778165463,-0.6483516483516484,0.0162633513158188,0.0773177042113153,0.12298267204677,78.2524553448886,175.86073197044266,56.819856517319934,-48.06507443699868,21.185563755454137,142.30574964459248,120.50601870447323,3388.9417508676,9871.606383567783,5913.4897712721095,5214.845131562632,499.0,0.0395269990498454,0.7304166666666667
151,0.1923527318182609,0.0853861900474408,-0.2815964523281596,0.0502084816744598,0.1330171872863612,0.1430502612477062,-55.87682201268337,-55.292758459601856,-73.86836098361881,32.90676695311664,-88.20294241236122,129.03109353358929,-64.21113794048492,-7126.085412985214,15486.70030734806,199.23660229093943,-1485.7686773686894,501.0,0.0073826779908108,0.8054166666666667
152,0.8611442906994909,0.0217444110026258,0.5714285714285714,0.1383929314566051,0.1561255038604204,0.1038117252789763,87.0193498751847,86.00032994526481,74.80636080593955,-76.5091589782593,91.27636569200364,73.23847582628694,65.43658174147275,5749.023739699129,-40150.9381832299,-4327.535278896799,-24.649965978799514,544.0,0.064573072376522,0.69625
153,-3.376079879859025,0.214921920777112,-0.0919037199124726,0.0592577870652162,0.0228054233916231,0.1140171083155637,-82.78190033996572,-57.77544072940895,-96.3406547550644,-112.70775359247652,-84.99732203855737,-101.30845008467944,-93.40063212374532,-2877.4183802763514,-1937.2874739979543,88.1480692815021,-1615.4593139245617,485.0,0.0521200342446609,0.8504166666666667
154,1.3417442143092757,-0.0466967483162472,-0.931350114416476,0.1344405177285231,0.1562155968796597,0.1246177924291611,89.62719858773762,98.70431499852609,82.17981376058538,138.544502316566,115.29012825806292,137.39689009023954,75.12053305277253,12100.570621110965,-16922.651136343637,5553.127872516132,4130.591397311891,479.0,0.0813454246987644,0.7941666666666667
155,0.2501254362054897,0.1447781187619851,0.0189873417721519,0.1184243290345197,0.1357593161788933,0.0304613009800062,126.93423343976266,121.06978697229113,133.68334990578154,-0.0824003900113041,138.34322725173558,-85.89249829446412,140.34632350293802,-2633.482640777815,8149.058831379574,-7715.009871593958,-838.203105976836,569.0,0.1282440120334795,0.6133333333333333
156,-1.820431344294172,0.1851866537448524,0.4660831509846827,0.015987188258444,0.0778697061950336,0.121931497074651,99.06074819157276,140.53615683617085,-7.825219524307479,-48.44901326316389,19.502560392769063,34.42914391442352,115.58574620693967,1567.3438192825174,1352.4892920813113,7583.235707970569,7371.028659444801,496.0,0.0176335274512236,0.7225
157,0.2438523238250662,0.1212233632965855,-0.4225663716814159,0.0507072469378422,0.1347304889133607,0.1431287474122175,-81.28550969409183,-61.28827286427523,-44.081829530303175,33.31675382371274,-111.82381639389928,132.36167613258593,-69.07565206281069,-4653.267746574722,18043.33248035877,-5594.344817954751,-1809.472532854781,493.0,0.0077277883944191,0.8058333333333333
158,0.8425467456032223,0.0127253895464127,1.502202643171806,0.1395025524705995,0.15593639424769,0.0998334991374466,89.24748286104854,92.06755683713116,78.04335636157491,-74.2258876593905,103.66047518267926,62.66235333062689,64.24525059115253,14684.834853540107,-36046.0738469011,-745.9249094806486,-652.7766104453933,548.0,0.0119111192882704,0.6975
159,-3.314043212555773,0.2013097702853035,0.4671052631578947,0.0596306408093833,0.0227321126798677,0.1137083986497734,-95.1324951428306,-62.820878957407714,-87.9950732854259,-113.61448556018382,-67.0650359865061,-71.11582343286952,-96.68582372233804,-891.6467141981402,-3800.582402787401,-1074.4335004471195,1298.6335037691674,496.0,0.0427997629010925,0.8416666666666667
16,0.0160941639611798,0.3407512640854263,-0.0546319018404907,0.100660987210698,0.1080525272423678,0.1093061702831365,66.64141272855555,174.65989656452498,134.96700950564932,85.2260365881823,-93.96383695817336,1.842167509842724,121.63953895944098,154.11849846902192,66.15571931658991,49.73732819559091,103.57893113754042,236.0,0.0377582825235359,0.68125
160,1.3569072379728817,0.0931337687739512,0.8432304038004751,0.1347989998564566,0.1547301540650918,0.124467621262239,65.47503461116186,88.4620356563184,97.03630902079392,141.11291270239377,90.84249771926406,104.14850727197332,78.89655689733468,8724.2442500592,-8752.671920140627,-7913.434265816007,-6595.810552952519,511.0,0.0682320941511328,0.7775
161,0.2952646747339365,0.1445811224626225,0.0677966101694915,0.1174386083975692,0.1354530369833886,0.0293715789192527,144.85608640115407,104.15839623426992,20.24973797367468,0.6144256648447666,155.59457527540377,26.004013865452123,144.99609025365226,-2088.818467134061,6559.432746093396,-3445.7757918456746,-3172.501305674597,581.0,0.0994034278190746,0.6075
162,-0.0752126208788347,0.1235131271242567,0.0322115384615384,0.0529267636390749,0.0896191765666119,0.1040002106244576,109.58213619948565,79.83450357368677,149.9633446411032,-45.94686004926052,130.5905342915965,78.67462672227002,139.2497855369174,465.430508747647,-258.84127307668024,-619.6242958652147,30.27380063583357,423.0,0.0525262339203601,0.61375
163,0.23713057952395,0.121538013462205,0.0667224880382774,0.1034024318164054,0.1011259469741399,0.1158887865124755,12.76087422401894,-153.00289288407785,-150.85873792462115,157.7262533569074,129.97554904113497,-88.19475605602422,113.94164397015255,403.4527445445576,223.9507728962845,-228.23114994647165,-617.1994040329341,329.0,-0.001765983936224,0.6233333333333333
164,-0.1025751575548184,0.1137123195889831,-0.3554589371980675,0.156041030566538,0.089835274818581,0.0759685706144461,-160.9291377676733,-50.00154765770286,68.14770504108904,77.27238424917866,-18.175407448836044,-103.19789975172048,-44.876063464499296,-532.9346749556097,-2012.7107941662523,1283.333078811976,436.70720908533417,276.0,0.0330559208802409,0.5875
165,-0.2510588508481049,0.0877451304437204,-0.0307175925925925,0.0568150086768391,0.0477418664378813,0.1096036650638117,-167.83423722212004,-74.77339270669182,-103.80491418720013,-116.392746204746,-48.62934034197774,-11.499930071214436,-45.479173910520366,-696.7573843644309,778.6981810041884,191.41226362412385,200.15849947414392,507.0,0.0615706281309872,0.80625
166,0.0856833148144932,0.1087149846592256,0.0356626506024095,0.1277371125724019,0.1283513742322921,0.1285874749722151,41.10463517399162,134.1647714658645,105.06863735584832,93.85704355124004,-32.903523775786304,6.50341761999611,-51.50500650610395,-128.14608444619202,-549.7641223328753,-620.7280746381842,-279.9893807605154,411.0,0.0605181194685557,0.7379166666666667
167,0.0044058316984669,0.2106866144806268,-0.0312195121951219,0.1079624286653403,0.1018783610707215,0.0670195625972938,-105.08317071905223,64.17993156454867,40.70188571309526,-15.362003294970185,-27.09230741658357,-51.228018886380745,114.07847863969327,-54.59909844180805,623.5734388557892,-487.2485960357751,-313.4185448701176,494.0,0.0496241124991552,0.5654166666666667
168,-1.4977308633830453,0.1862838865799363,0.2721238938053097,0.0190829427702292,0.0782865328803461,0.1213047319769746,102.86963540800194,119.86167337158608,123.53800083560348,-48.64071631489475,35.70649934681559,-54.5879690791793,135.93748734090565,4445.081080435239,9180.77385303165,8510.761746339043,3792.186054772968,467.0,0.0216923986975855,0.7154166666666667
169,0.4464608760568757,0.1149752654341486,-0.2611607142857143,0.0491939357631354,0.1338808710702996,0.1437744132698531,-69.68741360858787,-73.43976816277936,-46.705915047390185,33.76183444312316,-62.80364835481605,117.8270968320543,-64.77415599357494,-7939.681396039285,13776.71413591417,-4162.524405166115,-1428.112652000682,506.0,0.0162022908803652,0.795
17,0.0035265499401031,0.2527161127193411,0.0048787061994609,0.1033566924463336,0.1114983204699107,0.0842093187916617,-142.34178974005798,171.70383963174456,-167.3492080185995,5.644349783405666,118.93799290094354,-131.99576998765542,82.9226797239633,-154.32463127636422,-111.95963676200344,-257.970054677182,-73.00479553255245,144.0,0.0522994244873293,0.5170833333333333
170,0.7770495147485201,-0.0103983736616658,1.5490654205607477,0.1368180141883536,0.1568968300108734,0.1034759777021731,66.29851768207052,71.20950070267061,117.8795654001982,-87.59781740218938,108.37476820060628,35.33910935032299,75.28074660726527,5040.527264569373,-15801.515275190028,-10269.229183985592,-4991.847288939758,553.0,0.006356927740042,0.6825
171,-2.978039549297731,0.1553621943581131,-0.0881057268722467,0.0325057292969028,0.0381807029929698,0.1350051055632153,-21.23852360113523,-82.87984523103484,45.15681119099658,-88.67926777065028,-36.69118559132906,64.85108972068213,-26.95683923020418,389.90464265149575,7765.30096207211,-2000.8292255108288,-3857.05880867464,480.0,0.0180359353750409,0.8470833333333333
172,2.904155888123057,0.0840240306502972,0.0684326710816777,0.140514748780076,0.1573323648138891,0.1299934920219962,123.5850437414422,97.69323352737672,105.64634595323646,134.12658182762038,88.92772799178562,96.84049402573402,80.42002698490508,9705.165381469124,-34898.744662625155,3950.0367091776143,519.6958555715805,483.0,0.0508470191467239,0.8416666666666667
173,1.609611277973576,-0.032304469308757,0.6766595289079229,0.1170576795384583,0.1407667392799625,0.0241736147105036,123.71534099203336,81.46922171403364,99.97366371580137,26.552485621601623,93.10589333449464,153.92567178983592,144.40434624083878,4368.349496893585,-27802.03945970036,1224.8032855242868,-5189.634286881344,558.0,0.0624656609476617,0.5329166666666667
174,-0.0623885136894737,0.1271834024621798,-0.0355011655011656,0.0581995464229097,0.0899512695728117,0.1019957669037501,119.8927462777769,90.006559799508,143.10879158015868,-48.8661322707524,127.77345058867463,61.66704230076999,162.34731789751194,402.9639653242524,-860.0175160540422,-259.5335144560171,288.2068936434526,427.0,0.0608691718189383,0.6095833333333334
175,0.2262371742564975,0.0911336881235226,-0.1066028708133971,0.1041160398158982,0.1024413727258563,0.1167432798655014,3.3030810222682114,-155.20353882207317,-100.89367135625048,160.545197168749,119.27074940057577,-59.81164995500389,112.88791326227816,274.6763203244601,139.51739741531406,-348.1231071288206,-1137.1008857469956,353.0,0.0250003470484154,0.63375
176,-0.1115143014635671,0.1552681816394453,-0.0754342431761786,0.1571775300733436,0.0919733968512808,0.0776015162626971,-167.8631367044745,-55.31900004729338,83.6392936738368,87.64787229943607,67.32228729050911,-72.24504629669526,-49.48174202496418,56.55029856214243,-1883.7168730512103,895.2564821290375,90.53834599594384,193.0,0.0412567109850894,0.57875
177,-0.257469452594663,0.0969434392089336,0.0066136363636362,0.0573313232093932,0.0470653980599501,0.107741383928517,-169.2741843620307,-56.93476048521706,-114.71058456317112,-117.60641475659747,-44.48084297207632,-61.08317737334969,-50.7550476208416,-928.9861252308604,972.7733065961032,-34.8818347061282,87.96001005394777,502.0,0.0885923499166076,0.7929166666666667
178,0.0842535287070955,0.1158686464794234,0.133047619047619,0.1254190773995358,0.1295623582918418,0.129995846761694,35.28865920565149,-149.16949325199016,93.75697878545736,92.6396793771795,-108.52209267386256,-151.0594741357048,-70.11170692651677,-230.8436342326941,-987.3158634055236,-334.70634469639293,104.04382715471134,415.0,0.0477834246289142,0.7308333333333333
179,0.0157665410857827,0.1960615379646628,0.0037772925764191,0.1100526328091157,0.1069272693400443,0.0634397620434595,-117.0517496315886,56.425728956368495,9.596091159347276,-7.269732042414084,-0.59856137964997,-85.21979410811326,112.04433580364824,-477.48584271071536,450.8646109503224,-762.3143299621372,-606.646220695433,509.0,0.0998899021603598,0.5741666666666667
18,-7.995281168075837,0.0938851207431833,-1.63169164882227,0.0298383902273069,0.0195094264025824,0.1172673810740388,-96.9715779588212,-101.07975805991174,-74.21120236569014,-113.66502261686335,-96.26875085084583,-100.16584792968062,-71.80809842155324,-10355.133202405006,-187.3588365115113,6583.153185216085,20172.436402651227,493.0,0.0717225860654614,0.8758333333333334
180,-1.69711670341499,0.145211944063422,0.4194260485651214,0.0167832497172945,0.0754712956684022,0.1185032146897741,84.87406423652055,58.93914440660516,58.08875827258668,-47.0361508913442,14.044181110637188,112.3357169594059,132.80502601277135,-11.968829977939436,11368.268037236016,-1583.4826184466226,7178.889855640338,491.0,0.0551524212131781,0.6891666666666667
181,0.3853452316880504,0.1295220285064682,0.1788079470198675,0.0485468918537964,0.1320057530154865,0.1424369649281452,-69.39805627666595,-70.12829234897148,-48.4387826496724,32.75295017673195,-100.8889683140569,100.39743998096256,-66.1415445624553,-1739.379029252023,13718.174508990352,-781.1011708638379,-2141.987864530398,510.0,-0.0195825227300123,0.7954166666666667
182,0.4652020868417854,-0.0144833570916964,3.3051643192488265,0.1392479148640799,0.158449017826599,0.1045973663821401,72.12343758092021,65.24692832933626,131.29019438042607,-87.83976385409179,102.68508549197168,109.91351986387843,74.54370861093386,9601.381015207053,-18281.935237250127,-1744.9647882826548,-847.6731429312756,542.0,0.0385912264432953,0.6683333333333333
183,-3.0412433375579435,0.1530381361841714,0.5185995623632386,0.0333692981971169,0.0372022616446088,0.1346748732021143,-30.82853587377261,-95.12681314392596,-49.19541559064094,-89.37957499120097,-54.38310513990219,37.17461505718212,-26.67541123068909,1700.2131468632765,11916.098211054372,-8188.067976210565,-1673.2342870292632,487.0,0.0358884997377387,0.8495833333333334
184,3.06843044150072,0.1144818319347813,0.4584269662921348,0.1404349824213926,0.1556155244709108,0.1295954125491253,113.60399319879345,77.73680943990585,97.05580681543852,134.67030668156033,83.39089878981547,110.26849185578304,74.66683537527967,11663.010800622891,-31694.916052811965,3077.7221664662,-3441.015276332704,508.0,0.0656742741509854,0.83875
185,1.7194061528845987,0.0474042503839699,-0.0255863539445629,0.1162294337780596,0.143923307502799,0.0254826608284825,136.53879418111026,74.18727264964939,117.97822026733029,25.048336362889028,-168.64967430343464,167.19023129684652,140.63862532825328,8166.35036163429,-25520.162964376992,-1131.1494119806562,75.15933118720335,568.0,0.1101483508666407,0.5383333333333333
186,-1.871025538637823,0.1356435246021711,3.756756756756757,0.010898012228664,0.0660440052369081,0.1329016528066328,67.22226972009723,80.4946456662831,76.73531642936968,-63.18121752241576,85.57087490477574,72.42103705244487,89.89498671986718,48777.05519394272,77736.66108819966,-34980.15137524402,14069.10901947949,410.0,0.1464682604954608,0.7058333333333333
187,13.720175263459438,0.0761144000533056,-0.2689804772234273,0.1427637286871338,0.1628251152705016,0.1707578533420343,66.23751646680039,111.69560022683623,-107.4227808775414,149.82611574380218,164.36466665734375,175.36145984636013,127.91005274373828,46354.10351610559,-240263.0146611855,-61207.09005456972,6770.486896565742,417.0,0.1605586378392922,0.6970833333333334
188,-1.7618973419677415,0.2290499126450036,-2.813449023861172,0.122316761104549,0.0757187199569469,0.0084276363435035,-99.31513628138904,-79.93235241483295,-137.94846235870952,68.08500552980617,-141.5476614106148,-131.51447930753,-111.29884961863324,-22647.82629465033,46014.86348255696,58958.38541840586,-282.48906831896875,544.0,0.0346949430858997,0.61125
189,-8.365140019792006,0.1475963643882338,-2.45021645021645,0.0825725186338133,0.0131406401901627,0.090043779040693,-70.66620130372367,-91.5745231825356,-61.1686342594272,-150.442678215476,-88.69265901763953,-58.88746311635862,-109.02876981774372,17453.635232428802,59537.73181363408,31391.890913531097,-10429.16567936624,481.0,0.0967517616815808,0.7491666666666666
19,6.476045157033975,0.1466104645287375,0.9526881720430108,0.1142116218048756,0.1566489236427586,0.1507895882290892,38.514848786699325,16.122930382035896,65.54377665537737,91.91031569879372,100.19902382217091,175.8158080436153,102.23447603598729,7340.379149395866,76738.0838935441,6051.022387165738,-15370.701592609774,504.0,0.1378496490560692,0.8379166666666666
190,5.186065296272502,0.2860822954055323,-1.130718954248366,0.1114025671350591,0.1493468435835143,0.157225146259561,53.832509045558105,167.8177071516116,163.1095729170019,55.06094886142318,-28.79249719385409,-40.130754685867785,22.35186887041956,-51718.19653277439,22526.51590343413,44194.07681204368,-16663.394986178428,355.0,0.0692833736637745,0.755
191,2.453707095609298,0.360417590815752,7.304157549234135,0.1144220758545808,0.1144918167832299,0.0728795685518211,94.93154796459392,75.66486931806325,69.55488433828016,-77.18628291186522,102.7859004528934,81.83887052465411,77.97890354831591,58584.40101115739,-150235.5145334145,-38211.448874781374,-13270.06062667061,543.0,0.0320483573315553,0.6154166666666666
192,-2.109122120175697,0.1258082956660601,2.7995495495495497,0.0109617781541557,0.0655160938380045,0.1325080914302983,64.66954189541853,83.6073514368409,58.1048528197336,-63.8923992595496,72.90140367869483,84.76582991456591,87.42773759589882,52295.41712234363,74228.51261654313,-30880.107653385072,15756.61546144978,411.0,0.1397159058464516,0.7029166666666666
193,13.876184048334167,0.0966067710683809,-0.130901287553648,0.1427595204990747,0.1629183503569651,0.171872631605273,63.73756279050027,110.99665152068384,-102.26110485220188,149.71431706713685,164.93201201979687,173.89091299547763,126.90435352314825,44529.4665619798,-245635.5935096699,-60057.94546017407,7746.832022914275,419.0,0.1616310234761845,0.6929166666666666
194,-1.4295959999305528,0.2196614176901532,-0.7288503253796096,0.1213938581825344,0.0759590221421549,0.0084297847250547,-97.00919719874716,-76.68614179939469,-132.64776282767602,67.86482243855842,-141.93589382440513,-125.39660810604867,-110.89163080112468,-16338.156783468938,39383.414419594425,50959.66079600307,-4252.037178607438,538.0,0.0398009565830817,0.6029166666666667
195,-8.730795673535999,0.2513110242878389,-2.2164502164502164,0.0838788355497132,0.0128832665161908,0.0905112813819955,-70.37579520357149,-94.0184967113383,-61.32779925534808,-151.4786703159659,-94.15784159692708,-58.78466150180721,-107.33709076711072,19549.625679852004,64934.8807925866,40024.89013208624,-15454.908780953268,485.0,0.0760985448950475,0.7479166666666667
196,5.420618413514123,0.2341027905734518,-0.702819956616052,0.1110050951139312,0.1483709004757881,0.1562419444387515,50.407236935244605,171.2276470338174,162.46460806129528,54.78485664656152,-20.931075480736787,-50.168727276905926,19.29756419252601,-45000.82274205866,30346.922791870187,40092.84763311124,-12395.686361174528,451.0,0.0813459467654825,0.75625
197,2.501106356013125,0.3822331962596552,4.93058568329718,0.1133690838981036,0.1134215682505903,0.0801300966956041,91.02940583919954,78.05613030123843,69.15668416369627,-83.95089376632212,92.4188139382313,80.20447323064376,81.53102850243648,52931.68598642461,-142704.3474011065,-42650.94809229752,-18859.10705327597,522.0,-0.0143496914936809,0.6129166666666667
198,0.0081917220785083,0.22556863999843,0.0234104046242774,0.0740330605204395,0.0957446258394922,0.1103810634463271,-30.738481845526355,28.29845184812751,150.5286309913671,-49.2426965466552,42.41165461389997,135.99301494021853,127.25186621899316,31.74932740263789,-4.392670961543592,-150.8261030317408,-50.49295817349421,304.0,0.1006196659379837,0.6270833333333333
199,0.01898590253303,0.3318834846570479,0.0455389221556886,0.1067813898010408,0.1081119945661679,0.1113895934671606,-45.86238427065526,-59.04183421843596,55.08662251923177,150.8044579314422,129.78377653225417,-131.13386789632247,124.57635710822976,0.3487394413646285,-146.53712640922487,-108.94858785019252,31.63896856607957,229.0,0.0740386968931823,0.64125
2,0.0085325358751969,-0.1978000287879184,-0.0129873526045248,0.0985305092552752,0.1396353530210404,0.1668990101155175,53.82464889300024,55.97092524583049,90.27914708611712,88.10579368104871,4.736669614206688,-140.7383777554487,116.45800245053938,-11.063908328422857,-23.86727498051497,-83.63709547790194,-169.99213206952868,288.0,0.0685354679603104,0.6608333333333334
20,3.953542596225629,0.1827305459405794,0.4871794871794871,0.1169064261536147,0.1850489974907982,0.0294802551561673,115.61605708969265,65.60291412559147,83.65998084402045,16.65018687263288,110.7299018870315,74.12525490052131,104.57552096728536,15803.925410865735,-17648.024853301125,-20021.26724172246,712.3098315357422,615.0,0.1006196195233612,0.4966666666666666
200,-0.0251626590739422,0.2714232402452987,-0.0054081632653061,0.1184633546473915,0.1032406844460869,0.0697619465673709,-136.286397163083,-90.69850295344364,-82.03386843386193,-13.659919811865176,-100.8259531922404,-55.32027761285556,-140.41050063940708,-39.80380250579163,342.10654633115075,189.8133001015824,64.78522917157129,311.0,0.1173455403095616,0.67375
201,0.0131579888539731,0.1504033857970272,-0.0193004115226339,0.0874378598720209,0.0933158379712868,0.1045986922173809,-138.6474539009706,-37.78423260771594,61.34596894017961,-23.36446570568494,2.163617458756902,90.37099653013544,103.6328533105407,-13.333175140998703,-52.46923316617232,-46.20290915560926,-9.123323826287365,47.0,0.0021903710345005,0.5995833333333334
202,-0.0018786741089255,0.238738098837669,-0.0299652777777777,0.1237980078737927,0.1075816322880315,0.0898443113621781,77.78312583627468,171.76371479006693,56.98121492134309,98.43984226946382,-71.70973817415438,-138.27285136311707,117.89148430098544,-24.51410242409297,155.2146171293631,-105.35390078147476,-46.22566493317423,251.0,0.1577750889382998,0.6204166666666666
203,-0.0125275308599107,0.1766417182427322,-0.0061807580174926,0.0877549927579738,0.0936337725000768,0.080701704335847,-150.15826116515964,-158.57704977709162,124.0716787319912,-39.15979465286346,-160.50295539144412,-29.10882370141797,53.89630349270192,-47.96535645318555,-348.2481197126476,110.39774452096384,39.23252892319172,230.0,-0.0705270990669415,0.5416666666666666
204,-0.0240618066285872,0.1085647016672218,0.0008020050125313,0.0844243140474443,0.072012595579433,0.0865400042789268,-99.56607589541106,2.631534709854372,133.61598420436007,-82.53911886889462,131.617365632807,-156.79562805669875,121.3229397096144,32.11998195485445,31.32284504651961,-104.2640527122894,143.156318630248,538.0,0.0460099131546498,0.58375
205,0.0196339259362141,0.2792593735830573,-0.023090909090909,0.1033747247303018,0.1060930216126406,0.1101877095562484,75.11905415617608,112.73892516611464,61.20069898482433,143.8284990851684,35.52457022496561,-160.26138176120432,142.64702634383664,-106.00853000107666,-164.90948259167016,26.03140806384548,-52.704042705625,194.0,0.0850007662262898,0.6595833333333333
206,0.0150778398930536,0.229251461675723,0.0068877551020408,0.1098320104626603,0.0956515300148866,0.0642091985411466,-96.55710145253278,-52.92915985429117,179.9043177059283,74.5214677787232,79.705069785608,-0.6629839426439114,-120.97410349011284,-96.88000854231557,-41.95957105032784,-45.60031405544613,33.27060216594395,385.0,0.1019572274892335,0.53
207,0.0043408132085626,0.2679941675099896,-0.0353183520599249,0.0882143693525948,0.09057279138418,0.1048471809537024,44.69975576536106,11.309248586151384,7.8206802286192625,-104.30093795965632,54.43542482372991,168.34404220171172,-66.97330022215489,7.045135472140402,59.99137523242449,113.94806530544214,-90.3506571211583,60.0,-0.0468176507005005,0.5829166666666666
208,0.0206545165714682,0.3287857555570538,0.0239384615384616,0.0987624289689457,0.106289537383127,0.1086698824576513,42.42496914179881,45.4888243575962,95.56041513739892,89.86189107457359,-48.94760414000533,-129.46437995847083,72.04248755017043,86.21767600201524,186.8125093556097,3.816409459682127,33.806457940753646,138.0,0.0014927527303011,0.6433333333333333
209,0.0056843217764197,0.2828712551127556,0.0403521126760563,0.0999671176267701,0.106906385716223,0.0868251043451561,120.10974207437452,112.77517887247372,32.94834261965693,1.054636852343824,-145.04723110861144,-173.00118719117305,10.404889152879498,-38.539610274846815,-65.71012820159108,8.085667358567164,131.4135391152873,69.0,0.0014083360298193,0.59
21,-5.0043512040139575,0.0347295343858884,-3.167032967032967,0.0267333152135383,0.0833323781566479,0.1217879895745103,108.4060510167686,86.69475937230278,131.91506762619787,-46.67365925950981,-23.975845442484967,-32.48736777941226,119.0812800187962,45516.57707749371,39281.64979648448,-15352.731675016004,14780.374778776804,504.0,0.0921986149000057,0.6833333333333333
22,3.658497543360129,-0.0033068045320574,1.2108695652173913,0.1471592596173523,0.1458183670727154,0.1586792138633588,77.9827084195837,118.8809721140649,42.83570171444143,157.19542135871677,135.24645591059928,56.599222690975154,94.36381663485096,12365.577913911173,-69568.77536227093,-4303.3123564666685,-1043.479339248334,513.0,0.0994018225600149,0.745
23,-4.196406621642736,0.0733218347369253,-2.618025751072961,0.157227712016503,0.0831352515747246,0.0205796207454472,-95.28455457225373,-80.0904322966284,-96.53997033399936,82.14359584064347,-96.86656449737043,-57.27591819687526,-85.18141646649113,-21834.77663638529,19811.759995268687,22789.623120654785,3049.3573432723274,579.0,0.0099491347087324,0.62375
24,-10.849646261219812,0.0106301550179574,-2.408296943231441,0.0732861921158031,0.0202241319815891,0.0823932660228757,-86.7393221803591,-91.98905207341978,-77.93761469494078,-138.413523100346,-120.76593455566872,-90.4134868735449,-134.77866560835594,-7598.301973606703,12256.549454598333,17110.813887310687,-1044.4553994729613,529.0,0.0862981233450107,0.8145833333333333
25,8.313088768902235,0.078678022873065,-1.079295154185022,0.0782089659025857,0.1400273452252458,0.1547942871535207,-157.90170951937304,-59.28046196216116,-19.223061393782952,56.24618597753805,69.84843144525767,147.72801309054913,-77.17029011096717,-32649.309261993025,-17502.8586987474,36823.25845434444,-8845.412020354059,528.0,0.0695489830752767,0.8191666666666667
26,2.0145440893071056,0.0553101294677662,-0.2826086956521739,0.1284232204261718,0.1396474794287565,0.0756755570096015,106.31891474332328,102.75298092794364,86.17594867701413,-54.99296217362674,86.63454053009916,98.79313242063188,94.26135605651716,66518.53263673291,-66679.85176605904,-12915.390659217515,-5084.939777716432,582.0,0.0823811472017749,0.6629166666666667
27,0.0025645502685813,0.1777882367194667,0.0013947010539121,0.1718099143321263,0.1624400576311105,0.0569281510004972,-119.68685407648238,91.92979539329367,30.751619707640604,80.89768581430722,116.7394413625336,124.84733685299857,154.4707016910323,7.847960901344402,-11.480328078882067,-3.564651948947456,-0.8493937640974824,810.0,0.0337789304304495,0.6229166666666667
28,-0.0018241781617012,-0.2406775728330332,-0.0001847738701552,0.0862657831436048,0.02210351078475,0.0509776228533738,-32.2671641374835,-123.0870003533927,56.776352692730185,-126.00082965477232,-93.26771719727424,-22.82273294701924,-70.04964914345302,-56.29877261486276,16.323239651609487,95.84223455891384,-43.40475951196499,799.0,0.0085322896834755,0.7116666666666667
29,0.0007272261671209,0.1529302153173183,-0.0016233766233766,0.0724729256853419,0.1434164931410499,0.173274574554612,57.01753461568047,34.45339130272963,177.16748116026037,77.24823293334732,71.57001079556349,-131.99390197873677,132.315410409292,2.1754951563251583,-13.365645245697603,1.1524363336448942,-6.764228586489302,710.0,0.0918194004083278,0.5754166666666667
3,-0.0233651394571347,-0.1711865943639789,0.0153028318717539,0.0623040270600995,0.1062308793715103,0.1411025092463499,-71.96521801983768,-83.57847305056441,-100.37681159921274,-18.255023838485133,-100.18123658796188,-134.82549798005223,-86.5969329039454,-165.38277214515955,-0.2993375479114473,36.78664570314791,140.1140436392583,276.0,0.0620882891519087,0.64875
30,-0.0021437935032737,-0.1853681236134328,0.0,0.0360435199543874,0.0720048147547654,0.1209269359580485,-81.69017131026062,-141.1995326144155,-89.4703226883977,-0.6768297626459845,-95.36639480558188,20.00182650593896,-70.20159546438032,9.290178841374304,33.83394469429825,-10.79640549080665,32.473473368352785,681.0,0.022899770612674,0.7041666666666667
31,0.0047089722051442,-0.1706178040266885,0.0009266483425536,0.0934612391579678,0.1301254968570547,0.1384845534821588,132.97502972028676,99.01577500022456,90.33101681469104,102.20408562688549,155.58794000143848,13.288796077314368,70.07227634460627,72.42989091663986,-30.419202229268265,-14.113737819665022,-49.617536463619714,457.0,0.0330717667597585,0.6045833333333334
32,-0.0002236383350216,-0.0080341980483494,-0.0003703702820666,0.1426081123649496,0.0425672433991401,0.0247923380931163,-18.62713010173216,69.57381987295902,-136.1072085381708,164.80544015329488,106.3026127063628,41.24866934395517,9.33682442513781,44.1112495271026,-51.34029759911817,43.133122007118224,28.2934172620396,558.0,-0.0056126062784707,0.6408333333333334
33,-0.0113777496137085,0.0200839661804928,0.0069590643274854,0.1007407541136194,0.0849737831676605,0.0833678306344116,-101.6533805736873,4.071098801533903,-15.99855365834858,5.681069724492214,-4.324742112752727,-71.00783908484782,-105.163590839056,-216.5133426782476,-322.3627371403834,113.9418295462432,-122.52999745274622,650.0,-0.026616499632695,0.6
34,0.0111741783711522,0.3053960044948103,0.0046623794212219,0.1064300417159575,0.1087203214198654,0.114054019469874,93.66623284955745,139.20044491604835,95.82873317906558,154.8308680743427,65.47048616765734,-103.82324677090158,69.5993171641317,112.90301300926532,-257.249445305198,103.11118074365342,39.01387570885653,270.0,-0.0007161709162463,0.7054166666666667
35,0.0065442368791124,0.2938007697994247,0.0055421686746988,0.1105164872847006,0.0912018738147013,0.0782159697654633,-144.12347883282578,-78.2509963046776,168.06253704824766,93.41502912399446,16.32146354462227,126.73137048579258,-126.23041175592807,1.9772686645826711,109.6799399081715,57.92908649537175,-55.09687483912768,427.0,0.1051208988936031,0.6054166666666667
36,0.0136947993888782,0.105670075935075,0.0139141414141414,0.078861089919446,0.0805237909626875,0.1083524774551278,46.60877156877919,105.5017495737832,137.8234836834019,-71.78546099283768,-179.73796531874325,-147.96373695784757,-66.62654304222262,-3.3031985588862565,131.82254688081167,-431.4230673410591,128.0188749694903,401.0,0.1194636075655897,0.5775
37,0.019221271202625,0.3088519129263646,-0.0046648793565683,0.1068362631378911,0.1067746335428593,0.1088523191440934,60.4222381904327,107.30146976709338,154.73664611099397,127.01352516392988,124.23734283583067,90.66655228590034,16.867981809789562,-37.6252678466234,-74.78011231794932,-42.52447864855231,-8.35711497498157,300.0,0.1182865008264718,0.665
38,0.0032937681209743,0.1943668305135382,-0.0143333333333333,0.1014362151416433,0.1066510981281635,0.0820000867004245,11.36704744207714,11.880137125435745,-26.29622687156101,15.218952692409651,-50.06513710098812,-122.73864291075468,38.34356261561136,-13.458397277033512,104.50978676908822,170.29478534268122,-83.7490393020401,129.0,0.0224404394435316,0.51
39,-3.7550265629611608,0.1472351458129259,0.1106382978723404,0.0062659756893664,0.0757080962378075,0.1233514763429479,116.5159716547376,118.21868287513269,-141.36296469494795,-49.29572337075137,33.08685680930096,33.82063111538178,116.97747716238872,3498.1702462468475,31995.56815864324,2040.0219909721577,9722.497766688364,482.0,0.0423026038897218,0.7104166666666667
4,0.0046662940488782,-0.0144563794878153,-0.0007440447803571,0.119160938529819,0.1655376307404133,0.1321393975865566,135.87710993653738,55.36377068822597,32.13691724158579,60.605849719143,54.28595428419429,136.92995054741337,74.14275431249185,27.456436657271823,280.87708417475807,-4.34941375133187,109.65245136555076,329.0,0.0396523317526186,0.6995833333333333
40,4.509471518602752,0.2288667892802612,0.281183932346723,0.1235410928583333,0.1302330639154515,0.2331779819246704,81.34044062939343,94.35920352221088,70.32877233108972,166.91220731389907,120.18049489607942,90.58033561397856,42.150793539508776,9874.54735964314,-52341.77389182606,5591.508599312052,-1832.433655285097,500.0,-0.0398721479214145,0.64625
41,0.4113691209916839,0.2053912535455372,-2.342553191489362,0.1796568361739733,0.0935132398526739,0.0047729919781588,-97.0073498974936,-76.86348283073559,-120.76949080629998,81.3904614673115,-105.0816955106703,-70.40517871544816,-115.81782716505788,-16823.394372389354,83204.89522064055,16949.34238467302,2811.169139638754,585.0,-0.0238792208460944,0.5133333333333333
42,-9.025595062414276,0.0905079094217181,-1.7553648068669527,0.0363770718883936,0.0165246696502657,0.1118101631921021,-99.95576738164488,-81.2656696036836,-83.74813778170775,-119.13395200657486,-99.60157456502306,-74.6047718781424,-84.10588215565143,-24811.344379704195,-1176.609994471973,-654.8360512366626,-81.77270195087203,493.0,0.1191859678081523,0.8829166666666667
43,6.23843209083491,0.2273372753625378,-0.5010660980810234,0.1108899337627984,0.1559680000788086,0.1550449281950032,9.04531763085646,-32.574710362727494,86.54459244210067,87.15903960232498,62.66967371381849,110.25792492542298,107.73700303394736,1944.8090766765367,50708.11057077594,745.1751436795132,-7721.983976779948,503.0,0.0577583511302074,0.8470833333333333
44,4.045221705237939,0.1626814604989686,1.855603448275862,0.1141574241330754,0.1922336683375419,0.0343782909167635,121.19548855757712,90.63575590822528,95.43922496052777,9.047637089681285,97.39005120182212,-107.43480050176537,97.15965724995414,12586.339925489352,28312.38125932541,-33661.73041803955,-2843.609093317211,592.0,0.1064541587669369,0.4975
45,0.0026974929830013,0.1134201297595081,0.0011494263835632,0.1533137631797422,0.1442522298950926,0.061804829394959,-141.86191887470633,54.24964691321795,142.82429321357688,85.36562691367253,70.4622766018734,2.999530675132795,138.642071410479,-0.7695919716973401,51.62990124649164,-5.490668355961084,-0.5538406720457294,771.0,0.0400247322768018,0.6925
46,4.686383557463628e-06,0.1526562723066026,-0.0028666574369478,0.1356895704372167,0.1209698504382632,0.0644553292851716,-31.48645315285425,-123.38476789336954,-154.19537187059683,108.03034391704392,-105.58432790174588,60.51358159737003,147.44310065534756,9.582932230338336,-9.416400301536545,-7.669654215760362,-9.619184617009644,665.0,0.0349671699128125,0.73125
47,-0.0027753550046321,0.1258434830430158,0.0038371106100279,0.0869389349492552,0.0611175578358597,0.064936878911565,-99.45417237015052,-89.03327107810367,-143.44759353687814,-125.9013490226673,-32.85504138925157,24.38331585441178,-111.98393987010748,-3.949107870088101,27.87349758526201,4.133163421836199,-6.623410894438488,310.0,0.0038731390513147,0.7191666666666666
48,-0.0003710927307196,0.0781075357833228,-0.0085027539085329,0.0568286402017053,0.0632625964582603,0.1034846562370045,-145.79687596508955,-104.78121932387344,-136.0902706829988,-28.18532865041585,-96.0610825078431,-55.07999692030922,179.83962858029767,-1.4653956329727478,-13.868667712217214,10.177547202715754,-2.7967624872835297,550.0,-0.0025590208933539,0.7166666666666667
49,0.0039758720748355,0.1715647358027713,-0.0002518883279345,0.0918890681287891,0.1405392963333077,0.1906457936207047,76.90221125011848,84.43266760160498,60.687543664424176,117.51730607772676,142.85386197953804,-90.82063953273077,128.88749021450883,5.678369657738038,1.5775138236623585,3.926208781673435,-3.1797561962882552,406.0,-0.0078930238931962,0.6558333333333334
5,-0.0150761078871063,0.0345458282721906,-0.0119248142946759,0.1099996899876038,0.0577743104437792,0.0474528499852319,-140.65977223899478,-170.75654858447658,-54.960383652626064,-144.41423701711597,-87.32855172472914,124.1090596315474,118.87303983977138,-112.2491413326198,-61.74365478764048,160.24597641743642,14.1031751090899,509.0,0.1129908262003974,0.7233333333333334
50,0.0053440384244627,0.1865604336712709,0.0082697194950127,0.0863183384462168,0.0863183384462168,0.0704433587298783,-105.87235546515566,-49.99474998623624,-31.92076053924474,-128.5941333102811,105.66167055661164,167.41400726073076,-127.84357456973014,-2.3186825576555696,-14.97746589832726,32.63531907274197,3.5005268091015056,948.0,0.0431767693209716,0.4533333333333333
51,0.0016764533986105,0.1157728971560173,-0.0012471648841768,0.1717706810064479,0.1495548121767093,0.0484894336408129,175.30536211017898,71.95952823769215,11.294901744217167,88.9963690413926,-70.61936527347801,5.888903719220624,168.41480528227362,9.167806063451048,2.53783478415792,10.387098719215489,3.5607315766089704,343.0,0.1103228167021985,0.72125
52,0.0012951078346093,0.1225697346153841,0.0028515087081239,0.1359752300896989,0.1309846255469835,0.0631854589311123,-40.30374860327346,104.77561291897614,116.45925128161753,103.1126130885744,78.7215901557829,-157.113376763094,125.87050988862248,4.061527810962532,-16.778250426207975,-0.91740212207313,-5.582133396825057,238.0,0.1076495301803354,0.7541666666666667
53,-0.0017893877454644,0.1011818703912669,0.002917013786537,0.0860866077377625,0.0604003055709313,0.0642838747855309,-70.8598270064997,-84.66196267591287,-54.46759101273044,-120.7540813745663,-94.05513756237012,-135.99207326013243,-87.0425178879591,-2.973560021408428,3.5487648478736,-1.9629480415773983,4.173011798289458,264.0,0.1019951273258106,0.7025
54,-0.0002076342885321,0.1340282322551564,0.0023116320823221,0.0878975274837877,0.0524182659908746,0.0478810472342288,-97.76465904505652,-146.02008547694922,-108.99085503547512,-117.01280408659152,-42.072110260117626,-73.05428078281223,171.73532707851015,-9.570767875337436,4.484209517513758,-1.6432168581096005,-2.205789547096191,261.0,0.1008081536891283,0.7266666666666667
55,0.0005093620670259,0.0597573771798005,-0.0011718741929114,0.0468280160815957,0.090216363107537,0.1425244040748685,-81.04988086103637,-115.350687873943,-178.04597204068597,76.65450836988106,-13.303197044085245,-112.79010574581784,-164.35608517864438,0.5386561324922416,16.029137366521702,-3.09036365070957,-7.00548880081843,422.0,0.1106439784844023,0.6291666666666667
56,0.0040971318837323,0.1575077503653717,0.0005038757657069,0.0707717804370415,0.0707717804370415,0.0707717804370415,94.25918714811804,96.34398023933588,110.89576094781064,114.59612230034708,75.19849316050365,88.7272886107043,73.67351562541667,2.655720042778148,3.6655923246880615,-5.33267056624454,-0.4928278199203182,941.0,0.0818639117766751,0.8158333333333333
57,0.0025866699782441,0.1638285573073741,0.0014840190269178,0.1764705403044072,0.1561832942104275,0.0483021515963123,177.8911847069246,113.42052402431231,84.02386148670244,84.98385745377924,92.77504797789491,30.22269314191643,150.70806105448804,7.499850079301174,-15.377985210460524,-5.012555037563617,3.902262546438607,803.0,0.0822130556972897,0.7104166666666667
58,-0.0017613462004637,0.135061562399108,-0.0030513002902025,0.1644611819566697,0.0675750658467605,0.0342725264122992,-61.33782160136609,-100.41358764247536,-80.26531341314717,-178.05502785372667,58.707717540057125,-88.086303791478,-60.23505750070305,-5.028490429713562,-6.642183409704932,1.8533600063041904,6.319599325754645,608.0,0.117862265064621,0.7566666666666667
59,-0.0030538017492549,0.1292220172065396,0.0010895886374842,0.0596913162856956,0.0359796020934469,0.0608383990547213,-87.99162010579258,-85.9091788890057,-129.85870435387767,-92.59056866522327,-51.09279157229359,-105.470806042175,-36.09852419124401,-1.9870615982822384,-6.275977658152779,4.367376525729139,3.713089332496351,438.0,0.0731412857951245,0.7420833333333333
6,-4.395417455164153,0.1832136357750488,-0.55863539445629,0.0066702127515545,0.0753487586742608,0.1211864592096669,119.34908239042264,131.76783598557492,-126.18996014136916,-48.84599047972875,30.52980706261512,14.381394364130175,117.04436717069558,4370.2414084325,36936.86167596809,-15055.0708292526,11132.76897774174,486.0,0.0139953241234261,0.6970833333333334
60,0.0001589658042056,0.1251670708401918,0.0029089104655503,0.0318486870821647,0.0573121846182545,0.1140700571309256,-126.50527442748948,-29.383679817053057,160.18357754034378,1.7729509686221374,-100.14110931527183,92.6258610422215,-127.8698123656426,-0.7734653854269231,16.478233261267686,-2.5750991629974287,-2.209488724651849,611.0,0.0827568570980055,0.75625
61,0.0037133023261571,0.1483764526325703,0.0009546533120811,0.0943727921895277,0.183948282956672,0.2080993531263412,65.38738126219,82.8009653823492,101.5877620053896,102.32922477953802,112.42369257959672,102.75535755274475,99.23729453135648,13.046966329228407,24.99674881310891,-4.863748279251311,-2.631772486168705,463.0,0.0551890696960504,0.6870833333333334
62,0.0042513757904877,0.2003326387195552,-0.000911743166156,0.0708419497986914,0.0721793462547994,0.0505020157116035,-156.67420952047516,-80.6431270686825,-127.7640928602804,-117.23739330981844,57.79610184166786,84.25887174466729,-72.34152270457837,0.6178646743472302,13.040753663554074,6.442398483229827,1.91373095690244,917.0,0.1199361628161873,0.4345833333333333
63,-4.732653344676122,-0.0181613997036692,0.9584245076586432,0.0263665995936367,0.0831579715040677,0.1223407767676531,122.87000036434203,75.52552528640152,168.94512346432077,-46.49852628905813,-7.661540807402216,5.12848751975135,119.44113404943792,46907.95271892176,22146.351216278566,-11633.703799077197,8894.486440487162,505.0,0.0838419946914969,0.6841666666666667
64,3.3980559558325645,0.016773173595551,0.108695652173913,0.1478842887989287,0.1467249978498762,0.1594817736803578,79.46880139895235,126.78074536087613,49.15489844545904,156.82928182191517,108.52991889441248,69.61181337871449,93.98339739480473,15379.47127528848,-77118.5732572116,3812.175136566486,993.4986446355296,513.0,0.0990480069104054,0.7504166666666666
65,-4.061608708484523,0.0923513488740742,-3.0431965442764577,0.1566584878029178,0.0827466626795166,0.0199820629468128,-93.93914246832026,-79.23524918843407,-94.67808127585812,81.95376372372422,-86.33937092089705,-44.68523237611783,-83.49008840899302,-23333.18262015302,28317.07332435056,23830.505085060176,-1651.6988227399352,548.0,-0.0140137654237899,0.6320833333333333
66,-11.81252452299519,0.0511994860904332,-0.9520697167755992,0.0593023299493739,0.0236435724750666,0.1095810862677997,-48.78122458577364,-73.40057916989399,-92.60407016350356,-112.2620371832058,-94.03432421160994,-83.00781898905792,-102.130708188752,-36023.40091511479,-42613.29590280623,1677.312897106417,-1823.135338289884,493.0,0.0660115763754992,0.845
67,12.085188544940015,-0.0035623149703548,-1.3565217391304347,0.1297187086927341,0.1457066738285652,0.1324164896105827,88.44666613967793,82.22842777308925,83.31316679633242,128.01684781307486,72.0059995830635,110.01710468017347,93.14496605325095,-2430.545068299714,-29068.77653699084,40772.44368095296,5230.664235878332,513.0,0.0809546821019471,0.8120833333333334
68,1.078398930536989,0.0799786036861551,0.1040339702760085,0.1210682752083641,0.1393051526368068,0.0382501053804867,117.22018966932808,99.35336128141488,65.5637312997648,-6.439391409037135,101.48235364470408,113.297930062687,132.02052466380823,-14598.190136204636,52310.52929702864,-33497.36391742572,8410.01979374686,581.0,0.134446231366449,0.6116666666666667
69,0.0197159282279206,0.0849462080554935,-0.001337386018237,0.0822811572267244,0.0962304898633043,0.1064216177871305,23.121680057433,41.18327715097785,25.47946063777752,-7.947666394204797,60.71801380940166,-81.21004334298911,60.58568029420728,-120.53414122751504,-24.0417211815002,-145.84958312284135,-50.80661112368061,157.0,0.0348912780853602,0.5958333333333333
7,4.868117502039965,0.250235409315315,0.2346723044397463,0.1233217729404403,0.131610784154576,0.235259808743602,82.90281195051844,101.05278547569648,74.48265553341679,167.21400700945964,112.2480130628664,84.03170828076,44.68053934086512,15948.407987077491,-63594.62339074278,-1752.3381268903638,1507.4262816724713,530.0,-0.0191157995071247,0.6516666666666666
70,0.011947572874529,0.2367763695434321,-0.0159016393442622,0.1019260801799085,0.1061435787588798,0.1120599670601163,23.101159960482253,159.3264134847201,96.41959129415253,149.3355258769749,128.54998130446566,-38.96450390141087,115.28527418360127,-1.288313071034664,-102.74020091294643,9.994220127755888,69.90748140509118,230.0,0.0159297171614062,0.6695833333333333
71,-0.029642693449539,0.2908117032120764,0.0214159292035398,0.1226141409731759,0.0996936341104872,0.0811831214117692,-91.36131657509549,-137.43293229969422,118.86425212857124,37.60058800293664,151.5696196774789,-111.72740171819754,-161.14673382356602,-50.428519838473605,145.25383471123885,-8.741102234933372,16.893419195967248,377.0,0.0099814861341874,0.8004166666666667
72,-0.0334752816889182,0.1015821000645576,-0.0164039408866995,0.0869165284272677,0.0832943712660477,0.1156626041628898,-128.79476335648374,-7.225600750540128,-175.1683868572945,-111.10077192004914,-24.20253259584745,-29.67894300655411,-94.16976440389465,237.1100538966381,-60.35436204547764,-285.17399064279965,120.75991856368309,376.0,-0.027684504623534,0.74125
73,-0.0030861126061216,0.3336109811151806,-0.009156976744186,0.1084349322866634,0.1139869674034633,0.1166347008950748,-163.13338279427524,-62.40007751607821,64.13971206668471,75.84628035223744,-86.73293666457107,48.71271664191044,170.56613343170378,-60.91533659258685,88.14428951618035,-94.9935260779901,-15.650605416724977,222.0,0.0952614871204004,0.7404166666666666
74,-2.572961336133152e-05,0.1800541344579419,0.0277894736842105,0.1031319175708658,0.1111063675151902,0.0823213178346646,-26.485398749015584,-52.63158194797063,-106.72096575771413,6.55330757694048,124.28167370202904,34.34080197969307,137.13193456364428,-3.3200192220347464,93.75993947379348,-279.891680811689,133.90432868847265,105.0,0.0621688301832659,0.5154166666666666
75,-3.9816806715394346,0.2076025410237274,-0.1134903640256959,0.0064613098967563,0.0764587294717033,0.1212329925467446,108.11800974887603,129.47767719959387,-53.440811811547206,-46.82863989119711,13.312737829193136,135.72583747864067,121.5301343088349,5238.455575506428,30772.742946941067,-1097.6641202587673,-3041.5763899073145,479.0,0.0102516024769186,0.6995833333333333
76,-0.4741527630688033,0.299793403811842,0.1033755274261603,0.0422709549353325,0.1127372645462146,0.1235101566645689,-118.2882783884034,-89.7837775182038,-91.47963888049016,32.775767583631406,-67.87971340903273,-57.96098535839359,-59.8624770152993,-6378.917811357355,21224.78234159499,-1489.2808701845995,-1951.8785312995503,508.0,-0.0207208132452564,0.63
77,4.4745763815344,0.184952158234901,2.8516129032258064,0.1086123715232794,0.1781027615031147,0.1285501390399363,86.84824343425367,89.23025023263513,91.06355087086123,-56.89976713343915,90.21480684370336,98.76693483370896,99.33108689758734,21137.58237520585,-106016.8127250325,-3112.124401979453,-4447.55739093688,531.0,-0.0001424689297203,0.54625
78,0.0033010034896439,0.2010568948475877,-0.0293243243243243,0.0662348977931487,0.1044250875758261,0.1109396156807908,138.85786694801067,-148.78238322604065,-117.06005058540528,-41.83369404434177,-113.86253999102668,99.03787567982042,111.69145516010416,-65.26782019251382,734.9126201817157,244.5068443068525,137.53329848468306,313.0,-0.07126397443993,0.63
79,0.0178339033663778,0.4315048168862737,-0.0061777777777777,0.1097231410873763,0.114492729355181,0.1232233822459631,84.91067556686278,91.37670498566852,-136.75554917058642,170.12919448117944,86.24327488495834,55.29241636122184,74.11491771558906,105.22589543580298,-206.3962743644681,15.34092606825535,56.31830613048274,379.0,0.0572781441003144,0.6316666666666667
8,0.6730876404104237,0.1179484767183955,-3.1464968152866244,0.177892093882023,0.0941844789857545,0.0056500029497837,-90.986102811059,-81.28843159913369,-115.47760774694405,82.17551419731453,-111.73704109445782,-77.114737331249,-117.18073943999222,-20162.35010377793,84397.67209390207,21740.146345346577,995.3284418137388,591.0,0.0137109698387915,0.5108333333333334
80,-0.0335444929599472,-0.1187109068483079,-0.0124330357142857,0.1325429977849618,0.0903376762317926,0.0527024026485816,-125.10213796938534,-134.00273152002174,-135.4238322436479,92.4092640731552,137.3901768790955,-167.23597440005005,-54.32926179057564,-198.233222210356,181.3772617058452,-222.92061234694032,19.77073180463689,398.0,0.3157369497568431,0.5066666666666667
81,-5.799456587787981,0.0978022844592398,0.2662337662337662,0.0207727804035993,0.0783960265715933,0.1208547997055821,143.57274547103046,120.2134206519107,164.47043508381503,-48.77144621691523,-4.645762048895873,-5.624587211202247,115.78709556789096,28985.581158888806,34375.65493165745,-5343.16093879515,5817.466986918042,512.0,0.0744600263785852,0.7216666666666667
82,5.213166461223285,0.1167747195817005,1.0151515151515151,0.1401430985228654,0.1447104458748565,0.1695904925198188,79.93894145978098,108.08433809864547,69.57890929428575,156.6839636741698,119.34746522349532,65.17278806726814,86.5396857424444,25747.39110423354,-80758.63053579623,-6647.97933097808,568.4932989580427,549.0,0.1045790173782276,0.8095833333333333
83,-2.341107918540253,0.1073749760851089,-3.480769230769231,0.1512743815892717,0.0818981864031794,0.0203595535086961,-98.204441877474,-83.36767099989721,-97.92076436757644,83.39950595659255,-93.8706412942255,-8.582409540319217,-88.27118355175611,-19212.8054693616,32641.59782058732,24880.654105958383,2032.270154129783,584.0,-0.0025585657455451,0.60875
84,12.351162780603827,0.0482722843959982,-0.4967032967032967,0.1331417900550807,0.1471781748928351,0.1356846453475926,77.58830757733489,92.66247527936235,95.17820729262182,152.17297247398568,123.05498652277753,10.591993861092256,47.316946974031445,29258.3960430933,-9563.857066792552,15297.547137589736,20795.25328519173,509.0,0.0728892701640608,0.8208333333333333
85,-3.5233267938679487,0.1371854421414798,-2.355603448275862,0.119872178129733,0.0460260388141712,0.0301635095805678,-77.42311774650565,-108.88860589780356,-105.49026647338592,133.41762531979674,-105.3637146939204,-63.62499034686335,-67.52881150922221,-30655.87121860573,-48039.0025968367,-18068.026325917308,-13680.32041253239,561.0,0.0828032526193773,0.7075
86,-4.884317870101911,0.1082078228230291,0.6104783599088838,0.0254899744833804,0.0703863216011453,0.1281028882229213,63.66092627200836,69.1264310804604,42.617686851259606,-55.635201970687554,-174.20603620660853,35.08282603306639,97.659792483161,-6775.832610122061,33012.524595560564,19809.681691056416,4656.4722271688825,550.0,0.1105848554735975,0.81625
87,-1.016037170784215,0.2336540043576372,-0.6595289079229122,0.1397665676557495,0.0696848923585943,0.0058888111435844,-82.65265169524405,-87.44826255878954,-87.49142014624081,76.23174875769809,-121.18555237110766,-108.56375807171112,-94.02531826928256,-19764.933380602688,26408.119257818777,4146.241871240396,10038.13551934718,540.0,-0.0140189453644437,0.6641666666666667
88,-5.460187242834077,0.3394489729108751,0.1096774193548387,0.006389973043158,0.0583552471148194,0.122282533520003,175.57840758362295,-161.1890503597256,-27.45259980229073,-53.92458045405152,-27.434449053065872,-50.794000213194856,104.49178617829229,-1160.6606117429108,-44890.68364508402,-652.6400562198105,8579.936296421683,508.0,0.007535087105525,0.6875
89,5.444493393982534,0.3075225174001397,0.2723404255319149,0.1306370480792444,0.1346350343472765,0.17776802240627,67.9691642182671,86.26065603203202,68.90227350508438,163.5984402721255,84.110536203894,116.6797697796209,60.027624288184704,9767.673625317557,-51855.12104551776,-8589.102302981444,-2420.7149279075275,491.0,-0.0750009367731481,0.7691666666666667
9,-7.625417541971214,0.1113586973378638,0.7585470085470085,0.0815721025541852,0.0078540648602915,0.0740200294920173,-79.32276013575496,-81.16363448120767,-77.64265001681758,-147.2398309295125,-93.78489375410707,-55.40243353952869,-135.55068249342227,-14346.39290837559,21929.66643994535,7004.008972183629,436.522099016476,513.0,0.0622014240724414,0.8508333333333333
90,-1.0791736835708954,0.2558498031367644,-0.8390557939914163,0.1411193038070396,0.0685740446493356,0.0059346062324267,-82.67941528873783,-86.24480070578754,-83.78711066951153,77.59290191979245,-120.19963735312844,-104.14989687827104,-92.41382661765248,-18228.161062900217,27719.976237181178,2759.1893072270705,5421.9517024063525,544.0,-0.020539127415944,0.6683333333333333
91,-5.04065174742617,0.3008601994110335,0.371244635193133,0.0073348256374251,0.0674793997799366,0.1233972348060139,-145.1493675391015,-121.5396681418678,-161.58285269430587,-44.008725144239406,-152.84556351943405,-75.67206166473245,138.85926901677797,3027.1285683426768,-82091.28518512165,-15267.0625967804,1801.567962491153,510.0,0.0043405347560406,0.6775
92,5.717649177937116,0.3146689313729801,-0.1144067796610169,0.1304108377928731,0.1365727322903372,0.1744885107534093,69.50112611950412,83.81020150098009,71.26340833273288,158.37164564786673,92.68448480497314,63.15623385741651,53.16619997771012,18481.449318938,-62583.72860176283,-7932.520309246369,3019.818093463396,470.0,-0.0526859068429717,0.7770833333333333
93,2.3838070105383773,0.2620021850581751,0.2494432071269487,0.148077305251172,0.1551595514239908,0.1384162251115753,111.22953766973887,75.39124902467557,65.17484571378125,139.79408370325035,59.03637030193026,97.6209556720696,102.87507768200584,893.597378256464,-19269.90979368525,-6688.451749426184,-3206.1562289858784,505.0,-0.0135792347522131,0.835
94,0.4269709543568465,0.1475665033810241,-1.2352941176470589,0.1315005028371916,0.0811723334012353,0.0085507189413624,-112.60002605609148,-88.38103309551543,-73.53535876800119,72.15573967207101,-106.9397264493887,-72.10596121697915,-97.76322711637506,-6318.128786511561,12380.587425894442,8965.014868766744,-759.7386476391772,542.0,0.0560916947253143,0.5879166666666666
95,-2.237247174430112,0.2586352037821705,0.9099307159353348,0.0432305535781205,0.0814814570413147,0.1282108839772147,156.18457741139164,-69.52249363278655,70.52451940550222,-50.34058087752973,10.260814216400869,-179.04737071311922,125.9327464344701,3381.2773581371102,-3745.715970965481,-8006.39780975425,-2182.6585821731423,500.0,-0.0130777623684486,0.7654166666666666
96,9.107854303026093,0.295977262065579,-2.7467811158798283,0.1344352826252771,0.1521232732954396,0.122833216357939,119.19683887443634,82.51077181177165,52.96213460063099,143.9479100388777,155.4982199015545,70.78402885415582,102.872184102171,10403.15896893194,-94352.38371510664,-26968.26536360354,-15328.01392241322,419.0,0.0770710759115573,0.7470833333333333
97,-0.5904178023924036,0.4224956430581513,-1.3857758620689655,0.1151811629148481,0.0787345066275334,0.010129535156285,-132.01039935512634,-101.93194917576352,-148.09401035332536,42.53439388301359,40.67036385408004,-97.0661289608355,-108.14217358529471,-66506.20525072853,-23009.88619383247,41850.86656689146,-8908.581910658591,541.0,0.0479904314913769,0.5975
98,-3.1400076390215106,0.2558129736372153,-1.7320261437908495,0.0105546018803526,0.0925641133915469,0.1692832813340749,68.83121400147232,91.32828669104876,42.95544811016804,-57.66025928478874,20.366962379460684,-111.456122899817,17.073864845317694,17772.519218348105,238803.26692596968,-9122.42854248724,24361.61629262104,377.0,0.089626714794409,0.6908333333333333
99,8.447613673848505,0.3194704170015242,0.0,0.1346099241212609,0.1523528663462227,0.1228672168668023,116.4472169618247,83.77939502648007,67.93076870614443,143.84369149142466,150.34937008683983,73.14549912025794,103.222831653375,10677.799126861855,-96257.0813409415,-25416.264190265807,-16029.724224110709,417.0,0.0552677506243645,0.73875
