id,"y__fft_coefficient__attr_""imag""__coeff_89",y__sum_of_reoccurring_data_points,y__index_mass_quantile__q_0.8,"y__fft_coefficient__attr_""angle""__coeff_49","y__fft_coefficient__attr_""real""__coeff_70","y__fft_coefficient__attr_""real""__coeff_58","y__fft_coefficient__attr_""imag""__coeff_80",y__number_peaks__n_3,y__spkt_welch_density__coeff_2,"y__linear_trend__attr_""rvalue""","y__fft_coefficient__attr_""imag""__coeff_83","y__cwt_coefficients__coeff_7__w_20__widths_(2, 5, 10, 20)","y__fft_coefficient__attr_""imag""__coeff_69","y__change_quantiles__f_agg_""mean""__isabs_False__qh_0.8__ql_0.4","y__fft_coefficient__attr_""imag""__coeff_73","y__agg_linear_trend__attr_""stderr""__chunk_len_50__f_agg_""var""","y__cwt_coefficients__coeff_2__w_20__widths_(2, 5, 10, 20)","y__fft_coefficient__attr_""imag""__coeff_32","y__fft_coefficient__attr_""abs""__coeff_59","y__linear_trend__attr_""slope""","y__change_quantiles__f_agg_""var""__isabs_True__qh_0.2__ql_0.0",y__partial_autocorrelation__lag_5,"y__cwt_coefficients__coeff_11__w_5__widths_(2, 5, 10, 20)","y__change_quantiles__f_agg_""mean""__isabs_False__qh_1.0__ql_0.2","y__fft_coefficient__attr_""abs""__coeff_34",y__has_duplicate,y__has_duplicate_max,"y__fft_coefficient__attr_""abs""__coeff_98",y__sum_values,y__energy_ratio_by_chunks__num_segments_10__segment_focus_1
4,545.7141492991811,404414.14954567305,0.8335618316424458,-136.12485794286766,172.15879635580683,1017.7482514813292,1119.009878224259,1797.0,79.66973828643889,0.3549209264982654,575.4719673942271,26.034092032733223,929.42046619728,-0.0007697245023681,766.2339368460493,0.0011895469100027,13.026050745164824,2093.2051689399923,1411.6725863755798,0.0004381710007514,0.1551813676400728,0.1190829189126102,4.742623339933852,0.0021964418248098,2384.232036040012,1.0,1.0,876.666980549774,413904.1997928656,0.0796489423746616
5,881.4435111031164,372501.5149865515,0.8145873320537428,169.20452497696914,1061.0827930679434,-2761.323796100912,996.3124550187576,1586.0,274.2842057773907,0.1058652091627472,-542.0919162309547,36.549881384801004,-95.73197637162366,-0.0005091042171957,1832.004116570734,0.0099249227824047,12.01212947979384,-2770.041980456116,2944.219293869458,0.0001456680191701,0.2632397892139655,0.1374376160511767,11.550723574022138,-0.0040830062062081,4207.305118834265,1.0,0.0,1971.791654356768,470769.3045091425,0.1012312155293926
9,33224.435318341435,76441910.0,0.8006032355360571,-15.418676720104674,22849.82293879411,-155226.8107635281,-147507.2185940108,2227.0,5233124.483351882,0.0177316488764105,-202791.0836113368,7336.939081961778,-101207.75249907035,0.0920305023923445,-99080.76720961503,25.65525415325816,2032.6971767054608,-285530.1467678659,270582.4435177366,0.0065688136101182,3615.698982310555,0.1055575467906433,2099.9483225187187,-0.2530796228752323,408385.2712686788,1.0,0.0,125234.4427901138,84150428.5,0.0941618343085383
10,128787.10102473316,63389313.0,0.7889772415684124,122.94697586443064,14295.97758714146,114756.78621639057,-70293.69672326201,2150.0,3440650.995151297,0.0138048131372806,-19606.650202532404,7986.665836113596,-68800.06251106487,-0.1738809277589008,-110728.9298939988,19.982262135220424,3053.765329207161,-159324.5761484064,69116.28687631906,0.0040582679930454,2184.665891272077,0.0936218275477829,2580.486397772656,-0.0664646325504511,153842.15234782046,1.0,0.0,23975.49324262076,67521008.0,0.0921056940693244
12,212.5236127484996,595879.13,0.8064034505640345,-104.71343387075817,-81.17289110481158,387.7926128711091,44.52453291573262,2617.0,43.67363620943702,0.0342129476582636,-378.348922461101,41.500405486037,-565.4145279260758,0.0024230793234725,500.82224481259686,0.0042089084589785,12.303416001181512,62.65972531978596,286.44696328172165,2.063102685324248e-05,0.3408881637501254,0.2073678879807597,13.615191566054692,2.446821591049e-05,679.4051011717924,1.0,0.0,235.66125469921,605013.13,0.1034972059076267
13,405.2727012995642,593493.6,0.8088477140664401,-127.63534270933654,-258.81964339581106,134.70401967420912,-93.4227946704378,2627.0,47.310392351287575,0.1313451236326132,-225.2668838678821,44.96728008373489,496.86893559261534,0.0063956197187304,-462.74625187803656,0.0038783982676245,12.206846815725129,8.820818551138842,798.0868537063775,8.835328777391269e-05,0.3818478931248668,0.1850556784734316,13.944526547564932,-0.0001386368585323,1380.4703331701758,1.0,0.0,717.4909675902912,615684.8499999999,0.1024049487232576
14,511.57988152625455,615341.5,0.8003264417845484,-100.17362510896398,-1172.184076326609,-433.60088496306776,877.7581382391548,2573.0,47.198469344234894,0.1480339052745729,346.10430161844454,73.96719547317005,737.4508076658058,0.0039897326617589,764.5956073732065,0.0046229566602281,43.24295997642374,1398.9770274056818,756.3761729262038,8.49293443861074e-05,0.3806523691071863,0.1704134289455836,36.74182902314119,-0.0017686556329848,1003.0374485737518,1.0,0.0,829.1238904095521,631181.54,0.0896492927216487
15,525.1177794057805,665373.3599999999,0.799561283246504,140.53552525709168,-326.74312967420497,951.4420232570112,-206.5442807726137,2511.0,115.92279962739023,0.0029637354584991,-878.2144963390887,52.01039693254455,802.9741619746148,-0.0016084156933213,-1710.1283190730817,0.0066773326889774,13.705638921702514,-1229.9401071095017,750.4040190815807,2.5048064804030178e-06,0.5317455156012065,0.1715909357222839,14.60967106273177,-0.0016621188185169,590.2997522360413,1.0,0.0,301.47307501851424,683033.9149999999,0.1021040770190711
16,-514.977498940653,631214.9,0.7928160131615026,178.63081210650458,-696.530980658932,-916.383543637619,40.37957870971295,2538.0,67.17435656620952,-0.0499738676236722,1203.701157655145,43.04164619026519,278.13388469236617,-0.0024528672427336,129.78623008675595,0.0063237353008885,13.578918871857496,-544.1007878236944,253.55095888328228,-3.4392455497308226e-05,0.6077014226895168,0.226701594898998,12.798610936008949,0.0018913816888114,638.1505884223424,1.0,0.0,368.04351887151824,642627.87,0.1023994540010107
17,-23.41632915214737,584056.6699999999,0.8080614203454894,8.825723815506247,105.57552828858331,-195.21011214640163,-819.7529330863572,2536.0,48.64131060072041,-0.1578892590945426,-462.19562153274967,20.75065753448449,-33.239248886264306,0.0006081447963801,-854.8710593486917,0.0093813498819515,-6.415845555390872,-44.55389310481337,928.1094549921849,-0.0001199074886764,0.51520278961928,0.1676139349007023,14.166650562942596,-0.0096042428675932,739.3827087280501,1.0,0.0,325.8571169013157,595324.455,0.106741001996703
19,-178534.95743538195,63589834.0,0.7904579106114614,-156.93383973593384,47893.85351187732,41894.1243026497,-29991.98930554245,2148.0,3364414.818936048,0.0075390697802189,74155.46413021733,6770.561285612985,56587.31066906655,0.466538062027007,-11817.607913236783,22.06956351447389,3296.6264891697942,-181628.8975757073,67294.159836294,0.0022155322202239,2336.544683513907,0.0963103894305846,1674.2635595188262,0.0552801872504474,125579.596320168,1.0,0.0,41744.76244131821,67687143.0,0.1004325984591359
21,498466.2903571265,109422088.0,0.7948999177406088,-98.7209967948573,167916.3520312226,-221571.8892757804,33403.019981538695,2082.0,7467674.54971892,-0.0224016000529773,29343.6265118861,9502.66050382545,112691.90603237072,-12.431037059175134,21371.02698519165,118.07253264171358,2602.9284411154604,160661.30271038046,145612.71563733008,-0.0092755086951879,16945.04006514768,0.169581608863794,3409.386630665951,0.2466473109359878,283075.4610385356,1.0,0.0,56260.66417099066,124307945.5,0.0863987409079386
22,157865.3981536411,97504046.0,0.7894707979160954,-0.6800001211659564,126885.4721528746,-18009.21997447686,118154.95411365604,2238.0,6474924.433829898,-0.0683690130615072,172770.58872307796,6574.552689886056,115274.87610775462,-3.672265637116536,218686.57019322805,69.1043118913856,2729.870453745957,587643.827104077,244993.41278676607,-0.0253558037188596,12612.651685917508,0.1435753757864075,1970.9855056579663,0.2586995702204353,630250.404246748,1.0,0.0,58257.85937911944,111841564.0,0.1070297261385911
23,-332335.4038169112,91098148.0,0.8629010145324925,140.53856078064385,-23522.85289660965,-30501.94207891101,-105015.22737348425,2455.0,6566129.77330792,0.2597401595595999,-18155.45263218673,8708.398206729122,-215716.7995805668,-0.8676601423487544,-19622.57401877334,53.5261903657314,1985.560089987482,-535019.1133981168,334630.6646419076,0.1029756776561964,11311.69293883365,0.1392240629191578,2690.005274459584,-0.1816607798323983,550404.4139057708,1.0,0.0,162536.7135645472,109902194.5,0.0954925881742539
25,316929.3753391664,110554612.0,0.7911708253358926,105.85146087139154,-11262.991176653206,79076.6382886727,-20294.328094956138,2069.0,5853824.006787883,0.0188089508133978,60808.69006451586,11327.675907165343,-39241.44636083726,-8.110267314702309,-46436.08090377634,56.67149064180823,4331.1604734582415,-56852.29699418022,182392.46333699548,0.0070470703244556,10184.361251461592,0.065549473483594,3484.7719515533595,-0.0375407674692942,180371.3342891884,1.0,0.0,82347.30650143589,120617909.0,0.1003474418814145
26,-535412.8530717978,99438311.0,0.8128873046339458,177.65023506528024,-22637.429213962256,118309.4815518489,359207.11154755275,2158.0,6403839.736197229,0.1199069015697888,200858.0090083888,3193.961620101066,412712.2443626197,-7.246062407132244,344633.3425210464,52.17718600484767,146.28025671083748,732510.9192473837,352950.5459078877,0.0456331603327135,12880.55606573547,0.0747503715734609,1155.6846182178097,0.1682213930348258,512812.0954324316,1.0,0.0,183007.0576294661,110718157.5,0.0916052819185425
27,-38.790302726120046,52677.96213674556,0.7622155196051549,26.438806350494666,-109.0083361926323,-79.1559659397956,208.12178103917853,1294.0,2.4214507736545547,-0.2121220973860642,-30.38556035996345,1.9800766541133616,106.39729527905068,0.0001894402686066,-107.70696088797992,0.0003182450688422,0.2649877583445495,-189.2671190567914,277.2716688053153,-4.3833041765305256e-05,0.008871781162146,0.086117958809271,0.7666344418991368,0.0004664914836708,408.0583117275105,1.0,0.0,50.27060720719161,53683.98436117186,0.1325039445762881
28,85.19374297835034,42429.55303943159,0.8045516863175213,177.56871508555412,-0.8307275013644926,-31.45935695531663,-103.9704176128174,1086.0,2.0086916846158203,0.1583604725286763,-97.11817743062478,3.80691005676144,41.15594089664656,-0.0001502909108511,-28.528606138162505,0.0002010341436574,1.0585197606601116,215.14040285874245,133.83035006015956,2.841735525755263e-05,0.0101584129073071,0.0230333476385179,1.2931367273557195,0.0001353637982544,301.02426133844443,1.0,0.0,25.3892680665413,49049.60159528264,0.0835323432113221
29,42.19289807303912,29353.401518955863,0.5329311763092953,-103.09599326395454,46.77044247184399,-169.88219240828892,-60.19321861285336,485.0,6.317247853112186,-0.6169629289342681,-145.68487380710803,3.6907242358222265,-227.4914324283957,-9.993209386017548e-06,-49.11384819381698,0.0010923100506137,1.7640192262243632,-504.9906787452795,251.8458504364136,-0.0001735786076414,0.0,0.0345667768133165,1.1143911431389455,-0.0001508171547658,573.2052710965908,1.0,0.0,351.69728201541983,29644.88939815017,0.1517010549913904
30,168.02245859777787,50594.1409168246,0.7771318892240198,-87.2993276405105,195.8411890574061,159.75973236938975,2.230008525437526,1258.0,11.06199835669107,-0.1219449277604986,-397.4946550219104,6.481757493400974,-238.5990659247884,-0.0005071012934687,-443.3232043167109,0.000500885957322,2.028602262662159,-4.751159538471442,318.22816436159263,-2.706159594838555e-05,0.0092714742257709,0.1029140214580684,1.715015446311119,-4.276806908698088e-05,1727.335031066813,1.0,0.0,294.789939619689,51055.66309583207,0.0974220022558211
31,7.856042064290698,49366.44806981098,0.8133260213874417,129.27461981996183,8.719469247402841,-174.1745823080053,-82.21891431954711,1116.0,4.503575142358023,0.1585670574091499,97.82083804386816,2.046147327566988,123.65469862810494,-0.0010249681984191,146.31874097413868,0.0004975138787055,0.8949375418519698,-199.6530624506977,185.80311254646057,3.16645255731002e-05,0.0082548166643908,0.0918242470948302,0.6275182215913776,0.00032453728132,296.70717629490537,1.0,0.0,121.04716975849472,50137.4877902269,0.0907203110546955
32,-294.9054707317618,45016.87936861328,0.8425555250891144,75.02692792667179,-0.2176578884620212,-107.57004763990572,89.53878491895033,1047.0,7.649927277330714,0.3067202001857506,-143.67853380671195,3.287033049542167,160.71649089765612,0.0001979974908563,305.3499385810807,0.000344883474315,0.7331636895002235,-567.7396649628994,153.96707058683083,6.999582208451321e-05,0.0079727601592877,0.0738509133604476,1.024060223499297,0.0003104131186129,695.9251174915742,1.0,0.0,119.31904863794033,52160.00050893438,0.0526323567709002
33,390.4539563016114,573385.64,0.7963805867836578,7.448721511006939,425.47451496724346,-488.25152858538513,-632.1481970454939,2686.0,52.54431348780735,0.0212629410442245,-150.9550242959398,46.32618003630127,157.30048105589222,0.0032237339380196,537.1001629201132,0.0041544366857146,13.244431962308022,-1159.4066274283466,709.6728991538962,1.24696933811759e-05,0.2861861525922991,0.2090963161603754,15.492556291095834,-0.0033958969882147,1712.1781618443997,1.0,0.0,852.5159871982373,581541.265,0.0927500550351137
34,96.86706683516567,581709.91,0.8105840416780916,-132.51153206589095,235.77444252074585,847.4110208246193,31.905309251167,2657.0,44.71545891118448,0.1355497857915892,-128.10785899614888,36.847243007128206,916.9277156917752,0.0054730209442669,578.3030532940888,0.0039700839041715,9.410284391731512,-1075.7242408570469,416.89893533367416,7.938628017974825e-05,0.3330528005056882,0.2477789540061233,10.073213953692845,0.0018593278917567,1265.9991308914975,1.0,0.0,370.9188735958232,602320.305,0.1008431192769856
35,-417.0949985434109,607423.5616666666,0.8096517685769126,168.7907212077056,288.2966299205429,-106.4308134354056,-541.2735324016537,2615.0,22.8310354225682,0.2645394450611893,-245.58073789306377,41.66101071409568,102.79006096864023,0.0030712966908109,-35.821535923331794,0.004361397252577,11.606225232835566,-754.4458952617546,789.9369668372104,0.0001413602290031,0.4130946298863124,0.2026494648002598,11.059892440987117,-0.0028361718197987,849.6601575234058,1.0,0.0,7.560750777258376,621350.255,0.1056661874861469
36,-1420.6238338072244,678375.74,0.800721272061636,62.5307081331348,-711.4832507725192,-1000.747637745868,426.7776761397741,2515.0,65.00043915063738,-0.0380132566273987,-204.6705563796948,50.652221796436336,-49.30025293949303,0.0059577562764813,-416.45547181555617,0.0048005307336345,14.992490885593291,2891.736494000469,611.3518932521362,-3.0528800480879935e-05,0.6538936326180839,0.1259852544766883,14.494676250028515,-0.0013113934894346,1436.2066336840592,1.0,0.0,337.7456832423737,694220.61,0.0976562888638487
37,445.3598695533078,628390.2,0.8106235565819861,103.76217396836876,112.35682217212036,-348.43758146001164,1317.9671005958114,2603.0,39.93302958173182,0.1819183808658314,530.1209816996575,35.130412932012376,295.19201380883794,-0.0092355662844498,-165.2686551869481,0.0035798116583731,8.84245202971177,-201.53927015678792,710.246164659683,0.0001181649454752,0.5616940268643025,0.1773625559493321,11.21619823609752,-0.0045563436346529,1375.05130105256,1.0,0.0,706.3920736208795,637516.5499999999,0.1060839782113077
38,1389.8042098777344,587513.8999999999,0.7933476041495142,31.78482152165507,-312.2673340020329,-1036.437635351714,66.13699323931442,2551.0,45.47479824161076,-0.2919621329412352,94.35314116282596,81.2570889377396,26.85922917537084,-0.0003931159420289,32.775082222114065,0.0184325582830402,43.561964500787546,-926.5120944184036,94.44399293768446,-0.0002196754842142,0.5396817078077493,0.2583282691064251,26.04889698463532,-0.0070117384415958,1081.8238809411791,1.0,0.0,415.7577477242845,597266.9400000001,0.1211369922877935
45,100.93137646133484,75480.2973971356,0.7788509575353871,119.8014570695319,-66.9201892908213,26.402730300609807,-113.05352060382606,2179.0,2.2244129327965485,-0.1506191131222513,66.18729455216632,2.9938664398722645,-5.926421112632539,0.0011698521551736,-98.98081921252124,0.0003124971447831,0.2368168470566543,395.76798823489776,295.7502464255948,-3.2488528737656825e-05,0.0223509671811777,0.2069357057984074,1.2974150566012834,-9.866219004995784e-05,529.2088988173932,1.0,0.0,74.37443621884067,76603.95071887899,0.1201052506199735
46,86.96768370916193,72758.3213593946,0.8019791501296503,-136.23620469155722,-87.09081455855855,-73.70584513757296,-10.765175067421994,1961.0,1.6618276913547796,0.1707440640264244,-66.69055548391356,4.380498191372348,-132.3542381590206,3.032534439144638e-05,-66.51067986219194,5.421801782329443e-05,1.0840894905623464,202.2254355996461,158.45626381328952,3.246650195399102e-05,0.024601746368832,0.322658370236533,1.3274714433392572,0.00050919682511,410.4676539171946,1.0,0.0,159.7245398399945,84478.90879559402,0.0930674284853958
47,168.9674422338352,51101.52970701301,0.6838822074856693,5.529243717774907,-131.1084533295353,39.15022965918382,18.13288026773178,2079.0,1.6740979152597135,-0.5571433243636771,-25.359117865584995,5.393826285021433,75.18151534719243,-0.0004286071587698,2.853442436724899,3.626704611793747e-05,1.687497778447779,443.92970049784986,127.64150428313836,-0.0001273506048753,0.0166559634057499,0.2421541229322353,1.5061477646718215,0.0005033287845988,690.5255798850399,1.0,0.0,112.50036261626688,51560.01382934904,0.1296610224080777
48,-70.6372405503302,64691.51739597149,0.7857965451055662,-70.50131241494347,31.56416999660121,-119.92980070599025,81.97919876258233,2214.0,1.218577584112507,-0.1607792639178217,-18.880447459135496,4.987888139728413,-139.54789739831676,0.0029868714115363,-70.83874762622465,8.517601178782604e-06,1.389298550384087,20.436935595213058,72.99089765063023,-2.454101090472979e-05,0.0205842518365519,0.279000571118931,1.5083131643117518,0.0007606605900153,211.73672964375595,1.0,1.0,18.39584564092416,64864.0921224338,0.1242739190135666
49,171.1025554124689,64616.97993576357,0.8143131340828078,64.50551456268948,41.68463848281198,174.95412214308132,61.698649928938025,2269.0,2.4164800578295305,0.1170222643793016,109.79648331277716,4.56030495842178,91.68530553664188,0.002807104812596,133.7086860635417,0.0001049035703965,1.812162454489828,394.8340115252202,281.2858362239578,1.850755921143038e-05,0.027862743227424,0.2463171369526881,1.3800768175127651,0.0012794379957088,817.4304517796179,1.0,1.0,272.2445910881544,65266.898608086776,0.1026153335028422
50,-97.4784283200148,56314.36610466476,0.8116808335618316,-105.0802344160509,-308.54862813633406,0.8009974962769633,-177.90461530168594,2015.0,2.0015322576154766,-0.0838883131353139,-129.9745776589706,4.5536750105254,7.481620238095289,0.0014276653109285,216.9862950941545,3.4784487797071864e-05,1.4475110420216992,-112.46154808933072,124.71488886332835,-1.4801337959447084e-05,0.0252807161444571,0.2240692821168288,1.1644003774872205,0.0009072622672421,99.1104789726751,1.0,0.0,43.93792327161225,63428.25574195289,0.1063999997254615
53,70.3501057372651,18577.63239934353,0.5976384593758786,49.61359696565228,-11.285110217184972,61.77560932382645,43.499087262787405,2002.0,0.3029102120737929,-0.524737015420023,22.18302192597856,2.058021515611405,52.28577117134115,6.727973318887226e-05,-15.70180689122397,4.070535615925117e-05,0.7536750398192692,323.48498371371045,47.70284858844152,-6.408113820150793e-05,0.0065207564278541,0.1876287923318315,0.5596079998388767,0.0001347147538113,470.16857908565567,1.0,0.0,93.56187036336804,18700.4812774068,0.1330838442628745
54,-17.682644707375317,26461.13095116817,0.7920482588428845,-68.81370895197118,-11.207489636621784,-80.32794372917695,-54.89360281494039,2023.0,0.2320415062397975,-0.0884772533279603,-11.366481511832086,1.8217275905060712,-5.367838090422225,0.0013295632360755,-4.740690012893538,8.557210021474839e-06,0.4375600146171538,-125.52309631655702,61.81066980855031,-6.5897421135549865e-06,0.0038600705495408,0.1915218269056777,0.5299968906496584,0.0002217709031599,183.44087194465052,1.0,0.0,56.94575783929606,26587.35652113168,0.1308042828189751
57,143.13957919725334,52005.555268643766,0.7742880840475532,-29.50693005788869,-67.59030558310397,26.85301212349773,26.95090348659398,1974.0,1.4021355524393269,-0.1205377918651177,86.31854153981907,1.4673766141635862,105.49116130732592,-0.000481232368391,-59.894380280191406,0.0003051537987558,-0.0615205991785885,304.7546966938895,186.5312973193073,-2.430384579379655e-05,0.0096969488410222,0.1752941635935922,0.5170196518742288,0.0002894635382696,401.4314042236979,1.0,0.0,47.39026672532218,53536.98662292789,0.1263097755698186
58,47.16621645431163,43599.21375948081,0.8148442466624285,37.99723415844961,16.381566652784013,139.74259594766406,36.59548922707093,1844.0,1.1491312278979706,0.3353117578057036,62.71479437606924,2.547342746833408,135.6101244453739,-8.027290475673091e-05,92.77814941454344,5.2598012130071335e-05,0.6222936050882251,232.442197377019,251.796460051712,5.945139169044469e-05,0.0108193986733617,0.3459107342743776,0.7208508063688774,-0.0002820008684087,251.72119797269823,1.0,0.0,150.0520652381283,51333.70136755383,0.0759692425268648
59,14.808540835481466,22485.156547277573,0.5520428289659058,96.99220130659803,47.41228563689702,122.39441071931796,30.8351424921588,1973.0,1.130608977337349,-0.5959619911940526,-4.406192036713327,3.08626784758293,68.62770285603753,0.0002617746326959,62.434286232956254,1.9183022566793848e-05,0.9194729756918436,275.8522984710974,119.72071444488766,-0.0001119659077843,0.0021534175744394,0.1658702885264658,0.8700196383612349,-3.9994440677681714e-05,504.186304914985,1.0,0.0,133.22150661769868,22571.035533181748,0.1293216080506158
60,-63.3812773828149,36695.96197503838,0.7742253907321086,-50.059665503901904,-8.575269133593409,-23.63127922680381,33.71731004057516,2035.0,0.6320811882564986,-0.1931766186192865,-12.012769902803852,3.422444555399988,-47.11220904840207,-0.0006041922768024,-33.19007960693085,7.577597131944135e-06,0.8676989350260484,-38.53666935726237,150.00012791068116,-2.700455057908228e-05,0.006977052027553,0.1712265393087536,0.9173711177947722,1.759913359815429e-05,311.04692452643854,1.0,0.0,74.51393765607507,36793.00611496002,0.1447015328839305
61,134.45916826353923,36938.19689332922,0.8165615574444749,127.60358297198982,87.52855498112947,85.43898769792182,19.203690628973504,1917.0,0.8019253387427258,0.0365305005290569,98.10661152158043,1.6273462046767118,-8.912876089533555,0.0004685613676288,-105.46353575484218,3.654886505550749e-05,0.5230827659797753,247.644454751696,141.15220314120987,4.9347070475294805e-06,0.0094967557036712,0.172762615521587,0.3081619438875928,0.0008352422353034,509.40252014843134,1.0,0.0,61.6402436245682,37425.29229640984,0.113607185392207
62,52.9449808950345,28095.055931215946,0.8190841787770771,-41.96580828086866,-73.85734909340368,20.012178477727307,47.1350139234932,1846.0,0.8332850415969291,0.0047618389294658,14.047398448344875,1.698248621395262,104.54159078706904,-0.0004505083638969,-44.3956190470764,1.431792777677183e-05,0.4892459740252709,-113.17972056989802,94.93326674941892,5.819604694869696e-07,0.0103411365473887,0.1673710995943228,0.5074739754842614,-0.0001494111447978,77.14313339143001,1.0,0.0,47.268334778056754,29630.98959592924,0.0996537954602535
65,-300758.7551777934,89780814.0,0.8631752125034274,139.89314866995528,-28882.29479812445,-19841.746263022484,-91262.42315013372,2460.0,6517075.078474032,0.2591469696337454,-3798.56327216974,8710.729801630101,-211795.9084207236,-1.0321380746912665,-6685.637811471235,52.15656970197453,2028.7604733969367,-509674.3472382245,312643.9340501049,0.1027461064602896,11092.82948286314,0.129671832638807,2572.201273907516,-0.1606834059625095,561198.3331799903,1.0,0.0,165524.73794490562,108641621.0,0.0954478224575988
66,105858.09181450686,116442508.0,0.7984618741136686,138.15380685019068,-87571.6431201166,31703.445170044164,-237705.1994384476,2160.0,8779679.127233991,-0.0028605955007611,-105361.56892812236,11153.203117345864,-81478.82646265821,-4.191188379390626,-64307.082250244464,94.74976997034,2750.6014322196543,-29337.80422959837,322316.06741178426,-0.0013478535363782,11335.937404942368,0.1208219511402999,2429.1556658085933,0.0453328757721345,519740.7181705504,1.0,0.0,143102.86785442915,132200637.5,0.0926056361144147
67,324191.0294043854,109439871.0,0.7949931224209078,-69.78892504231041,43034.647240566206,-31138.98417700475,67152.16380850444,2101.0,5624159.577691866,0.0342656599552812,45421.59022948324,5158.882377491254,278607.9775433218,-10.360383678440924,344697.8259084105,55.12895725624153,1914.927016693969,114291.472496491,515234.8266796539,0.0129304091601189,9684.310344681957,0.0663484657624475,1298.6594614975852,0.4297135706340378,255362.50734817627,1.0,0.0,112184.63287410096,119095110.0,0.1093349462868036
68,159556.91327260793,98539123.0,0.812661427707864,-15.927582214915454,-234240.2530092023,-164001.03188735945,200936.6130253342,2198.0,6367813.598078292,0.1127960532218372,268532.0770475605,4054.717769197976,181227.05557938063,-8.485863874345549,238740.9060554778,70.19898574578212,400.2430776581063,522659.6064712979,296693.0525168475,0.0429777033614177,12277.65983002464,0.0889615023903758,1409.7784889431505,0.01472080047955,292030.90140327666,1.0,0.0,216198.54494992824,109497011.5,0.0924665840425022
69,413.92285492277983,614298.71,0.8061968741431313,-26.284219468414364,755.4673022047634,70.549050045527,-27.02239215129559,2655.0,47.98625476488081,0.0837695912783153,160.49759535322784,44.07008281455952,-130.23246102978237,0.0013337171368259,807.5435900310879,0.0049840455765328,13.495207183702032,204.76067754980212,1303.388448825666,4.780147992163586e-05,0.3585200298076619,0.2608463044970198,15.35912987042256,-0.0027145051569014,1648.3193593485205,1.0,0.0,341.49977788849174,623247.805,0.1026522916448167
70,-122.68100192385444,613501.21,0.7984096517685769,92.01691478297944,325.5495832605343,709.0711816254948,-2.036306800100704,2637.0,57.68537434923368,0.1208877497535708,634.6842516762404,37.25387899695507,-172.78095526336665,0.005516859131842,791.4708461056719,0.0041866393731137,9.567558511313685,-289.6404454101639,342.36864093866365,7.41253665653588e-05,0.4125740935395269,0.2822512658273705,12.216674453729269,-0.0062685634465519,2907.738089011824,1.0,0.0,209.699798954118,636471.0249999999,0.0975241087332951
71,-880.5621537164125,633409.125,0.8074581848094324,179.00830398202302,-45.14937423728851,-789.6324600638732,41.94182916999924,2570.0,37.4043256320983,0.2437164757092669,-72.12260792079637,46.39450748803921,393.0100666219645,0.0156835806926059,669.1486289019987,0.003430693074734,12.50849025483643,561.8881903362818,962.9761662478628,0.0001399477583797,0.3911514443500467,0.1595703190378534,14.672806411675838,0.0071130952380952,1113.5049812747727,1.0,0.0,529.0833237145241,651024.275,0.0895284371851054
72,440.1183135301135,719524.325,0.799616122840691,41.02464076641423,30.26348141452553,730.1814772805158,-1748.6312394506756,2454.0,80.47509534013476,-0.0337634427358577,-1323.9041886906948,54.27220907141471,127.42694268298116,-0.0121096573208722,-312.5689333976477,0.0062618222601768,14.502527404115805,1512.224804980831,992.4207784308422,-2.9429452266314337e-05,0.7295449721496106,0.1764750700462071,16.40658997610099,-0.0012043272675168,1407.2032423919256,1.0,0.0,624.2165997861791,737233.965,0.0900765172915112
73,-1416.5517970499077,659248.6399999999,0.8034548944337812,-157.21212858565207,-985.8710750027234,950.8395116363256,269.2999861195307,2521.0,31.98161523204819,0.1403075438843491,-118.15641471053527,46.258342266740094,-643.9458033770632,-0.0029822741844239,442.8294226517789,0.0033475227031183,15.368866541603596,279.8080124337901,535.0276546472227,9.556250290348382e-05,0.5651599725730994,0.1662853744998888,11.748145513007197,-0.0016259337152802,2590.7891341360933,1.0,0.0,378.2345015898646,669227.2899999999,0.0847284029458776
74,812.5595837274375,620091.37,0.801261310666301,8.143187897574943,169.85887552355777,-808.9120631019591,13.484603935273723,2538.0,42.33549285956836,-0.2802765321207542,1.99819872331949,29.10798444904989,-181.63398785879,0.0048742793245655,-183.1223208390423,0.0375799832896177,-8.048068473688753,-775.2832106399512,342.6595897001023,-0.0002376521607318,0.5397156026712695,0.2157008253109136,13.867756179183644,0.0225937161430119,1096.8583579128383,1.0,0.0,479.7456654319876,632222.73,0.1278618407011996
78,980.1935148596442,786757.71,0.798629010145325,-49.96961526119146,-131.72056610927646,-95.78232299646518,-112.6950769694225,2386.0,126.08500721199614,0.1330720264985136,-38.056363392302416,56.62934229939072,-204.50089450593228,0.0129293035664139,-23.3028197468006,0.0027024270301057,15.47346458549831,646.0488939972291,94.21102625996863,0.000121523249983,0.877618315938962,0.0401232778642616,16.68500730518384,-0.0070740585188296,1072.278375705915,1.0,0.0,1128.9827567625723,802002.245,0.0918347247117955
79,-574.9981514377585,799053.3,0.8059775157663833,106.14343711335852,185.7731226160302,693.1464703540978,541.3150333921674,2390.0,129.43530868820346,0.2008275740052657,878.5312420754515,49.8814351946889,37.853050146812905,-0.0027641570814816,1214.844995662097,0.0068922214396932,17.708774526809364,2424.8534882857502,718.0652667934663,0.0002032471535522,0.8580233516356461,0.0173037686617226,13.233767796863876,-0.00218377924079,3848.453967375897,1.0,0.0,1067.6463219240288,835133.73,0.0952713360135381
80,-820.0959423510641,781031.525,0.8023581025500411,121.86397071679929,-602.375623178282,611.3032484959692,-658.0995994196082,2405.0,118.82560500515244,-0.1057897697359261,-1104.5289077453535,63.791849289814046,628.7030624959323,-0.0183424425179042,138.91196268707284,0.0095158061486064,19.75861786284101,268.97078266732666,1162.8565132854362,-0.0001107480060852,0.7548916875631614,0.0415669998401791,21.760713305359825,-0.0056001261210762,1184.4031595891634,1.0,0.0,1616.2472526940778,812375.6649999999,0.1084157747205425
83,-366896.0392190037,101518713.0,0.8060871949547573,125.33023944873018,-30569.837900173035,15970.981205543794,-186918.6771048776,2368.0,5703687.100917656,-0.0354514975521056,-153065.88670654985,9172.350151723946,-330383.56158481614,0.0467272914097822,-111020.03927506688,52.98237050882683,2126.5384109147,-737787.4352953141,340750.33141034073,-0.0123404765303034,16190.8488755856,0.1182502442449965,2365.299189522234,-0.5010390689941812,540348.6798667049,1.0,0.0,210257.85714493823,112424029.0,0.1192135638088646
84,80674.90600865705,112372938.0,0.8167705258554717,25.948440410208143,-58121.511937684816,28925.09300976448,196183.1113485401,2210.0,7897953.346079412,0.1053241508188407,163021.85475010143,5161.544411613124,213972.842285614,-5.0243233725726935,141888.29482689642,80.16091714343418,1893.8795727132847,402147.44368349767,90914.3450792043,0.0468341851813953,10767.532640739297,0.1070136350879472,1457.9164407548485,0.0433840225693249,809218.0974139236,1.0,0.0,299663.2454406802,126059401.5,0.1044335758423066
85,-103492.41530585554,108871598.0,0.8026713571153741,-164.41281567865073,199524.39865491044,46300.03567202174,-245416.9336720623,2082.0,6956528.677005877,-0.0203317332545668,-63039.18968619663,10436.776085283473,-219106.37204692903,-10.531819586036454,-107513.35950869184,85.64660028019935,3315.193613554206,-877510.279599558,602041.175115733,-0.0072719893198354,9913.88073083312,0.0554531541427587,2521.448801482032,0.1817676872873707,898533.4859187509,1.0,0.0,295671.52826044627,118603141.5,0.1035695183901351
86,436686.3632056554,97243592.0,0.8021296448762281,-119.2213195656608,-134416.10395574584,259085.4032534672,-75742.61937699551,2198.0,5580102.207597922,0.0932036868279311,-26079.09927627841,8148.1456811849985,113251.02823809056,-4.991191400418035,-2985.56176645877,50.75206440577689,2154.039546883057,129852.37593043248,219604.0027872996,0.0344575267851483,12727.212512898894,0.0610714585586839,1010.6148344629988,0.0009678534393363,305758.51843995345,1.0,0.0,115102.37225843704,106503913.0,0.0745771293266599
89,-423358.2890679792,56463992.0,0.8045756295605421,59.82615150377365,25449.374227627603,72245.92164872104,149259.91112695786,2382.0,3137635.633806231,0.0213496132028206,107241.27787822006,1989.138359072552,116384.84470051088,11.0290053151101,133443.73852532584,15.62171300022554,889.6567575419917,442136.0038600969,134360.9413413995,0.0060679423180004,2516.292019983852,0.1312424788155151,488.4388287813762,0.3624387888819919,438794.9080137272,1.0,0.0,63275.992817692655,60122755.5,0.109189703679578
93,62836.126526241074,25003183.0,0.8130794974488397,10.51010185243045,-23517.8684739305,19608.26391225209,34578.26265394407,2370.0,464950.51006577257,0.0529253692258962,74077.00421803912,1131.7090787897816,21474.52972299729,3.606763925729443,28452.24155292164,7.000323457999415,529.1287344214024,168667.14915616947,74872.94639210009,0.0054412409602211,1203.7113008055,0.1636259865299728,291.0646285388686,0.1360682933572959,40518.50649366449,1.0,0.0,58274.14774597496,25155721.0,0.108391978811842
94,-239823.42805878184,26105287.0,0.8116164383561644,134.9915829517533,-15336.290857796192,6431.154071664314,-60813.63695251948,2396.0,501803.1388250032,0.1298909731012422,-35602.06416873555,1699.3115569905865,-2004.674432248292,3.8186345381526094,-56649.31521416333,6.620966520786218,369.0205649108101,-7304.719730742105,85122.09393809312,0.0141073734556932,1188.825113321118,0.1485339081438374,549.7385543448877,0.0717982335081424,163359.3301059213,1.0,0.0,12984.875031417529,26364299.5,0.0959591595694063
95,177827.31432013313,24826446.0,0.8028416259805804,-110.25301569443609,26180.9330333704,45475.51093418145,-19317.31101150605,2420.0,411639.93461625103,-0.0197348491587419,-46223.210449161634,2166.046192701748,78031.90265414733,4.657407407407407,-11571.38984708851,3.682084912018344,685.2095644438482,47527.44631748909,35351.66104367308,-0.0020069539520769,937.671398468568,0.1406279091126004,600.0729125238105,0.157170515834601,20032.346691364928,1.0,0.0,13830.071453110892,25042973.0,0.0829909030949972
96,507311.4372463374,81824395.0,0.8024677817384152,-3.1383995993530744,-318465.48299731687,-253572.35156410607,65951.16265763325,2219.0,7912465.416536549,-0.015501599305262,7746.047442897849,4487.664632746098,98825.2853129596,-0.3766889142112974,111934.15625185892,73.84259841515001,2121.668606216113,495018.2116402544,167040.4383611159,-0.0054137175816664,10616.146096,0.0591717348620673,1035.1886581362576,-0.149851118343605,293689.4200563329,1.0,0.0,108861.48323954352,89654231.0,0.1157289852723597
97,-1072580.1387428087,81043169.0,0.8074581848094324,-176.8965717395762,141832.48613136497,-92589.26179055795,-195805.25294346703,2356.0,7525283.444023742,0.0828742963675382,-198339.9185288582,6613.68065381916,-237604.74192472576,-2.131827956989248,-154847.30305202553,78.6847249738423,1110.2187257947437,-390682.5006569492,352020.99170395243,0.0298081565421192,14106.869156484108,0.1264477227760462,1216.0522017245423,-0.6721470690253208,427674.4354870047,1.0,0.0,53016.35027214713,88931311.0,0.0961447082397685
98,868618.739556687,79176082.0,0.800658075130244,-99.23945941788745,61139.5174758019,115828.8815797121,-275477.42184593726,2291.0,17932064.776982743,-0.0099794311899731,166547.78560304432,6231.770387140146,-207947.24493284177,10.14572864321608,-81092.17969804788,269.12816237735404,1173.33008864063,898506.4243982461,487485.2408586767,-0.0035639031597299,11635.058950325229,0.3673100263240855,1306.7176514442642,0.2487250172294969,1016384.9079679176,1.0,0.0,382691.907097908,89791212.5,0.083944416847145
99,529916.8943519533,81422133.0,0.8030161776802852,-3.3177363154556674,-333198.3260585341,-230259.649679442,48308.9475276455,2230.0,7823446.95352415,-0.0148907855334178,19839.344977812463,4403.596203785079,97651.21923693769,0.3551645487129358,107930.64644493186,73.2238219515258,2039.6488243162687,473037.2729806203,187120.3230750986,-0.0051511723567041,10807.308872371535,0.0575047084088164,1060.354265794297,0.0249255694800249,327351.8995889168,1.0,0.0,92785.7199460884,88993691.0,0.1159453919661312
101,866652.9163710068,78962906.0,0.800767754318618,-96.50216460974802,75706.26757295881,99971.76611762226,-277748.18736446294,2290.0,17680521.292029176,-0.0079350639232243,198410.8499151469,6389.459161327039,-200113.10944017643,7.480289551718123,-86244.61350233687,265.1513202544957,1318.4032701074116,868103.1140388568,514122.15629743045,-0.0028243846700802,10586.935119638096,0.3672522255320937,1276.0173448050705,0.4519244033659815,1008110.41312443,1.0,0.0,370396.929749509,89436882.0,0.0841260292359866
102,-35694.048147970134,29470396.0,0.7957185529372718,-137.8489178756332,36112.026277947545,44714.13995135808,-34951.57043317619,2314.0,862263.5623607108,0.049373803006779,-80012.0105382007,2410.2796256856527,-61483.08767293584,0.0112292259320257,-63586.898887675045,7.042877546538592,758.2934444364963,-15770.51920360698,58896.93665961091,0.0063891269154844,889.8147766885278,0.1268028727642992,794.3922039139088,-0.1373020855130083,92774.01741002128,1.0,0.0,22234.55753979752,30010335.0,0.0753976955961855
103,-75254.16633753278,29004152.0,0.7950869112244339,-23.97350069079756,-68256.6535200007,-20911.70191542206,-14539.074184566562,2315.0,735026.5213647553,0.0860474760441036,2843.6245573257147,2783.8919339223776,-22531.99684921714,1.9765600745110208,30370.841020046948,10.492224354056384,728.838843454224,-114315.74183755324,76374.85176617274,0.0113657659829211,1160.5387403330133,0.0916816953051511,800.8242656566733,0.0860997763791871,106775.07761474702,1.0,0.0,20255.661016640308,30369475.5,0.0779621004546399
104,-60444.98185807526,26258285.0,0.7625468979392094,129.67555830908992,-23932.56738619807,-124435.39510403808,29916.70298812905,2442.0,1211614.766568876,-0.2108670064089921,45560.50420495634,453.8387661052023,-92176.14693653458,3.1338105726872247,87388.40189322775,16.436651617730433,30.46807474779531,179392.29773916176,33987.70047099189,-0.0230792598912314,1005.7695324269548,0.1161678553783719,53.19337171526509,0.1447178994995544,149311.39906813175,1.0,0.0,70547.70810169175,26838757.0,0.1223394252617387
105,-48595.96478724415,22496360.0,0.8033539083410717,-166.75776577475688,35703.95863282452,31672.879229928003,1127.8261945368622,2411.0,375173.2097390267,0.0405988001791735,43092.71144422526,2001.4227571459544,4132.798618425945,2.171338823777848,27850.938345122224,4.546330314742346,605.0397270348966,-41164.686881337446,40404.65311660705,0.0037081067369917,700.8236949051573,0.1429316775855799,624.1992242526552,0.164626598817219,139952.2858770353,1.0,0.0,43732.530634873525,22731818.5,0.0909246435074084
106,-8031.864433367882,23049055.0,0.8119329117404455,27.427555831758085,-51756.623819521374,-3750.971021780912,45879.6498456127,2406.0,369089.1615331817,0.0276701791026423,72537.91063523515,792.8982279752211,-5244.536378742219,3.327243066884176,48535.24251695729,5.360700137790949,343.4031155424517,160098.99201406853,53200.48233481756,0.0026039152051211,992.8508142700656,0.1549097850860897,202.30999698046983,0.0821267751991686,3889.928526074045,1.0,0.0,52642.36514936934,23181570.5,0.1089646338228778
107,-30062.57598219953,23694235.0,0.8092022181957942,52.837783459309314,7449.80691679844,-41860.51222069808,-37483.61251693954,2435.0,429172.28287082864,0.081574651522332,-15510.417026182811,1460.2251244532836,7848.241879131299,3.7440026289845534,-4022.139874516732,5.256104997559049,245.1875987824016,106639.71241983309,40249.72780127997,0.007837604500826,1140.9167778004853,0.1440908398023184,614.9271233793934,0.1039545674908234,139375.76376248067,1.0,0.0,10471.18999775511,23905027.5,0.0989409698173546
108,-26245.20863530952,29421504.0,0.7954972895231773,-137.78328727568237,35548.3585928335,45819.705665407695,-56339.49606805183,2305.0,866026.8820775348,0.0497596468852514,-75551.45209605101,2447.486530080649,-66907.40253887195,-0.1420411844280775,-61892.40514887999,7.883569434458134,795.1304519865531,-9473.279873632137,75485.8587108044,0.0064276546302391,975.782403386714,0.1313493085537619,725.7502701769369,-0.0712493028443948,103760.26298193388,1.0,0.0,32543.737560843754,30106446.5,0.0746634877306692
109,-68599.30848805932,29411436.0,0.7942095739430828,-4.7704931750941295,-84463.36843356317,-20253.15660756285,-23041.4544129755,2319.0,731546.1691459637,0.0815755480592041,29212.54210643581,2885.862463990362,-9805.17011144206,2.098498273208211,13153.13962137704,8.71267051473193,818.682581339345,-136839.05430035252,108342.31399032404,0.010871360540842,1261.852769873378,0.0960962782492175,741.2900790574334,0.0289396035039188,113667.1440519478,1.0,0.0,39447.97442430954,30831741.5,0.0784534585235995
110,-75581.1052444478,26715542.0,0.7629818933173835,136.25360072151625,-19126.032193218307,-135666.0421181647,29403.620414659403,2404.0,1171926.6589250949,-0.200701741778565,69389.35205004565,386.746378123339,-95204.42732486434,3.476528040327662,104117.49314070538,18.09854681930513,-57.87184269896389,188575.71090920604,34845.56096924233,-0.0223023619416397,1225.365967767366,0.113348251671497,116.81236634878984,0.1005142269454919,141491.25181586487,1.0,0.0,62988.532714541216,27382563.5,0.1205397485736708
111,-105621.20563709008,22317370.0,0.804206500956023,151.20272900553954,-7159.935851656504,35577.74140882732,-6405.657117507112,2423.0,373776.0277194199,0.0417810924661077,-6505.590707554004,2040.7171905133896,-26275.35190888465,2.1110678098207325,15742.321520508664,6.9753917894211135,584.3080436273161,-39295.17573377698,49039.414176780825,0.0038188460058701,687.1607421195631,0.123068871961489,667.8180651807605,0.3151066758430833,143608.52608664418,1.0,0.0,38381.68954969995,22580000.5,0.0925180834973469
112,89831.9905681538,23074311.0,0.8104690163303458,-15.24268399501483,-23824.49800386373,35676.78194682032,29499.930497864443,2425.0,392384.0662308444,0.0287318572433901,35735.6916295639,1288.47947564643,39877.68010064891,3.64110127826942,44429.81057021281,6.486885292046325,668.8118390123001,168482.07550964653,60719.266049076985,0.0027047844802687,941.275744894234,0.1576809203141349,367.88095781119176,0.352239633892664,42718.18131220795,1.0,0.0,81108.58670974588,23200093.5,0.1076726217108308
113,167730.97775648,23712966.0,0.8100911386845284,7.550628456294756,-2738.851544749228,-63796.62936503043,39906.61902314565,2396.0,403851.6151325929,0.0799055326320673,13720.874705015183,769.8879610731218,-17304.454652298937,4.347047276296418,16148.74121586065,4.367558318802194,-153.60423143172085,155970.1190135037,36402.55246578647,0.0076931988953245,979.7245364938514,0.1576173561680234,404.5221463461685,-0.0059128630705394,146561.81678306372,1.0,0.0,22072.88127715711,23912969.5,0.0985652111315603
116,-366507.3790521807,100941448.0,0.8061420345489443,124.23481425606236,-23522.89150223152,30991.449793810083,-197739.8791818494,2454.0,5724125.281712774,-0.0348890033414562,-165495.44188451418,8983.374545813496,-328653.3125536877,-0.9375063925539532,-110231.27800680076,55.05500733616513,2016.4990725053824,-713825.5405167338,336695.0212303393,-0.0121524602834548,12093.884313836388,0.1314157217457935,2579.5904699105668,-0.0559900339123814,539812.5143202742,1.0,0.0,213179.37647292373,112149980.0,0.1189358326633821
117,100632.36783299556,110816407.0,0.7991273520589037,152.8436000189336,-25285.66368591256,78189.60021599114,-218605.92677005,2202.0,7591898.367884847,-0.0019245382965395,-137227.36429280136,10400.152636384557,-34416.22007931114,-4.299939052262685,-86251.16770912884,88.5269659315968,2459.7128395371365,3211.177174820378,252372.86110757265,-0.0008349987143995,10560.104065816591,0.1269380627006754,2304.1892196263952,0.2161095476697096,397759.3398674383,1.0,0.0,91620.05531933262,124364306.5,0.0929380546761616
118,307950.03546604846,107677283.0,0.791957753451785,-64.55476326970386,-19706.389241109195,138.56939712347275,-27638.99759634996,2082.0,5311486.397632099,0.0242001711597233,31452.15580189404,5100.828790812164,242715.306477185,-8.928974241731444,370889.4134099407,54.643429514735445,1837.339583419189,101148.71583817805,523193.110994535,0.0088092961464994,10121.707063065309,0.0651701406271397,1697.8976935622316,0.2680125304559693,309008.1638378586,1.0,0.0,106461.2280889672,117249474.0,0.1080316692383897
119,278687.916941107,96275601.0,0.8143689533861038,-17.85697935651915,-237145.28297557647,-215575.56942083267,150062.8676625124,2153.0,5711420.315464554,0.126384852371185,311232.06796643214,3998.64707858872,109466.92852705,-8.020389805097452,215841.9312612416,59.57605013937911,325.6614013555215,390887.4700307403,282186.6526406924,0.0453088409733221,12499.41570114034,0.0771688476623511,1453.228004121411,0.3706603838957799,362259.0201284108,1.0,0.0,244182.5856137722,105526020.5,0.0926003937836502
120,-13.622005557855168,105402.95970024823,0.7742802303262956,30.815278968173303,-199.3622805319612,-30.01537371576056,182.5862840535852,2342.0,5.242074527158881,-0.1497702298122535,104.31377164640882,2.8278537284459384,75.00015719508382,-0.0022856105477375,57.87744763030948,9.737624167569704e-05,-0.2239366667889989,-187.6900799182523,390.37840122788646,-5.754979518642024e-05,0.1040627773983563,0.1826234251466698,1.586277749224826,-0.0004951522956253,659.7423337641186,1.0,0.0,99.99570731213127,107580.62141203872,0.1295274306146206
121,-61.7396513467364,86171.89047908787,0.8043323279407733,-149.9313642480445,-140.1474904787844,67.8754535114928,60.72494716223712,1985.0,4.644151227050162,0.1569962769302446,-222.8279308602484,7.76897592836197,22.86511366221628,0.0018178819931523,-53.62323664495136,5.612673898130088e-05,2.2750517465427222,12.85441222740257,183.2493467825372,5.364039511565529e-05,0.0705100310776382,0.1800482540356571,2.9682997649009897,8.76275414521429e-05,127.41860548622356,1.0,0.0,124.88859388613648,101131.703060031,0.073974712531503
122,-327.7538305916838,64809.400975869125,0.5521798738689334,-130.2635962584726,81.66379422569044,60.236477096062686,-151.60660950920368,2123.0,3.5298422959212914,-0.6608053921859606,-248.55483003240772,7.89349674389265,-439.51809787771424,-0.0012550691424225,-253.89162463203672,0.0001074511905863,3.217239050234551,-909.4063463586918,72.28700107116968,-0.0003226884460308,0.0118947101199565,0.1847646988951814,2.296777322542728,0.0001393526876994,563.8009389398842,1.0,0.0,66.77303174361829,65119.228542164994,0.132990894476552
123,-330.243473452216,105660.78749918942,0.7792157938031259,22.197196070967426,13.832325157229786,-313.16690478246244,-218.8581179067836,2382.0,5.503607493434733,-0.1476629576280709,-310.44174101079665,13.13413988867044,-80.3821537762145,-0.0020886422145322,-308.02092177888943,0.0002931585163834,4.17492937284009,-258.7490171008656,432.9571206751685,-5.229328256528038e-05,0.089631825938104,0.1493653038012356,4.225246352917155,-4.295105215118788e-05,828.2304776176352,1.0,0.0,70.64232572085743,106541.39483976376,0.0989367133885878
124,-130.52982514103715,109315.02878622568,0.8052646010419523,163.316308347678,-50.57269726905293,240.65458988346649,220.96015960541632,2337.0,4.692391861767134,0.0772742342675869,124.94304110347412,5.330435372445119,279.05503478787074,-0.0035016011694474,214.79647089356965,0.00055786257777,2.1387630217546203,912.8847429370612,301.25012665429153,3.044661082071045e-05,0.1002317013092453,0.1715194104846025,1.005515069751636,0.0003261206830796,724.2498504930525,1.0,0.0,337.05783247198605,111611.88061046592,0.102112306966484
125,845.1347858670839,105567.34688403136,0.8319714834110228,-58.46606542136327,-884.9607441850984,432.49318870329193,126.90237661406113,2112.0,49.51542185921535,0.2054553482361609,-27.28685350210131,5.6393139450419945,67.41177943382019,0.0012436732932158,-549.7426059686409,0.0007473881376111,0.6036638694321389,1228.2560789384,1379.746496691639,0.0001021657982454,0.1263031534837741,0.1308584152273409,1.8002648857127572,0.0001348116442758,1473.4291541153282,1.0,1.0,736.0751014379591,119441.7672560658,0.0820631694125178
128,-350.06988281764285,82065.80157256288,0.5947353989580477,-101.201960760489,83.91421600045115,47.59490382504319,-302.65712282467643,2075.0,3.5939955105787296,-0.6947106120312918,-313.2996124808448,8.682178085219597,-326.6942285751052,-0.0013185442439685,87.63261958288307,0.0004211793296005,3.32955398786745,-942.4086837046116,179.06581414386042,-0.0003269711671426,0.0184448402877298,0.1996157926908899,2.616294781225092,0.0010794996873462,526.3783512384205,1.0,0.0,111.96732952222558,82567.9047732965,0.1385975704943374
131,46.73067434443716,108010.58255453085,0.8333424732656979,135.2324439411217,0.6965233813154441,197.374513662474,201.73492931889405,1919.0,8.724684318988597,0.2754358437964945,40.74552040010869,7.81247892445644,-293.96767816488017,0.0015395422036612,141.26633962423233,0.0010216444717607,1.8660770554219304,150.40835199009936,407.9104526103624,9.98000582990985e-05,0.0510304134884956,0.0620909355973774,2.432323118863408,0.000179156094996,678.277174580133,1.0,0.0,250.4338522118345,128247.91273188444,0.0889689786072173
132,-167.492074391073,209364.7083349228,0.7687877277510107,40.34093501031114,-503.77914650722767,-116.88436940060792,436.0656620457804,2449.0,31.11920400465881,-0.1779592547526881,-434.7197968869284,6.815440523198841,437.0409577654752,-0.0090007935244955,-75.41704296718184,0.0042119595499535,0.324460772226506,634.8806068002527,318.6355368453947,-0.0001336973215902,0.5197228639976088,0.1647246010357726,2.9609670312393783,-0.0038888891552193,887.9217219156295,1.0,0.0,422.0817742479308,215556.0981316567,0.134966251930123
133,-2370.675265804166,182006.0517849917,0.8079995767419713,72.32780940602869,-3236.637775672403,-276.4216446145531,3360.3035333886464,2270.0,2708.358395777723,0.053789054489433,-1942.113373368905,8.213752652418922,340.30705041276747,-1.645113389364717e-05,-2286.691240970865,0.5849144816261157,0.7082812738772184,-408.3505799059593,4545.885136352954,0.0001180278520122,0.5057666579354564,-0.1406252081333518,0.9863964841956276,-0.0039837478605059,4350.972115511061,1.0,0.0,2536.737874845928,216377.42002463303,0.0348579127038999
134,658.2272779442375,132572.01164421518,0.5619788145143114,65.60088743276162,962.9540911647368,-17.057738077151168,78.89787474312493,2386.0,45.00083824240165,-0.5876140031726306,324.2437237816429,16.640595951368063,951.6505811339892,-0.0094060939596838,685.3160223696966,0.0012881959256678,4.588905973757785,373.3314818867376,830.2461814690485,-0.0006334509195604,0.0613111375575166,0.1853409863388042,5.780989111069903,0.0006118620936413,2798.178577630573,1.0,0.0,619.9091346854631,134415.94111184136,0.1418415785784678
135,437.3507567757302,202676.33749961853,0.7865849725894872,107.47205625556616,-276.1814727792407,-652.3693697097538,316.69071455823405,2101.0,69.18708077981528,-0.0830732855017779,-498.6526610716495,14.095895761892644,445.7434827801725,-0.0058218642614856,836.0968417812234,0.0184167296252073,3.8592741217384097,-2309.984962313209,899.3285065022781,-7.845458815806752e-05,0.6455007638956015,0.1245806942890199,5.64675845093474,0.0004867653116647,664.8086134790856,1.0,0.0,1015.075679979754,205217.8837947852,0.1434374871188999
136,21909.955363444504,266016.1674226848,0.921386696210128,-33.75021983071293,14566.263334843336,-27221.771940966337,-24427.1173240968,2903.0,6474.105137059286,0.1285676407442001,-10440.73705336174,17.901389095520717,15243.500326690191,-0.0214211941596906,23125.900206333976,0.5393043339411286,4.960730244311617,-21726.243681734813,29089.35503210827,0.0004905591705868,0.6052382333036039,0.0210646614712059,5.424631906109843,-0.0096513737472156,34821.684424562474,1.0,0.0,19379.82528491342,311975.90588235785,0.0173465702050289
137,-626.9960557966208,232896.57732861972,0.8157039402406341,21.717609232903143,-1542.089901205204,-435.90254715127327,96.33935854457314,2259.0,287.8685041331097,0.0919743132815011,940.312236175424,21.88461993374727,797.2611292112342,0.0207054418494358,61.08982994846804,0.055225326932696,6.071478895468882,1068.916160477322,1203.3345036018236,9.962256504297086e-05,0.7743540079161941,0.175933892317749,10.028922156496996,0.0027718069407055,2855.553685312316,1.0,0.0,694.7581675231439,251143.00736999395,0.0845502633588416
140,-346.0758156671223,56772.04936219836,0.5428023032629559,-116.4544516359566,128.08055396208695,54.92370200272697,-115.63354788884256,1921.0,2.557738587321212,-0.6809052371240082,-329.1813408491687,6.728016487176927,-304.729741585477,-0.0006223209367553,-0.0187093761652832,0.0004123339433075,2.849580216539471,-841.7171523436865,191.3652714935092,-0.0002985260791466,0.0062907200294728,0.1583487452923151,2.015243982727548,-0.0002867501692303,501.24010567172303,1.0,0.0,74.28747279462588,57070.85094982469,0.1378508402729011
142,-135.56992537479786,83733.2655292858,0.8197422539073211,94.16692319072314,56.69368277089167,35.4698598425733,-278.2272392778148,2120.0,9.065768167646889,0.2445604591830833,-236.70833387230385,3.2341314093181905,93.84972466352453,-0.0033735481977005,299.9231738119179,0.0023880538101762,1.060690477814067,1075.9008828849278,325.15558852347084,8.170510244381004e-05,0.0405577561977245,0.0431357204515143,1.1169826625918815,0.0013157993846851,796.2687570480977,1.0,0.0,478.4194950304341,85598.48936557767,0.0738212316164235
143,50.19539965985621,82614.05821616243,0.8389909514669591,131.98804039270075,114.3994844429353,120.51192667064124,153.3988926475881,1787.0,7.457537255997894,0.2651961793002036,-37.52487909263819,5.097854413790305,-240.2314308125993,0.001112243921119,394.7515138441228,0.0010780897400695,0.9505257988714202,136.4282068334194,353.5055572530544,9.245212363916212e-05,0.0237983632797909,0.0722618094766643,1.8740130465112388,-0.0001302994571189,651.0122264047408,1.0,0.0,197.1167733182724,98792.36453497745,0.0861168218953501
144,-41.288070389397305,76741.09856395255,0.7665650124757416,-130.17990019753282,22.223027348088465,-167.80406004266618,19.366429275460973,1521.0,5.561718639624954,-0.1997860876051001,-141.963861982874,2.736545332759086,135.33229569548894,0.0002093220786607,-39.67389570046018,0.0002412678987752,0.250476299532277,451.7338324956032,307.84670026965546,-5.689496096552518e-05,0.008676501152701,0.0976971035139034,0.9729311957342712,-3.915391934606404e-05,521.0626190969791,1.0,0.0,155.97111480253213,78230.83903825286,0.1337992736575056
145,-51.88421894557689,64911.30118894576,0.8004024784197427,25.65574721241807,64.22503738370483,92.46288364851314,-82.97918407967015,1391.0,2.8161030639786744,0.1362869167694639,143.5334224726946,3.6954436532190433,143.09395429065657,-0.0001586442229761,-7.864064187845054,0.0001393188822594,1.0507669586459594,4.34122684095253,180.6694149403193,3.234933682265204e-05,0.0079258568669884,0.0669890759572484,1.120298102613858,0.0001040328942166,305.639050860688,1.0,0.0,48.724060474574166,74516.2410695553,0.0896607561933102
146,-11.287788129438615,42887.84044800006,0.5156847312795143,20.98742890250961,230.814576968674,-113.55733048014132,212.1953198953668,868.0,5.577824289615771,-0.6024314532657291,10.321685989765603,6.206184941939156,282.1912137323725,0.0006555237236797,3.657258005476223,0.0004506554886064,2.116656945866236,658.027399243666,387.5828950925492,-0.0002535988955114,0.0,0.0757586159282141,1.697754365587619,3.865182436611038e-05,1035.1833770598334,1.0,0.0,358.4475936944613,43387.12210328189,0.1434975565653612
147,-79.07017793389339,62675.69075036043,0.7807569953905084,-157.40802768822357,-40.27929804069375,-107.67239724338012,-150.12287902730552,1330.0,3.795065351041532,-0.0619062917872492,136.5170933958214,6.6473346357182415,-29.4338557697019,-0.0001775005684368,-171.7013486950302,0.000295138296489,1.6601466028976424,-1354.2134058448505,135.66569995245845,-1.8963149241537874e-05,0.009129076160958,0.0768030777055743,2.0773732185348392,4.585099445712419e-05,318.87600166692613,1.0,0.0,156.30008877497892,63236.41243255134,0.1174001525808656
148,220.14565691392409,81383.0624988079,0.8154614652711704,73.78297152444364,148.31865477667588,-1140.110393559528,293.3003653411047,1632.0,4.078282851824577,0.0787175565059589,-49.07430522698047,4.552857366686649,180.94522915092503,0.0008236448335279,847.8360440138549,0.0002815958985872,1.879317869143232,802.8585108162537,1299.139943990233,1.6791344953317876e-05,0.008415625327828,0.0318572765329014,0.98302957833283,0.0001423387739111,635.0362705547918,1.0,0.0,201.26975831885773,82323.58675622936,0.1058702904207005
149,-228.96245007254555,66817.16136261911,0.8219657605425805,-163.281904843379,-25.08194978740531,31.080318909653577,-97.25431296422114,1332.0,4.105089809322285,0.1404311072279205,-48.20336201270223,3.5719507847612686,-90.74058915512153,0.0003139455654145,47.60996214263103,0.0002053791852977,0.9121384488607952,270.7275743845243,61.1479003460161,3.615563660560765e-05,0.0093553504178577,0.0246768703467149,1.1071187830679805,0.0003930834085507,335.88043438812275,1.0,0.0,192.79542628536225,73053.84098756313,0.0923601421422248
150,-21407.555326180576,32926897.0,0.7910191892938119,-143.31828535519722,76231.52466119191,99419.61257161584,-53910.172425117744,2344.0,891827.0394513141,0.0583594346551127,-69996.77979476441,2450.106698755417,-37804.06744598039,0.038167185108379,-68992.06154184142,10.815160069210632,712.8303066646395,-14920.792311432326,14335.828781155878,0.0080938840164701,1414.0423311055536,0.1255557338902493,754.1048235569594,0.2041223404255319,80603.96482359234,1.0,0.0,27980.82409946517,33747620.5,0.0722119940466664
151,3056.695415313753,28969686.0,0.7916232662682967,38.23812837950535,-36244.59384906227,33315.14550145519,-36956.3225140461,2209.0,641359.7090997102,0.0604382806109716,-18165.93150546545,3520.9695763975983,-45977.913882044384,0.0138309880158277,-22699.900817976537,9.777098130307902,1177.634312033344,-168878.63298157384,61182.48121187219,0.007230654501309,1173.893121922821,0.1080093324770971,1086.5807587431475,-0.1358109975131251,142707.38984163295,1.0,0.0,8931.548190188634,30404417.5,0.0800692786018332
152,-91058.58716965324,29416769.0,0.8140471138675807,133.05337529173283,-48308.78989173671,-13830.080370010808,12543.599124330318,2277.0,620487.8631146225,-0.0010601962878394,89421.71476319082,733.2152594372484,14948.267346841987,-0.4595609028741838,88436.73731908097,7.481588912344159,120.94435981177084,224933.4819156574,76410.69658353957,-0.0001175237142931,1435.3576396724904,0.1194953485418333,389.66235430606594,-0.0279439059599917,131630.74099037293,1.0,0.0,18779.971821081534,29964260.0,0.1100275873898125
153,25810.02326025545,36197691.0,0.8006108202443281,138.6192788981858,10775.60911280439,10623.248217270377,-57904.98070901746,2372.0,821412.6692684775,0.0416712372314724,-35700.44341015971,3165.31551973294,-34417.41670354727,0.380499770044458,-39634.28465995384,14.340596789605913,818.4653203524653,-36766.1315269947,79195.60746940052,0.005460169660734,1693.2669150225554,0.1453204756985586,831.441410556606,0.0528803035529492,182035.5094632641,1.0,0.0,32196.55968309297,36860360.5,0.0878013334431035
154,91072.61508767506,33041995.0,0.7971835634523351,-70.6653238548785,3727.56914990073,-16518.91719177595,-4918.403118716366,2367.0,495927.6623691535,0.0574023699912233,-6703.480197624301,1552.9768859010223,27947.40984192954,0.5467755102040817,73443.19989722193,13.556869353310658,412.5358932394856,-25007.498307656107,126352.0217058266,0.0063468959920462,2844.4991665264583,0.1506799088962675,479.1655637202585,0.5304134548002803,67122.86542554395,1.0,0.0,42802.67801107434,33400707.0,0.0982794671088703
155,42485.06604587652,29304993.0,0.8209554175141554,-9.753144217107089,-8307.179287639949,-59326.48593795803,40241.25843747516,2321.0,545280.1187784743,0.1947974164835366,66659.41588160022,1219.7422936564924,35421.06733423624,-0.0132642171062661,57744.48846951633,8.53161313084822,153.3829032137855,127475.84102369938,60429.996053558505,0.0215967792417549,1394.6374046089154,0.131934217541581,564.2837741359953,0.2258422293081935,32576.03449958933,1.0,0.0,54280.56577719692,29576936.5,0.082968536596721
156,-37882.68939380848,32800914.0,0.7918049104180491,-143.15417859952208,83563.00521363628,99807.84683148636,-37132.607176228456,2321.0,899383.0476707994,0.0618546685222847,-58733.5087561823,2316.3965227328763,-42869.54274519398,-0.3471599402092675,-76805.34441935446,13.205501029527198,622.7526140810207,-1277.4131634078303,15568.448905213609,0.0085540471021322,1527.3879510307695,0.1310858914245641,779.6592836135582,0.0433671683584179,77359.46338094506,1.0,0.0,21295.517858033,33677894.0,0.0723254893112952
157,17343.451154924493,29215691.0,0.7920184190330007,28.73496486652349,-36292.05768838718,14739.515965977178,-36972.79813832277,2219.0,644664.2294643776,0.0664212775166319,-35557.82048112783,3343.914760184875,-49646.20497745472,0.0205690792230171,-26039.991845782723,9.158188266561154,1053.2525735871102,-177279.8835211559,67023.95062435277,0.0079981442740452,1401.726286713549,0.10951917953308,1083.753788356195,0.0660631608043673,123947.433867921,1.0,0.0,4266.625842749834,30664409.0,0.0802057737363818
158,-80303.72879509455,29255696.0,0.8152339499455931,132.532786142378,-52517.548126137954,1184.9278364218771,20522.48646819305,2316.0,611434.6647522568,0.0034692725259916,88406.3440181395,740.6608925385555,23174.034275264472,0.1726672901080632,90597.68025248375,7.335723700292487,125.82916600588318,219803.59530587244,71604.59852379792,0.0003846530475225,1309.2065250381318,0.120495101521965,362.13254256607775,0.0128830562044798,126968.31970490592,1.0,0.0,21716.272161607696,29802682.5,0.1105316419902526
159,64541.00066298591,36074531.0,0.8007961609772059,148.10356836080484,-3928.237873395618,20332.02822064313,-75235.3376135456,2376.0,758980.4337461541,0.0454276474952257,-36561.91654175577,3204.142794777048,-24254.110277932967,0.3127629014055607,-30932.27822312524,13.55481160153026,905.3241293463216,-54789.86796435816,77763.61557718336,0.0059516910765532,1674.524555825413,0.136595610563862,825.859498308059,-0.182527085777379,163332.95629677156,1.0,0.0,21339.019710424,36690817.0,0.0870348470598921
160,78117.3456897096,32781402.0,0.796402244471339,-68.18942602152642,-7710.279541565632,-42361.6999073643,-19233.4989416974,2384.0,503831.7870920573,0.0470428558209139,9479.721396546876,1593.397926101604,49451.47332131266,0.2322686322686322,30380.969105803408,13.311928755865353,426.6781626067429,-52205.01818436613,127846.91166574918,0.0051646503713375,2986.227957365126,0.1447210453735889,581.3612269690464,0.2641826586356632,81845.33169609033,1.0,0.0,73627.72955462564,33092059.0,0.0997367487044101
161,82723.1213451664,28854890.0,0.8202759909835615,-11.966822825130542,-10245.41133364195,-55833.93073945261,37082.84692879518,2378.0,521507.69286772766,0.1851533970672146,59437.46400977043,1180.9602065940578,29801.040911182776,0.4525088230781034,39458.63912849717,8.403267149867709,119.51304189187732,108128.78252068703,66771.84194808672,0.0202599091665989,1262.424420196281,0.1601948362987248,480.61891738459815,0.4176136363636363,37946.89086348983,1.0,0.0,46330.84404209637,29097602.5,0.08407670579063
163,16559.39874050851,2283905.73,0.8053742802303263,4.560260870527634,1006.9259515250394,-6158.790113924643,-1810.6662846184329,2336.0,3955.451739358256,0.0643391608577524,2493.157424251123,129.2593382194855,-1339.0010276332157,-0.0262451440473649,5778.318362348242,0.0279067929685914,27.38521585106725,7595.84672798781,6255.455983295275,0.0003052448046411,15.102141250475576,0.1410684641550324,35.721376456459645,-0.0042807755363889,5425.793588165314,1.0,0.0,5051.990002592863,2853545.95,0.1099854199033364
164,168.24630542214754,2010692.7,0.8213874417329312,147.89785750936525,1492.6352933677829,7732.404439490068,-4602.398359709372,2392.0,3004.2381619749303,0.0029644609358632,-161.12738537465032,204.0890263693496,-8638.669513215424,0.0031380083253281,-1236.807420853235,0.0314883390094356,62.00747401197276,-7367.6293648845885,9657.230320534032,1.3704723100334304e-05,20.374437311500696,0.1358723721603547,52.67886715927158,-0.008265258380705,11117.18255707009,1.0,0.0,7582.056602256211,2541143.09,0.1032301963038401
165,6525.990829146677,2318837.7,0.8013161502604881,104.52713483587893,5565.072193032385,7255.204259070455,-3907.280257833873,2382.0,7317.510003525671,0.0272470009814104,-6302.56886888734,273.5544018285621,-1322.7623476372298,-0.0074533215408805,-972.3179161252788,0.0627663874082044,74.34110037971921,268.7672314570166,5718.527186789597,0.0002256306776299,10.636553028701464,0.1203595783144709,81.67360381062076,0.0040849036923718,6978.578262961444,1.0,0.0,7522.138633301624,3169517.56,0.0837371961563286
166,-7836.750824607023,2017505.54,0.8066904304908143,-0.7395977451697677,1923.3332468716465,7859.16549821108,-4520.419929590051,2393.0,2321.0167030312623,0.1335409784200698,6415.764120235776,176.62617482287618,7564.838882603393,-0.0073403092300483,9826.511496930576,0.041255618287876,58.99771119150853,3363.7762976019894,7052.722190217413,0.0006570013516881,14.824777094415394,0.1266363122378149,48.303669562320415,-0.0052566094863799,18139.71445170517,1.0,0.0,9177.63505109362,2483243.365,0.0908241720786491
167,-572.8287486422987,2232821.99,0.7965999451604058,9.235307828365476,4234.03375492607,-3593.071313576984,2582.238146248602,2400.0,1165.117789137212,-0.101789505352203,-4621.116551829438,162.84056537569143,2829.644377073117,0.0389161257259993,-200.72327778196868,0.0345516250725094,44.50515888650509,6300.155195165388,2433.0405023619605,-0.0003398416849019,11.128140837730102,0.1115910304146255,47.41703883391837,0.0049808027923211,14856.29637453596,1.0,0.0,1191.2447621290944,2490351.6,0.1077157921381608
168,-6052.862923936824,29805707.0,0.7868163468451032,-134.6825050250282,35016.70772688299,54348.52727366995,-12911.92994624051,2369.0,676089.0674345748,-0.0540732784773508,4976.31860876598,2335.162493528148,-18055.8194036675,0.1116185057643359,-28059.321492413284,10.979045149172988,680.4313213222858,-68143.60256166852,58135.735237844085,-0.0061973705901435,1392.460141535069,0.1447334711221591,674.4772201357716,0.1104423292273236,71678.86075558739,1.0,0.0,31332.90940261829,30209685.5,0.085578456773658
169,2283.007653710676,26729985.0,0.7948802280326701,27.812870882923388,-16311.322428977965,18055.161231966755,-52690.04086027773,2255.0,537425.1591138106,0.0586572926088213,-11031.925445547256,3043.189199868727,-47788.75879771526,-0.0225327958270319,-36974.1769785734,7.071696183931296,890.7552775006035,-86579.94191603694,56132.12269412257,0.0063470662590475,1126.6945216822198,0.1037263899279533,966.2275318506058,0.0581668625146886,55511.08600746391,1.0,0.0,26634.36982526449,27769130.0,0.0833649025776011
170,-33650.68022545944,27571135.0,0.8380304678998912,117.43750500737625,-183.969164360864,-2058.660907633559,24864.79262739037,2351.0,579324.0412861177,0.1369101348613033,105131.0619388994,697.6526491418307,13328.679898753177,-0.0851505711318795,74108.99248243235,6.931799943874831,171.8875762847752,230535.4316428052,97509.01221558051,0.0148746505953671,1611.772756316464,0.1180886692617327,324.5531431702025,0.1085460675703571,232900.37229010943,1.0,0.0,47454.33732310796,28301874.0,0.0987736584680105
171,-70029.61405594449,38701470.0,0.8054751106496912,153.18111739660426,-17899.83105278011,94924.99824538788,-19047.259321758786,2389.0,906672.7296691688,0.0768539736086992,-24186.3871073114,3263.0882814778047,53479.96447621976,0.2564750957854406,-49367.71355588548,17.177013160081387,853.2941553178448,25467.650796227605,30101.982540604786,0.0110140501799369,2143.6122304901487,0.1505885179736485,1046.4838996703852,0.1673598114646149,161965.4359220942,1.0,0.0,44293.701091693816,39533305.5,0.0819424681879605
172,124154.20065278854,33631740.0,0.8079841636423623,-44.85135475395657,37772.09256445819,49925.59496810089,47881.61930051734,2346.0,602929.6675181894,0.044376281476969,83707.4202897716,1543.0788163566094,59843.59668128737,-0.1068493150684931,53829.80218097768,14.412895559756342,631.6991601003696,43408.53489889751,48395.26217619898,0.0050221397880366,3267.849163756336,0.1157151256888696,543.8975508311436,0.0795530771002072,1068.1771369326682,1.0,0.0,39182.785336700974,33939075.5,0.1101369524430807
173,252272.8675583845,30671581.0,0.8197486140841979,20.77770252888263,-25878.608309798823,-29092.31883637264,57420.9367749055,2378.0,677454.6551306975,0.1738723495035454,1873.2578248177952,775.0113019738515,29832.47455807785,0.1776165011459129,50069.93312130826,8.501959623787242,-244.23559063302125,81047.42481169842,108822.16180239698,0.020381995464603,1474.1982010983345,0.1308483274576792,379.6444109140445,-0.0012446411284746,213882.5913748602,1.0,0.0,81069.93655879318,31039280.5,0.0926827478818875
174,13344.059595358553,2595293.62,0.8128873046339458,-143.73079637412843,1881.828788384,-7334.790207880647,5847.970659246799,2387.0,5609.730943592761,0.243039810176466,188.7908727611707,222.8420791282192,-6384.4401096666015,-0.0961605476042315,2778.744656418863,0.0556524789109003,51.52482846007427,-2521.3891468963698,14059.417915445149,0.0016406314697577,29.624960581635168,0.1581115063034218,76.08083072470869,-0.0061532004197271,11992.640371185924,1.0,0.0,7737.303968737712,3547655.155,0.0887673338924949
176,-751.3109682115123,1995687.86,0.8202906498491911,143.91580433132106,2411.2032678933338,8385.90837958466,-3670.852469480376,2397.0,3058.8805141186767,-0.0536092750994848,-298.2501859784072,197.36569225225315,-7317.93099925611,-0.0009339426006092,-1380.8081883445286,0.0300499302020155,54.67722876236844,-8311.140008073406,10396.393994744816,-0.0002541015100731,12.964861854166507,0.117910784787722,57.686308788699904,-0.0101565241805292,10211.201314608865,1.0,0.0,7725.164198598519,2545709.61,0.1065566859582247
177,8138.31355884454,2313844.45,0.8024129421442281,100.03910300932712,4857.244441112445,6266.423602056212,-3628.4833971881576,2343.0,7459.410196444279,0.0475595504547129,-5654.42105088905,266.5333409101128,-1739.3451015774633,-0.015931928687196,-2302.6746788501828,0.0736445619077101,73.22059082316083,-377.1418982072332,5379.439481789231,0.00039065058565,10.19657806612984,0.1303698963556933,79.03627072750585,-0.0054309203650804,8113.101105163522,1.0,0.0,8313.221133774823,3138176.495,0.0826764129111339
178,-4977.529540940685,2031532.88,0.8153550863723609,12.603075662534524,1502.9226984686447,7460.211019644094,-3913.069164915863,2431.0,2479.380100823066,0.2329125792777967,6480.356031035279,185.37279038214177,10492.155745939246,-0.0051339848675915,9176.496453860933,0.0474435341909557,64.9787217148993,5089.45042284166,6733.4799338741805,0.0012422568242218,16.788056044092034,0.1341768920414933,46.15614755464162,0.0025890603085553,19777.954547286547,1.0,0.0,11336.22553207952,2560160.455,0.0872066125943286
179,-1294.2856931304784,2291950.91,0.8020290649849191,4.60063415452318,5057.261042629058,-6127.057972576926,3708.986585253093,2454.0,1413.593859844599,-0.0245084378168193,-5732.109359004191,160.7973151112965,854.7272078112,0.0109731312435411,828.6795563485521,0.0452088919083493,42.92845711264401,7776.213604655618,3115.015114600613,-9.691751304404602e-05,15.50691273269502,0.1205392158525712,49.924046265408464,0.0053036013400334,15545.09457447717,1.0,0.0,1305.1351444148922,2635821.2349999994,0.107021706108004
180,-24800.01728764936,30087307.0,0.7864727353168898,-137.11148353708592,37380.033842852245,45898.69435145663,2058.60835845596,2303.0,807398.662725044,-0.0668941343159885,17140.410385258983,2422.012476186981,-29703.630499581388,-0.1607674003569304,-21520.22716808374,11.686992839111772,741.2785865840744,-80754.84786926792,78244.81160924965,-0.0081693372507704,1448.381191396733,0.1281706059348093,759.3807997401696,0.034301067764673,64187.23211403853,1.0,0.0,36901.04526878552,30519089.5,0.0869897858158959
181,10455.111986345608,27150502.0,0.7946061503042263,34.1230706686746,-19873.894800248145,11452.20443326413,-27967.84969899439,2283.0,517962.0933912383,0.0586995411784411,-21525.31740186892,3159.655831145665,-31364.18964349033,0.1969017761709236,-23222.061046215524,5.837859622679379,1005.5916366595436,-117360.26724635964,53852.77928027388,0.0064203289320673,1109.974881232909,0.1089276457882989,828.7408805350324,-0.0530701147835707,78898.2032822475,1.0,0.0,6801.988421090012,28174706.0,0.0831965232456191
182,-40660.00960469573,27721897.0,0.8379760609357998,118.63591872895088,7484.149745376399,-15394.300763673193,25552.66329622197,2327.0,572583.6519591917,0.137100210386447,98863.0701759446,721.2059271998307,21766.30636265136,0.1016188373804267,70799.03691989047,7.5562023321271505,149.80265105385868,238330.8978137744,74869.2368226477,0.0149699081428287,1317.7253313920764,0.1308279742349536,310.4161487148046,0.3612965384350698,229311.8753723513,1.0,0.0,49855.73951813876,28482877.0,0.0966258236396323
183,-45953.02261014811,39290770.0,0.8052338286713286,152.37446653755416,2507.4517951541475,86852.62115147468,-21172.18036713864,2363.0,904661.0225398428,0.0738132812510023,-25038.769564498514,3129.901092526165,52614.75026045498,0.1638808691688193,-55342.311323031376,16.51380162022378,722.4225592306082,31990.85799435765,30945.29292034956,0.0106506055858679,1662.6077780268563,0.1448007820129142,966.4844199210434,0.2652799889250363,168364.6790099816,1.0,0.0,39946.224914759245,40068116.0,0.082109558271455
184,141613.90794623445,33669068.0,0.8066769332306677,-55.39439444272461,26088.67532217964,48789.58271320928,41708.11982806909,2331.0,569992.7735926359,0.0435970939593773,73894.25407224428,1385.614628620627,72050.87185133707,0.1089608066352252,69226.7352616454,11.995961490492824,474.35993750623146,53093.67201393485,51540.11356133778,0.004920254200494,3336.984374075175,0.1508666103925969,461.7536287159798,0.1212311997201818,6137.605219355568,1.0,0.0,56828.0012691983,33982031.0,0.1106511537450197
185,244114.35141947257,31076022.0,0.8190450054884743,21.82419103970592,-24400.654197515418,-32311.973081699263,59501.05342215421,2338.0,665714.2599866748,0.1753564082815874,7382.38642764203,798.8400942944772,51688.5050070587,0.0621270084162203,46037.64104966708,8.262005021797233,-169.18035270652007,106470.47046205934,106591.67055224002,0.0207677856039117,1771.074667513253,0.1482274617299578,377.6785179693824,0.1420205653156268,219863.14929347456,1.0,0.0,66485.20061919292,31434772.5,0.0922701163705635
186,762371.6220560216,91520588.0,0.800987112695366,-121.35152478068376,-53387.74042815494,-559370.1215249848,-166870.54271718155,2643.0,11163479.500045046,0.0913375342292375,-119580.22102110964,8299.191315482998,-195066.5491573964,4.738530612244898,-156220.2715081317,221.01497785923308,2660.356816713008,803371.0562873025,251770.42085992423,0.0417323959554904,16286.657789315346,0.3877811952606158,2157.364417143613,1.9365656001117784,528405.3899614211,1.0,0.0,117847.5881129118,106161566.0,0.0739496231678986
187,216203.41605665555,92207301.0,0.7900191938579655,-42.09968124822713,26610.07140304057,170792.04378864152,206717.67253173725,2393.0,13363507.645581553,-0.008342883328419,-151629.3434903951,4171.98761768417,483496.1197672577,3.912567869690194,358873.47726601985,198.2080480438597,1946.1248986801152,739021.4710360254,303378.60411796905,-0.003830002375242,9654.806952326097,0.2822464726739989,1137.0418583507992,-0.2004414401986481,638020.7541753356,1.0,0.0,121070.1998383716,109556001.0,0.1082585791986634
188,-789526.3620810256,72864075.5,0.6639978064162325,-153.42021218278998,192753.3551554578,499322.5022481148,-420173.71601435344,2553.0,9863695.327154908,-0.4334994945064637,-207875.84571167047,8621.391906269844,-233440.17075991145,8.037839937839937,-211654.17156299565,121.89334204510996,2033.384026083372,-1379219.943631734,224100.82116334603,-0.212935416396826,4490.57188743509,0.3016723308815888,2453.708995889386,-0.2065997630496898,408446.4381800867,1.0,0.0,373754.7354553438,83737806.5,0.1511314088412228
190,796173.286234083,79957354.0,0.7857965451055662,74.1094618862743,-335025.58062482544,135473.10736418335,-103723.39585079116,2186.0,8396993.885035116,-0.0400871955561226,-180276.631127143,9051.59115979345,-96941.74502698852,-0.6989282234491718,63233.67285942565,83.18166696678605,3308.685142277948,-104235.26968762964,242707.10304609456,-0.0137434533904025,10159.59560502283,0.0605488919871259,2222.144843739018,0.083015993907083,440640.1794379012,1.0,0.0,123235.81530489068,87638625.5,0.1035481677101943
191,-564652.9470098672,80862110.0,0.8110227584315876,-164.5910604490726,-74668.28234964533,196808.7521540868,133391.07494986086,2366.0,9103505.503058944,0.0695741893381003,114947.94153336648,1945.9939429513968,335683.78504530224,-2.1985090435066,401130.1000384796,103.5360950451092,-540.2095911730663,311086.21167340974,309540.41692516056,0.024859027546763,13792.167378285714,0.1840857435287119,2475.9116173742905,-0.297763312789973,960440.1754536344,1.0,0.0,102568.31805297096,88860523.0,0.0964842760501723
192,771940.9809313242,91694069.0,0.8010419522895531,-121.67187302098796,-46929.11564648946,-563569.3693341808,-166110.21756629518,2643.0,11214567.271061923,0.0893646276123632,-131129.2047455444,8163.019267997181,-189247.0118835919,3.650854353132628,-158072.69191193348,217.9062663879404,2504.624358678144,801983.455249139,229036.0077551336,0.0409422277150902,15823.221859400865,0.3803194165967302,2272.280732968337,0.6732839368097302,550956.5862430304,1.0,0.0,129390.9458310271,106285985.5,0.0737949198199114
193,289203.01312875445,92173828.0,0.7900191938579655,-35.494105847030134,89688.76379351079,107962.1064324702,171298.82115568488,2401.0,13596370.381240508,-0.0087566379549998,-94768.25454932616,4187.803984986816,545019.1398495447,3.57206677982964,323990.3715775597,198.4630379091876,1975.686385523228,762187.1690583853,296940.064863753,-0.0040230942039936,9905.760630684958,0.2740640852548879,1175.7672832816722,-0.4774482758620689,614342.7331094609,1.0,0.0,134936.80845483323,109395704.5,0.1089397215032309
194,-778011.0041486728,72322777.5,0.6641074856046065,-155.94503276277084,141532.13811321577,458764.9738750672,-401064.0127800989,2551.0,9553260.429633113,-0.4357198044285177,-210986.6822297976,8439.841593697256,-253113.57728399933,9.92991452991453,-217307.42250002053,80.14219283629913,1807.4891095773748,-1331428.0810236908,212166.79465820536,-0.2135733194013309,3630.178707494613,0.2890971590001144,2355.1994228316144,-0.1259313418285634,405833.15697160864,1.0,0.0,345764.94477403583,83490295.0,0.1518750882286954
196,834485.5438023943,79763369.0,0.7856868659171922,73.80431493126811,-325782.8254517739,133875.78418502153,-91838.14889990736,2170.0,8379449.378537143,-0.0411837450655949,-162015.78984302585,8943.120133427892,-87733.96225235371,-0.8020628683693517,64437.547099408686,83.45941244398384,3277.864447012236,-93898.23118403424,245331.1044673205,-0.0139767006529479,9711.678581641409,0.0443697281115893,2128.111210685964,-0.1374844161241169,419840.027242183,1.0,0.0,131101.7478204955,87049728.5,0.1035861334744234
197,-558640.904313383,80238734.0,0.8106937208664656,-179.4042385321115,-63329.68268870149,196191.62834282825,144649.9062074043,2339.0,8944234.945398724,0.0636012706884073,93928.57184599667,1958.6243443873843,298295.1082042328,-1.3008718539233426,409749.847837988,102.44875951256658,-501.0458407276665,245995.0230480378,335280.52732143266,0.0223135475489542,14469.115652428,0.1772419837208459,2344.2441122257565,-0.5151746119733924,913133.6999779058,1.0,0.0,112100.7750121518,88180457.5,0.0957412797876815
198,26.46569294296569,579296.3400000001,0.8108582396490266,-26.10698875476741,197.9882202746324,165.04459390489973,348.8997825410682,2764.0,39.461214442837466,0.1327167773512237,42.69564230660259,42.274794965218994,353.47472776340794,-0.0011828069441539,-874.1884250215124,0.0021918827043808,12.117296581111091,74.86420515822863,170.81366309826367,9.565319911841476e-05,0.3965321479860594,0.1454016491704469,14.945458032048576,-0.0033560856444891,1759.3837404071814,1.0,0.0,702.004995323068,590330.665,0.1049530099556343
199,21.938376052333894,598572.8,0.8045516863175213,43.047267270849645,349.6020971992308,-561.3480545819019,756.2685969785778,2707.0,36.3307339102026,-0.0565001155416639,480.9051118561738,38.01046822536486,-229.38365103823145,-0.0012671783280833,-401.7804799804068,0.0018898466233934,9.946890200538393,2018.9139674224607,1206.0552186648983,-3.99941932714546e-05,0.4233246453138146,0.1704151112938999,14.545474548473589,-0.0032474000292954,917.1772540277792,1.0,0.0,306.2426790816693,620646.83,0.1082136389288805
200,6723.195223825598,589616.61,0.7867288182067452,100.36157227990545,6618.267898377774,-30.44451998035652,-4354.809278076002,2729.0,1651.7746954403526,-0.066949221616972,-7237.145174720579,48.54659840485553,3456.6380002009137,-0.0082892645571449,-7751.348337358459,0.0479379078477266,13.602789133111353,-1058.5305183677478,517.5043001619678,-0.0001353283200576,0.4608554585494179,0.0335608567054501,16.10516744671883,-0.001906862745098,4788.3903975188105,1.0,0.0,2377.6836463733034,641699.9450000001,0.0785765885592913
201,503.28731362846537,650273.72,0.7896979297536462,147.93513873537827,-364.6666037977165,365.6954483893402,167.23801713167103,2799.0,24.216299346453848,-0.1093572181340929,176.84638471787866,42.66312984948125,316.21618326318924,-0.0031648496861579,557.2192531447753,0.00187771209647,12.203861518742707,-101.42530010118018,594.2060742942366,-6.596756854767509e-05,0.5426088606497581,0.1757405603157756,14.407012620391637,-0.0046116205689493,2300.54328312079,1.0,0.0,533.7012933359747,663551.07,0.1036643765695862
202,463.0662898747262,627497.76,0.8139982405981966,-43.89791868511005,-640.9243250567456,14.203008561764022,768.2666869125005,2638.0,18.70853585295325,0.3606879521589327,482.6858984230888,33.18800847440741,939.3372909806076,-0.0003016409266409,-23.72621787873036,0.0022079527428837,6.685528057560593,480.2945035527954,1444.2618164663704,0.0002447865454377,0.609429370041961,0.1564609227304642,7.054838930092704,-0.0003989675516224,1128.4385543168016,1.0,0.0,372.7662194537892,635123.96,0.088844869495231
203,-723.2449230182311,584408.73,0.8016583383669211,52.144929256296976,338.66790005166126,729.9127534012957,-944.2917182933408,2626.0,24.159233670648057,-0.0210109008296821,-242.8434162100148,37.76090355481716,-485.3649692223942,-0.0024624600891474,-367.5877959331381,0.0015001901933626,3.658646939450661,-2377.6509324084145,624.7254412073113,-1.3453897483697638e-05,0.5834466416148613,0.1292214305976019,17.593200136909626,0.0007622418448514,389.2038785894632,1.0,0.0,837.6727989765618,594788.045,0.1103010712721967
204,1123.525127099693,563883.2999999999,0.8100356457362216,-106.8299286141476,-330.14774709729244,522.596544920685,-106.00437938799423,2788.0,42.15704385294554,0.1535176623788069,-529.4084910777268,45.506217813087446,810.3373161622039,0.0003038871554862,-817.9252597157163,0.0027760063726248,12.352704418583755,1526.453340795029,1282.6409976887126,0.0001006303444423,0.3485823837275977,0.0945162211576927,15.82471057859256,0.0008658335128923,724.0894832261037,1.0,0.0,966.494931531186,573511.22,0.096761562875161
205,402.5649552427539,591793.3700000001,0.800877433506992,49.54766410299234,508.25315328269386,204.87351695468945,-560.7836708429054,2752.0,46.33888749235888,-0.0091481205719161,622.787625314372,34.14540641156692,505.72057338507625,0.0067604686139476,115.13460737495956,0.0014384201470284,8.605687953677764,2287.123197194388,135.7887333949415,-6.038878186285713e-06,0.4590722926666553,0.1792590048504518,9.887868229068213,0.0022914683266202,773.714642992282,1.0,0.0,333.1829055875565,613580.39,0.1053923416330577
207,-463.6524166911928,654523.6900000001,0.8048258842884563,121.16735236198198,-129.36977456332784,-366.269923541103,104.7695360375659,2780.0,29.45991616593522,0.0013660660398511,702.6547389699252,44.38238123967152,-54.82589877656517,0.0037191840277778,-714.1841680850309,0.0015990217318471,11.173468774489685,1053.9351020301615,1107.9893211386498,8.452983157711438e-07,0.5822650038991956,0.1783685066904451,12.336565543722342,0.0011406169095347,1781.586616512738,1.0,0.0,241.81721614368783,667061.42,0.105879825447181
209,623.4983179709978,602755.02,0.7887030435974773,-7.646899447824626,64.77609843344648,-672.100466271354,-187.41870529667327,2704.0,21.241995669403604,-0.2425455201289796,-318.7065217963771,45.64983323356642,-1160.4272516051026,-0.0081593212349752,-368.0768522931842,0.0014232364568015,16.147533521101163,-2103.389128701134,483.4796858834608,-0.0001568137020617,0.5234038784678144,0.1552850227335743,11.449015445794242,-0.0007040187738339,1799.5014250634113,1.0,0.0,415.3505345553828,610371.6249999999,0.1180133138398293
