id,y__fourier_entropy__bins_100,y__cid_ce__normalize_True,y__autocorrelation__lag_3,y__autocorrelation__lag_1,y__partial_autocorrelation__lag_1,y__partial_autocorrelation__lag_3,y__ar_coefficient__coeff_3__k_10,y__autocorrelation__lag_2,y__number_peaks__n_10,y__large_standard_deviation__r_0.1,"y__agg_autocorrelation__f_agg_""mean""__maxlag_40","y__agg_autocorrelation__f_agg_""median""__maxlag_40",y__ar_coefficient__coeff_4__k_10,y__autocorrelation__lag_9,y__autocorrelation__lag_5,y__autocorrelation__lag_7,y__large_standard_deviation__r_0.15000000000000002,y__autocorrelation__lag_8,y__autocorrelation__lag_4,"y__fft_coefficient__attr_""abs""__coeff_78","y__fft_coefficient__attr_""abs""__coeff_40","y__fft_coefficient__attr_""abs""__coeff_23",y__autocorrelation__lag_6,y__fourier_entropy__bins_5,y__binned_entropy__max_bins_10,"y__fft_coefficient__attr_""abs""__coeff_38",y__partial_autocorrelation__lag_4,"y__fft_coefficient__attr_""abs""__coeff_64","y__change_quantiles__f_agg_""mean""__isabs_True__qh_0.8__ql_0.6","y__fft_coefficient__attr_""abs""__coeff_70"
4,0.9457372625465572,21.883146869597525,0.9740392579980084,0.9867683480340912,0.9867683480340916,0.2033159397412282,0.1489644898723578,0.9781495004539946,626.0,1.0,0.9402825346603834,0.9361044625147588,-0.0606088126319478,0.956874964411027,0.964991210101206,0.957459611740122,1.0,0.9564255423851208,0.9683573728830458,450.4636070581059,899.6066431710815,2468.60562459466,0.9627708753681417,0.1252557017492216,1.966621032237436,10070.291330494763,0.0104611921732941,1174.2631125071157,0.46155864393879,1125.591586979433
5,0.9621685818023348,25.346160024402018,0.9607830343552598,0.982431778724562,0.9824317787245616,0.2084316060679025,0.2571611772109635,0.968014206360073,570.0,0.0,0.8936372513750068,0.8823332082486288,-0.1764394593919057,0.9239942359865888,0.9418293688836188,0.9302831897926198,0.0,0.9257630633865428,0.9493731857410702,2045.351336094832,3794.428197050484,7640.43897127434,0.9376379513066748,0.1252557017492216,1.200814927805631,9105.886507354177,-0.0870735393125455,996.195561140539,0.552538040185924,1149.0342395377857
9,0.1360021696648796,9.309701028981449,0.996023587917174,0.9976196972485044,0.997619697248504,0.1833276018369708,0.0629232221737211,0.9966215132700544,627.0,1.0,0.9836559047272064,0.9866702936105648,0.0499117641459338,0.9942319337461338,0.9952884850357062,0.994724763796584,1.0,0.9943704266393556,0.9956131892458796,111190.94451505868,305773.3982252773,1670470.087917293,0.994999448677797,0.0453947781468581,1.97273769710331,4268016.203389642,0.1371267844293141,670337.881162253,83.3012920908379,160512.13813664342
10,0.1252557017492216,10.213728516098698,0.9951099169572596,0.9971485307040022,0.9971485307040022,0.1318570376291778,0.0432925150664008,0.9960599488566182,597.0,1.0,0.98215451951974,0.9852488724397662,0.0018998725671063,0.9930202535856468,0.9937760208585804,0.9931529657775144,1.0,0.9929738276451116,0.9943257635612088,163141.562241871,132999.30196700484,1526245.1193593948,0.9934358830891836,0.0453947781468581,1.916677890848688,3174584.6978292186,0.087877896143709,486170.6725278051,76.67033801747057,125383.59911191666
12,2.066495638231459,69.88682634683344,0.7990514769721242,0.8649859697916682,0.8649859697916682,0.0951838149585021,-0.1218573959885271,0.8411952496145049,844.0,0.0,0.7657488203781538,0.7539433622262512,0.1908415199544406,0.7810753572726528,0.8280766495963408,0.7772493864982305,0.0,0.7743066656495586,0.825579638602767,673.7866475905668,264.91373740732007,1057.3097115698615,0.802699846402239,0.155664698712122,1.00820967382606,4121.649917275878,0.3176077989622473,983.9182183791136,0.5264852225963338,373.87746495817424
13,1.9342964930765467,61.23520564503509,0.8454444142992692,0.8971967569596921,0.8971967569596921,0.0640792462675403,-0.1502069989545592,0.8837062462009636,799.0,0.0,0.8150692801831912,0.8074828570812654,0.2224658285179271,0.8262573566496896,0.8668262181678826,0.8298865040981417,0.0,0.8258410466508106,0.8715091963110512,381.2701986099427,1767.354588312864,4607.982971041928,0.8579210882473608,0.155664698712122,1.089893090103769,153.74275234978282,0.3513155447990514,1739.4406621567152,0.5684077739227552,517.7118017620126
14,2.061799911621639,76.36240030565907,0.7642733408893203,0.8413532374287631,0.8413532374287629,0.1243823910025356,-0.0607396153856845,0.8051133298868829,799.0,0.0,0.7039013674848437,0.6879825178127588,0.199568193538222,0.7255222448908819,0.7891927088890827,0.7297325542911064,0.0,0.7203345981576378,0.7909042689601524,800.0496873814346,2049.1188107363223,2421.5689141159896,0.7636997727000775,0.2331370224017834,0.8567390181308473,2714.6648400707822,0.3015933031037892,2781.5860323702905,0.5201655951685175,1202.9287172956472
15,1.5345394958578311,63.35451981054212,0.8464707449926662,0.8899372334595287,0.8899372334595282,0.1509005351429836,-0.0364916664539429,0.8718819548016965,806.0,0.0,0.8100810450173773,0.8050918688466351,0.2024932076570903,0.8232174804094047,0.8619905683337289,0.838260579747328,0.0,0.82531688751371,0.8660620603049798,717.6814559974376,1984.5876105244347,6197.950257701712,0.8605579861233523,0.0907289936621287,0.9747590449178748,3496.664674429097,0.3121793892174516,370.86329065842494,0.6826981814971753,1136.5075258249449
16,2.147215807760829,74.183124922405,0.7779653459853343,0.8491375429867929,0.849137542986793,0.0602873510507761,-0.1158119285075208,0.8325974791793113,803.0,0.0,0.720048812252631,0.7032733866269643,0.1736821541271387,0.732326686935977,0.8133394574125575,0.7615380344545338,0.0,0.7417227569468262,0.8108368048092982,528.0075509876755,2142.504955834438,2170.658189818217,0.8080508070224839,0.2627423325550306,0.9524978324078848,2458.485939249375,0.3194629848732381,1623.0593505118557,0.5434593209481101,884.4283958237177
17,1.939280204276214,77.26449858879377,0.7909753276900191,0.8363063475905964,0.8363063475905962,0.15690793919486,-0.001715801302757,0.8261231363151271,766.0,0.0,0.7496207773482935,0.7422180432760663,0.1416536822902963,0.7622448846347807,0.8014493823661416,0.7729601254008927,0.0,0.7647742245371667,0.8082106321702835,796.1623687397646,1614.7555165033743,2983.086319307579,0.8006695697096395,0.2284647054834789,0.4897657389351538,3269.4318625840374,0.2535083920698426,1303.445708117793,0.6657930317212689,1190.3560731542066
19,0.1360021696648796,10.285845752750092,0.9952046353640006,0.9971302343130976,0.9971302343130972,0.1479878732759403,0.0647976305747138,0.9960677421224848,600.0,1.0,0.9829327894497272,0.9859817846367755,-0.0140334370770785,0.9932611694259146,0.9938604773823352,0.9933291132492592,1.0,0.9932295149723828,0.9943829320111242,109687.8290712116,176535.10514831127,1438316.7000607587,0.9935889141031043,0.0453947781468581,1.86512967393368,3155501.31211597,0.075061203591057,551448.2889412558,75.2057453416149,58120.443110297536
21,0.6918488985911521,21.55726009221581,0.9619014443606004,0.9872737104420848,0.987273710442084,0.0142379400512004,-0.0406641123960266,0.9743256177253804,667.0,1.0,0.934957474072877,0.9331066793758538,-0.1116631914326923,0.9334585194642556,0.9446280262636462,0.935982488084226,1.0,0.9340315055871364,0.9510493464497416,219196.7941103136,420845.2831580247,2713412.1249065967,0.9398792291898844,0.0453947781468581,1.8121747169353333,2703874.746932159,0.0554881866845078,216323.2042288002,172.14227035100822,201137.19601081265
22,0.6031902073599473,20.57357559187572,0.969905698621376,0.988391599850346,0.9883915998503456,0.0532077390899456,0.0500193331807084,0.9785467487838664,678.0,1.0,0.9436017333554932,0.9453605862754726,-0.143272075481023,0.9458163656170196,0.9555302350441646,0.9489751226999716,1.0,0.9466510842388388,0.9610474183093072,146513.9348862763,563439.9985337192,1231963.042440099,0.9517350818044544,0.0453947781468581,1.9207362678194853,2084030.0950409188,-0.0053055401962032,245631.76244281017,125.57633769708303,174879.86179336443
23,0.3184493542710889,14.325084246608451,0.9910052468516316,0.9944144998575472,0.9944144998575472,0.2357723887889463,0.077315931774951,0.991912655717727,672.0,1.0,0.9782964994374522,0.9796424577314684,0.0978892472308569,0.9870429523319616,0.9903769317377064,0.9887844439711956,1.0,0.987912672033323,0.9906841185010292,105557.18029585366,292269.5079695226,1651245.0203157344,0.9892122174311366,0.0453947781468581,1.7604041715394718,2737651.591282476,0.1903204608436683,217429.39986601024,134.9558823529412,142480.63608126136
25,0.5453770907925932,17.49872102303382,0.9801603418938004,0.991635450993476,0.9916354509934758,0.0518910314397385,0.0261750448836047,0.9856114385053524,624.0,1.0,0.95175217722947,0.9496983801179152,-0.029447467207588,0.953398026553776,0.970712437757565,0.9603912674426446,1.0,0.9565015659885212,0.974947117545143,95433.07658240807,446935.214753605,1916753.026649764,0.9655679514699954,0.0453947781468581,2.0542607897616114,2030388.5626351216,0.0247975597613247,78022.06145385938,133.88482490272372,73972.49749641698
26,0.5654725228847692,17.351042477161357,0.9809640391173444,0.9916816668332904,0.9916816668332904,0.0936174619755223,0.051160310748471,0.9857003612528344,629.0,1.0,0.95312444302217,0.9511801293655052,-0.0195837398239386,0.9580673822790128,0.9732479993163888,0.964046068197687,1.0,0.9603155471126832,0.9766447268911186,313053.38235199725,461021.9569519826,959919.3590311208,0.968761930253576,0.0453947781468581,2.124513841408061,2701567.4585639327,0.0491595730215227,541883.3606220634,149.0944432798798,425617.22131073615
27,1.3599007852583596,28.704276379162515,0.9353973055885332,0.9768696283916444,0.9768696283916436,-0.0096688244325289,-0.0092085108068928,0.9561754037183512,324.0,0.0,0.8766090625744685,0.86759942889576,-0.0940915488576878,0.8785136158764865,0.8994800190880375,0.8846534471618385,0.0,0.8813710935380512,0.915266661076294,159.3065191829648,320.4080333663269,359.96096741077497,0.890075911978918,0.0907289936621287,1.3423625396836305,1623.883079890238,0.003404435786918,108.18931750606666,0.1052030497205349,153.14206862125485
28,1.2387589314745393,26.62607047192855,0.9427931881437276,0.9805739926869876,0.9805739926869876,-0.0405644311814175,-0.027947501017631,0.9623013526149148,286.0,1.0,0.8884716758331479,0.8844292970177573,-0.0133535797284384,0.8844276163032898,0.9060738587356432,0.88860586827079,0.0,0.8859447767098696,0.9238355760931416,35.902346883529624,320.80891985635765,755.3889659812223,0.8940183485968054,0.0907289936621287,1.4598447864841566,1450.5159197827709,0.0024593196934895,174.32819839747324,0.0586170273332305,43.52481844255051
29,1.6248663169483235,29.163570445244883,0.917219243173096,0.9766838013494282,0.9766838013494288,0.0520690867204818,0.0668473439396299,0.9460001676200572,157.0,0.0,0.8517875260289248,0.8431268392557454,-0.0079757928677985,0.844320467740238,0.8644110873311717,0.8429974321654118,0.0,0.843256246346079,0.8896482956473973,487.46857382569647,352.18523754070947,697.45810074297,0.8484695335977507,0.3807944960739173,0.9037826515770366,785.6695999333838,-0.005824876468884,297.52198146117536,0.0767404330716582,230.0733191524473
30,1.132306872866491,30.406100603033767,0.9114132835381584,0.9746068852980276,0.9746068852980272,0.0456774738880229,0.0717377873044929,0.9419819057575812,336.0,1.0,0.8058748820067791,0.8063892378170543,-0.1058389028973187,0.8271053841879759,0.8569059642298625,0.8386969717230701,0.0,0.8327646242603312,0.8813086153564356,371.906738345432,792.5765929062692,963.0128138544604,0.844279909374261,0.0907289936621287,1.3536661066292155,1615.943855800114,-0.0216906970700083,658.597599529526,0.0902698001342825,325.87124866993645
31,1.437084754770413,31.923133882004763,0.9038308892068342,0.972010214961602,0.9720102149616018,0.0001716423146351,0.000520525479924,0.9377735563823376,320.0,0.0,0.8074186896143518,0.7897551218155574,-0.064538273896454,0.8129927957595321,0.8461359033286298,0.8224493387359513,0.0,0.8170880179190564,0.8718232199131876,255.2575350670528,413.9929218384467,512.5303364595676,0.8301809917255558,0.2090692627106809,1.0339032743892336,1212.0972768974264,0.0152043009242467,231.86419819193867,0.0888017793980952,210.3001903035652
32,1.1791662062714503,23.597421820811327,0.9480773294194692,0.9847713118401472,0.9847713118401475,-0.0389975390409615,0.0054465312212307,0.9669791730368144,322.0,0.0,0.8852560554841638,0.8797839925200157,-0.0653065203698532,0.8945144610256484,0.9122617940645844,0.8941621171760655,0.0,0.8932546437048651,0.9289443466820012,428.393819442972,721.2400792959411,1626.0153412735638,0.9002021322590504,0.1360021696648796,1.4071138370289114,1430.7643710859418,-0.0119833745196477,470.4636632736133,0.0864681252161054,121.98691195211516
33,1.901285646868197,70.57714380674349,0.7898648197038319,0.8634365645411763,0.8634365645411762,0.086841644171767,-0.1226740924924344,0.8344673587836353,825.0,0.0,0.7655946395874951,0.7543283212698496,0.2223325181424791,0.7760073566413408,0.8338762747332322,0.7947453640187486,0.0,0.7872928614785315,0.8314299829958411,849.4888130017071,1181.4682147464473,1777.6684513899115,0.8433035380278185,0.1704673537887455,1.113479915990291,4169.0224127197735,0.3871547284224488,1273.0773761051594,0.5868253155919481,505.8593220945119
34,2.051795644531774,72.57330507570933,0.7846810286924413,0.8555824148102422,0.855582414810242,0.0755570425709369,-0.1390259688159204,0.8337626512406061,810.0,0.0,0.7574821638928985,0.743200445698474,0.2211268248246439,0.775155084417841,0.8372089095670628,0.7904169451738852,0.0,0.7814247972724686,0.8316981943071392,135.64734371775108,1087.6536626732336,3919.386341187408,0.8420281931306758,0.1704673537887455,1.0279026973529128,1916.7271380474904,0.3945771154916688,1157.852851967369,0.5372938369698529,242.9430457248677
35,2.188099953917334,84.67729808561043,0.7176344759648784,0.8034316963871672,0.8034316963871668,0.1043483270830933,-0.0686971219054411,0.7717270491000862,768.0,0.0,0.6526568402600995,0.6316773327703677,0.1794088556280584,0.6758063402679835,0.7595419005082448,0.6935986239757457,0.0,0.6846418363872983,0.7569671542951542,792.8286015176366,871.8052159523907,2868.157038392335,0.7538157064572261,0.2801790812253812,0.8566015716649162,3564.6435531121174,0.3115688802276128,1487.6117254843516,0.500615583804143,355.3684663647545
36,1.5371380447704797,65.4361626349229,0.847458274227354,0.8830541194915805,0.8830541194915803,0.1514449441031698,-0.0200420260631259,0.8749357556272963,857.0,0.0,0.8062763349901797,0.7988015562869326,0.2026132544932992,0.8249858622651508,0.8530174684501397,0.8344606761705728,0.0,0.8243694064300706,0.8672370903428155,887.0763531322484,2649.050507303353,5865.222649750334,0.8558750909570155,0.155664698712122,1.211604421266798,2564.7474039368785,0.2992258489115742,1562.5384452484006,0.7002554817944076,779.5748831022486
37,2.061180083367489,70.95226438209289,0.7973362752991596,0.8615179596915868,0.8615179596915863,0.0556678972594277,-0.1305295152662345,0.8491359083712654,825.0,0.0,0.7495236027060018,0.7377953532252544,0.2400750785537228,0.7620070638708707,0.8256703402138214,0.776486994242858,0.0,0.7652775818105445,0.835836187886229,223.9127266653376,574.6848888402857,4379.675451984263,0.8228276846269604,0.2780975762021836,1.123408092872744,1551.5665023116708,0.3567947706010613,841.5164666211954,0.5384715025906734,675.1813439308335
38,2.321511219841541,90.03613772930491,0.7146355144291023,0.7775654078688294,0.7775654078688294,0.1809940293681965,0.0072873752489348,0.7477716864712259,813.0,0.0,0.685261372842303,0.6769374423669697,0.0964080016705723,0.6935278928355394,0.7587239757392971,0.7120597247705224,0.0,0.7003677910309953,0.7348572364596295,617.6092246595033,1016.5019656953964,3633.3949667788015,0.7472838860785079,0.2284647054834789,0.1298264504504787,2770.948851867832,0.2493486738153226,325.52427478704345,0.667107761027359,312.2947660924238
45,0.8753014873713388,49.04512093681281,0.9298381949238947,0.9332079039289564,0.9332079039289568,0.3089394118289966,0.1070641282846181,0.9307148840038152,634.0,0.0,0.9182972990356324,0.9190457463165864,0.070594153834618,0.92582573847744,0.9300666140904044,0.9275847513476873,0.0,0.9248285051103144,0.9275537757976776,168.67882543420453,122.83942122830535,680.8775629886037,0.9276681752929772,0.0453947781468581,0.9321546531169912,1481.1131064640483,0.2118874314555719,226.7411053643356,0.190698695055189,114.13117863288284
46,0.6545049210553376,42.96157172496352,0.9539025923540289,0.9512008077116404,0.9512008077116404,0.3529200687294188,0.1334261666952887,0.9526291472808612,641.0,1.0,0.9429784129813118,0.9453710307502412,0.0632879752522535,0.9485921342773108,0.9595595529298936,0.9501902638560276,0.0,0.9513338478013016,0.9504368073433438,171.45664574688,1025.747151581623,236.8346902900438,0.9519343753821,0.0453947781468581,1.608291219172174,520.0095200284883,0.2070380857154916,202.41044964029493,0.1225262950954007,176.9602809638397
47,0.8783381752604484,34.15606369584651,0.971805046557938,0.9671780476230812,0.9671780476230816,0.3872666727641638,0.206411963047185,0.9705734679121066,739.0,1.0,0.9592813284260036,0.9608043341634238,0.05566380752058,0.9638337553336024,0.9713961330126732,0.9668496750989586,1.0,0.9686060571474524,0.9667025570773244,120.4569953212564,271.4113602853895,841.2760633220768,0.9679245429971968,0.0907289936621287,1.9368884406865403,443.8352014018685,0.1568020771559744,176.8212978244708,0.1786426089715859,175.77381821451644
48,0.8346670014935041,49.67696044941451,0.9327958807780632,0.932372025078461,0.9323720250784608,0.3435128092836653,0.1346488806222433,0.9302539024015976,681.0,1.0,0.9194594174439732,0.9209508165426374,0.0634941294624283,0.9209434022501756,0.937124500103384,0.930700272668457,1.0,0.9271823656300964,0.9277674541763382,129.59476457579825,137.48895587553764,385.9635308115311,0.9273526770058168,0.0453947781468581,1.8986072540818504,1216.981673543337,0.1992284190289431,138.67716255487673,0.1703398700523083,34.12757064961509
49,1.4348822800204972,74.67360962565758,0.8477482737491664,0.8471072939672992,0.8471072939672992,0.3119350164449574,0.1114555035914733,0.8490239165858932,683.0,1.0,0.828070791498428,0.8298550308885015,0.0792390564550735,0.8291866008818203,0.8562692268463364,0.8410417138014672,0.0,0.8419999092542534,0.8430688038666588,243.2434526443739,499.65372192846473,342.28824314650694,0.8479394513941728,0.0907289936621287,1.482555843662796,1186.3130068453224,0.214229456180562,252.46247978085464,0.1517452124445307,104.71712636900352
50,0.8763465717675867,42.80237162174153,0.94555662680353,0.9498162529767742,0.949816252976774,0.2590019277323632,0.0757057591630795,0.9510287549115516,663.0,1.0,0.9308220065489046,0.9335031023361346,0.0983386677182842,0.9376007137347095,0.949020935271086,0.9428674908574444,0.0,0.9426080934523674,0.9471691443269672,145.00940855709788,324.7750509819276,605.7129856010541,0.949026949699159,0.0907289936621287,1.5242190993076357,1437.717970095569,0.234238605969967,492.7284944685529,0.1534245327565921,320.516619281532
53,1.3244777748895842,57.8442676039989,0.9164355017424164,0.9057578541519148,0.9057578541519152,0.3481467753890455,0.1354164868719221,0.9191933583433516,599.0,1.0,0.9048993253676472,0.9055259682148382,0.1109701750451588,0.9141303985679332,0.914726112549686,0.9164088824995842,0.0,0.9129451133672016,0.9150596640540766,89.02807081033191,236.05596945128363,560.0793104982159,0.9147804242324936,0.0907289936621287,1.412792479053414,214.267626638558,0.2411587637577284,81.04372992137232,0.0834864303599368,13.71499011339961
54,0.9666188629306314,71.71504917812479,0.8715631124948483,0.8589782150396195,0.8589782150396196,0.3374947054528485,0.1160473233293428,0.8739868476870111,652.0,1.0,0.861708645156407,0.8627758204013658,0.1189625003694993,0.8695905820162035,0.8704310175024846,0.8698506389055801,0.0,0.8719545802956716,0.8726849022815016,3.9231426810066696,79.9552795391953,44.53349697654168,0.8731611862314127,0.0453947781468581,1.625980240114136,611.0082173723587,0.2569389560842472,125.79095294877592,0.0891853060552613,33.95944028768276
57,0.8403056918069602,44.02667825191189,0.9409385575432154,0.9463982016210208,0.9463982016210208,0.2889880976460743,0.0942318854181998,0.9430874567521544,597.0,0.0,0.9322358009902532,0.9325759456011348,0.0809361123962039,0.9389919494293892,0.9395333486327292,0.9391800639409124,0.0,0.9382597629546034,0.9398832725448968,144.42880148834797,196.49903269411843,589.8018618172594,0.9388942283396382,0.0453947781468581,0.8625427917895153,1708.8650754306277,0.2144959365175535,259.28569444460703,0.1403077907548665,167.77754074442817
58,0.4763794132786413,35.139647059946675,0.9643574659971402,0.9673242684796528,0.9673242684796528,0.3112190995264745,0.0801561377708759,0.964502312083072,579.0,1.0,0.9575607770053328,0.9584155423382976,0.0825078137357938,0.9645931185512658,0.9716184241272414,0.9629416309412612,0.0,0.9631150586747806,0.9654703799388936,94.49702782434446,935.0225305297048,266.94824856956524,0.9654435699653272,0.0453947781468581,1.6364603896236738,730.619974667413,0.2614195831011854,230.96606718712368,0.1142176499163752,40.78656266174927
59,0.4081777289760011,24.971292618160163,0.9817287664692208,0.9824363150660652,0.9824363150660654,0.3183595588499912,0.1351335367362973,0.981909771856941,621.0,1.0,0.9740182596264828,0.9743682634743648,0.1122246193599296,0.9792727560268906,0.9808962070868622,0.9803049000169014,1.0,0.9799256563991052,0.981369690384328,33.392911703902584,305.2304660056815,558.6008923286546,0.9803927870012206,0.0907289936621287,1.9320208745145344,322.36665648293945,0.2270558566964161,102.4673601909546,0.1339561916135605,55.11577054575201
60,0.4319714480487708,35.77855812333392,0.9611872219518892,0.9649248351694102,0.9649248351694106,0.3004761168646246,0.1072843320065992,0.9619229020575246,600.0,1.0,0.9520964497798168,0.9533132309651292,0.0950632077632159,0.958727083457866,0.9600174409306216,0.9595586294573406,1.0,0.9586767079282889,0.960634134695686,39.22918513521039,130.10941391984537,359.04108532479114,0.9595302465116848,0.0453947781468581,1.938646787291422,1171.2696169312362,0.2222131874201725,128.0203851439406,0.1256206488619703,48.35506760998147
61,0.895195109565971,49.42422918756934,0.929532879525058,0.932997435349506,0.9329974353495056,0.300013592620156,0.125480755566518,0.931648763436712,552.0,1.0,0.912513542318724,0.9128431964498848,0.0734902719496606,0.9228152015998596,0.9263751174671554,0.9241397395854803,0.0,0.9225554542132336,0.926068503903068,199.96647835985,297.70022478571326,225.22369586312595,0.924860701865228,0.0453947781468581,1.4413812482352288,955.0454212883412,0.1945666486063102,106.56545390511975,0.1238421311404302,90.77031705510927
62,0.5931675835541855,45.22688290895417,0.9400689789080646,0.943944247847065,0.9439442478470652,0.3040730094529138,0.1151394869725627,0.9411507130292912,629.0,1.0,0.9267149353935016,0.927812534371514,0.1066124260297976,0.9347745799490422,0.9381113692877197,0.9369166278666076,0.0,0.93507773617015,0.9395400185645704,108.66887957784348,203.877923372439,501.85474826954817,0.938170170299027,0.0453947781468581,1.4633486175844923,1078.3762346555402,0.2278752258870325,234.97055447749847,0.1197690289389822,134.32701233967634
65,0.3184493542710889,14.403634530729011,0.9911373646376674,0.9943515805233276,0.9943515805233276,0.2480978844772808,0.0903647359276801,0.9919022920443956,679.0,1.0,0.9784707800984744,0.9797573827938196,0.1124820881723189,0.9871391679487737,0.9905261366718564,0.988918629053042,1.0,0.9879855722588358,0.990921259701788,96811.62658199944,288109.9719973585,1670133.35724409,0.9894144996826728,0.0453947781468581,1.777888787966276,2682445.965460031,0.1985385283421037,239951.3159768436,138.15459202341748,170872.5381545103
66,0.4079999073452127,15.256303542322575,0.9841080373888772,0.9936834615986327,0.9936834615986327,0.0849553050486728,-0.0708662673671293,0.988388466701931,666.0,1.0,0.970174434272912,0.9712221109564776,0.0496177712606071,0.9777115914553282,0.9804516691467186,0.9783929026381216,1.0,0.977945900874093,0.9817808546396032,385026.28895535285,242468.4656846824,2091669.743097608,0.9794503260039144,0.0453947781468581,1.778021422644311,3766831.8402051954,0.1692799399821048,705650.8612365093,137.0921712041176,116895.94902302689
67,0.5453770907925932,17.394662550699238,0.980562657933972,0.9916535895919206,0.9916535895919208,0.0609023192606257,0.0303100869256147,0.9857684318860584,607.0,1.0,0.9525214259585884,0.95093751047307,-0.0256694657281782,0.9555586440345152,0.9716467435546052,0.962158786970176,1.0,0.958532797849332,0.9756323430820976,179948.9840903551,321299.3103376433,1720207.5311136723,0.966980008412158,0.0453947781468581,1.993534603194477,2380489.6405865354,0.0304842145424966,241070.0822248283,133.73057199211044,354153.7048347363
68,0.5790631779349041,17.4124032442477,0.9814579866328268,0.9916607676494305,0.9916607676494305,0.0930022802670389,0.0352127184717709,0.9859958246056292,620.0,1.0,0.9554481042665446,0.9539951394259388,-0.0136539840954481,0.9606058561566088,0.9746899354572937,0.96605403639693,1.0,0.9626016377697496,0.9775537102101186,407834.5828466757,233282.34623136368,1000655.5304550922,0.9705492877215997,0.0453947781468581,2.117781662405251,2854161.8449585303,0.0652089153608335,344414.34311027144,147.80556868474196,330599.071438276
69,1.8143328498625184,75.589945340409,0.7620614109702979,0.8433094453874715,0.8433094453874717,0.0894417801338882,-0.1234481852607247,0.8112893121188467,825.0,0.0,0.7315675671286752,0.7170069528240332,0.1714974635302523,0.7512213550232557,0.8185287223814607,0.7658544569718321,0.0,0.7510149270563737,0.803628280176863,861.7297927309352,1643.2584701458395,1673.6592512134712,0.8187972463646247,0.155664698712122,0.9148356572482936,3648.741004624112,0.3597923565392807,352.0652008796348,0.5121796395325808,870.9794632854847
70,1.796215765295898,70.19740080741384,0.7992839318736816,0.8648831675371974,0.8648831675371973,0.0800302044352521,-0.1266864371999688,0.8446862112887975,831.0,0.0,0.7693951819920468,0.7550785907947353,0.1847391264303181,0.7873384051903132,0.8526728741321208,0.8040711963673781,0.0,0.7919728609032244,0.8409075842730106,893.3684374422652,2246.344852308889,1731.2819904199152,0.8563196590958269,0.1360021696648796,0.9705691132874746,3227.388737763727,0.3846652638991825,1052.710123557173,0.4906515717995999,880.3305850110827
71,1.7467818204850645,74.35980180794473,0.7777907710171496,0.8484097618424853,0.8484097618424852,0.0981507253046101,-0.0709824979881332,0.8234706560957583,800.0,0.0,0.7052534510752222,0.6851880920045899,0.1900134243960488,0.7279297695721618,0.7958226908624836,0.7509266441158834,0.0,0.7370573294080279,0.8028757027893938,958.1558498867116,1630.3055282067187,4799.944076607732,0.7895054167478572,0.2540933576978907,0.9439135865004612,4543.321221616028,0.2949303096983224,1782.8051534671686,0.5551945602541195,185.785980996945
72,1.5551956464296637,67.24155293316143,0.835747884038737,0.8760611430760057,0.8760611430760057,0.1469772658157802,-0.0178218504467736,0.8652128287206875,818.0,0.0,0.7883189237727187,0.7817343050346419,0.1556591757043419,0.8070297055817436,0.8469564554680385,0.8191205218408543,0.0,0.8077610087420427,0.851215888479559,1373.1673737850922,1247.0376352793269,3201.773391460808,0.841635942164146,0.155664698712122,1.1270552825689066,4410.919586846984,0.2700281538852872,796.5740293128478,0.6747434305814195,759.1576215578981
73,1.9806843575176605,66.44404115056116,0.8170985565038901,0.8789863126454122,0.8789863126454124,0.0508742659617659,-0.1207575464867858,0.8639129599019155,806.0,0.0,0.7490943379946248,0.7353223892670452,0.1953408804074148,0.7669936456243999,0.8332162421092137,0.788590092025529,0.0,0.7722877859502443,0.8412132970101114,625.3942436188631,548.9470697458767,2168.057794127989,0.8286038640058885,0.2780975762021836,1.2175896230682248,1171.4419854423934,0.3132527156475571,952.618738608091,0.6383234244946493,1139.2506963198591
74,2.621072592412633,99.95453981714628,0.6747306899522447,0.7260629378912706,0.7260629378912706,0.2026602795534363,0.0292817972093626,0.7050398239698451,815.0,0.0,0.6491601743582043,0.6417636524945924,0.0953761823390387,0.6562384470766407,0.7052457148174605,0.6827998872814073,0.0,0.6636751223513745,0.6930952751255742,252.663426035128,1780.1948898928035,2300.6300030089537,0.7138091835309748,0.2734888004706886,0.0106381692044113,3301.890074253967,0.2344951323212793,771.3111971466666,0.7086973365617434,203.80694733188025
78,1.155592103250992,60.65503265996194,0.8704617901972711,0.8991667371712073,0.8991667371712071,0.1345241584739258,0.032659898762182,0.8980141089954163,751.0,0.0,0.8127814816839727,0.8056913529193033,0.1101031823599442,0.8373549084357783,0.8505859804137142,0.8391998278530647,0.0,0.8517203803862166,0.8719510864357248,603.2215846553411,945.5318960848774,4884.620229427403,0.8579018839507643,0.1252557017492216,1.0597876632190015,14121.238707599108,0.1835984531937135,1370.893572366273,0.5675944881889763,618.6282725958513
79,1.6133966332693086,55.738016059198166,0.8716842730948096,0.9147631264925156,0.9147631264925156,0.1180208576730059,-0.0044663907072676,0.8967592935729756,706.0,0.0,0.814657823852784,0.7998887906188754,0.1366718315584084,0.8657788743558085,0.8496953208798698,0.8468765515613975,0.0,0.8674553867855478,0.8711455471796157,1023.1397122320276,677.2397615979619,5852.977455629776,0.8578014072076947,0.1252557017492216,1.2820825201731978,12797.385201064251,0.2035008224849753,235.67684565843444,0.619154712353992,1173.816310780915
80,1.7125577462656951,54.64349411783209,0.8640181372954602,0.9181232547272296,0.9181232547272298,0.1726959107796847,0.0113221070749703,0.8834414446318909,723.0,0.0,0.8163649929583834,0.8078594418143616,0.1383247324816592,0.8737695572321369,0.8454869146791415,0.8416787688484475,0.0,0.860373294395456,0.8616016765657002,1262.1089839096724,658.3764353623695,2179.4613421914787,0.8487390115458026,0.155664698712122,0.7668419576435938,9026.753196431026,0.2035626649833723,108.32287699351896,0.5780958904109588,686.078126460944
83,0.3184493542710889,16.57727407745404,0.9879476322011294,0.99244580629252,0.9924458062925204,0.2274606529942199,0.0852175485365155,0.9892327301176116,681.0,1.0,0.9706674638462508,0.9718173999547222,0.087650907772222,0.9818431270880932,0.9864782367620396,0.9845814047416122,1.0,0.9831560284595272,0.9872039731209676,112321.16149879068,120645.00185285685,943442.9636542004,0.985020946074136,0.0453947781468581,1.7656690212153336,2654710.5247903345,0.1676887628959863,254796.74867390736,111.87839424629384,195760.5522938577
84,0.45412503941803,15.611396233174007,0.9836801442122296,0.993344232688882,0.993344232688882,0.0651957908148615,-0.099163242069395,0.9881468905355776,685.0,1.0,0.96879189373147,0.9697677861842936,0.0702405065350376,0.9763785145950862,0.9798859559395264,0.9770769302586934,1.0,0.9765183796322954,0.9814025248012904,424523.69258006295,242938.88267687103,1923183.355716624,0.9785533382400472,0.0453947781468581,1.789993843923114,3572623.327083323,0.1793628117880274,504162.9942684639,137.01548089591566,104058.34958690274
85,0.5802505881332946,19.595650619540624,0.9772730589296056,0.9893855821046172,0.9893855821046168,0.0319185946558704,0.0213135102953791,0.9835011749794283,606.0,1.0,0.9434043457756468,0.9413400218277664,-0.0394038070515704,0.946374328746176,0.9659896240368996,0.9543204150471476,1.0,0.9502106736751,0.9710471933136948,100583.42635662237,306337.6266122634,329364.56747292884,0.9603263178548886,0.0453947781468581,1.856766133573984,2121237.504907643,0.00127328962625,398942.5640948645,134.93223736968724,232036.5291355493
86,0.5579962142726832,17.55000505221288,0.9814250975468908,0.991584132328072,0.991584132328072,0.10649988402229,0.0568720001818616,0.9858162339599944,611.0,1.0,0.9555231301101516,0.954160514430152,0.0034776640167127,0.9594701288622052,0.9742236106958784,0.9652441124509614,1.0,0.9615093640204028,0.977525053664445,195215.98607975856,380304.00225158513,1533124.169649929,0.9700780920642028,0.0453947781468581,2.127257053930929,2537163.111895812,0.0605992388673771,46655.251860622215,148.73610108303248,177447.22245390067
89,0.1812138217044036,19.46604768579066,0.991531839902383,0.9896106985240604,0.989610698524061,0.3757742608828119,0.2575411724664155,0.9925003264738916,645.0,1.0,0.9790896004937,0.981658097273448,0.1752651112856819,0.9887542384325144,0.9909365880946938,0.9902068447043868,1.0,0.9903722100901652,0.9913650871278376,130346.59173845954,560896.5076762021,1506632.8418532612,0.9906102871471778,0.0453947781468581,2.0050282962894608,1959728.9178570583,0.2277735149344583,223509.2958692334,83.06269113149847,158465.26394713976
93,0.2607041092304532,24.624349371192864,0.9802145772721776,0.9833738692918326,0.9833738692918332,0.2463659001616474,0.0886382197649003,0.9820639516555464,706.0,1.0,0.9653385441206324,0.9673290566051485,0.0818705679324595,0.9759401807252678,0.9793576303462694,0.9775429880645864,1.0,0.9771922282926012,0.979600333092104,68022.57970235248,171921.64631269802,363593.7995523288,0.9784846747098632,0.0453947781468581,1.9369515337411256,903834.6490525806,0.1911057987557302,33768.23818797337,39.32462506047412,29717.339026577643
94,0.2459014541538295,25.82833580562896,0.9799242674779308,0.9817364698565044,0.9817364698565046,0.2604233954569425,0.1039754907115339,0.9819055939925292,705.0,1.0,0.9662971970793898,0.968410887012537,0.0915158989367494,0.9760998030713984,0.9788424615469924,0.977527643764546,1.0,0.9772326065167156,0.979533396334256,39416.903169364974,212672.34031949737,284319.734745219,0.9785067614491256,0.0453947781468581,1.8701142955049708,589773.1372622153,0.1982788815275153,46015.86127991374,47.79847494553377,15583.202235909284
95,0.2627423325550306,26.43857154823421,0.9823975690013822,0.9808519844490632,0.9808519844490632,0.3211338936657784,0.1863242505812081,0.9841259311784096,702.0,1.0,0.9682570983329368,0.9695865239607068,0.1157893072334222,0.9776686080122884,0.9812122228646292,0.9797236298464076,1.0,0.9794312239631816,0.981729301955436,59491.65128504992,92756.2779333578,576601.6509946361,0.980523377119392,0.0453947781468581,1.7228036513464149,588430.5719210053,0.1952159721224991,85099.00208164097,40.08801141769743,76644.40224075856
96,0.6024287693306521,29.07854917637616,0.9672297688689344,0.976823073236165,0.9768230732361652,0.1299135858345609,0.1132783636013297,0.9739804169213548,605.0,1.0,0.930001858392519,0.9271463381272956,0.0092717110268416,0.9324087140511768,0.9562659668093696,0.9414896019244048,1.0,0.936866939217626,0.9605930160989804,224226.431593987,598454.2020915084,1430877.8966462056,0.9483870442412274,0.0453947781468581,1.956177945643503,4126048.124392287,0.020844447540067,417983.961397666,121.94520547945206,485498.4491764432
97,0.6289309836205128,29.5335121063694,0.9660599054286252,0.9760694443624592,0.9760694443624592,0.1379218538285401,0.0880099579956313,0.9727168323445888,603.0,1.0,0.933652584861284,0.9308355860859095,0.0656654478293124,0.9343458438628818,0.960224043722434,0.9429457911567878,1.0,0.9382895832531932,0.9621867722337109,129263.61635392126,801066.1932627852,1451404.0810808092,0.9514720353096188,0.0907289936621287,1.9220335946831475,1029331.258204466,0.1035987162234267,413890.9424100431,142.19012605042016,228314.79656413832
98,0.7648889699769351,43.40865744610935,0.921957548264484,0.948366590161822,0.948366590161822,0.2026646337019385,0.0355469641147258,0.931082336989407,628.0,1.0,0.8851149939771202,0.8810495167083091,0.1547197337880675,0.8987182963442625,0.9471946597575271,0.8976230214536762,1.0,0.8928637671586401,0.9321381852770858,531745.6341888616,1149663.6122245237,2020702.794552496,0.9210487697786852,0.0907289936621287,1.776222691008568,4328599.167663106,0.3355387980120821,1305005.163902223,133.3527593818985,499771.0001185461
99,0.6024287693306521,29.07657339894356,0.9670361156475614,0.9768239227852205,0.9768239227852205,0.135163712955853,0.1150100338838801,0.9735917294681852,625.0,1.0,0.9294066518069332,0.9264001707931796,0.01013919863658,0.9320622811595418,0.9559735740706076,0.9415029658916616,1.0,0.9366511935923076,0.9603894597153494,230356.3051700991,626543.4691616731,1417529.897538585,0.9483637789462164,0.0453947781468581,1.945806989797665,4116625.5283530783,0.0250588120761298,417033.5579818186,124.24520433694744,487252.3717273603
101,0.7648889699769351,43.34892737116884,0.9223409092232888,0.9484833326414126,0.9484833326414128,0.2059990702005509,0.047270234092098,0.9311592734593358,644.0,1.0,0.8849824712553712,0.8808212837146627,0.1524906829608105,0.8988734269522918,0.9474774823948304,0.8974583574194976,1.0,0.8920835864330187,0.9324926122473906,550359.109755537,1158666.2877184255,2009828.7644826844,0.9209099515396244,0.0907289936621287,1.8064308643985296,4411754.887411736,0.3353444150048358,1299562.4409211865,134.29213232007152,504303.87004143046
102,0.2607041092304531,17.525832566166848,0.9887004408240154,0.9915187173395864,0.9915187173395869,0.2599401209852224,0.1188097986915148,0.989396153784327,603.0,1.0,0.9726905766731242,0.974788608387083,0.095453318454681,0.9847260032194678,0.9875537651428468,0.98631733319553,1.0,0.98551744005804,0.9881654958347424,73569.20163625553,178447.2419808746,917890.3292789364,0.9869601514545662,0.0453947781468581,1.9444348783876468,803812.5114526082,0.1829387469828917,126634.28150539576,51.26855546687949,76180.14660724011
103,0.3251396350257815,20.73634515943329,0.9854937323466844,0.9882310204232704,0.9882310204232704,0.2396489047871538,0.1298925484762338,0.9868878369017334,634.0,1.0,0.9682745440731232,0.9696947245170796,0.0645854541234116,0.9797026942719612,0.9828873415987672,0.9811872269210852,1.0,0.980530862626494,0.9841037977123168,76456.26937878568,210859.17557553647,498724.4986441457,0.9820228911462452,0.0453947781468581,1.7501815442925654,896391.8050413857,0.1387021206179094,81835.78205650461,47.48718470301058,68351.38604426387
104,0.3506887580180631,25.0494926306257,0.979129159803088,0.9829183192191192,0.9829183192191194,0.2540383555951707,0.1249379112734851,0.9807087969914712,713.0,1.0,0.9520644098888268,0.9536014279513368,0.1040413424727446,0.9712336136827686,0.9767310041556068,0.9736755701708956,1.0,0.9725540390174178,0.9780789178729092,61068.68696338359,104561.26232701266,421564.5681324647,0.9751000948827446,0.0907289936621287,1.9248149185500207,569552.9797311531,0.1796517763906881,60037.60742390968,47.709019769357496,60914.27486479716
105,0.3184493542710889,23.89531213236344,0.9821738719728522,0.9844277400394696,0.9844277400394696,0.2820172794227272,0.1293766804953981,0.9830018245158426,704.0,1.0,0.967008264577613,0.96881747189231,0.1006103425317435,0.9778972958270468,0.9808164352216664,0.9796146237851352,1.0,0.9785797929537704,0.9815055287780236,85300.33574865341,97948.6089139084,405884.3811699239,0.9803033849519396,0.0453947781468581,1.822965308930545,639938.7102185076,0.1979366572047736,60291.11380138226,34.83310698657009,39845.80548810573
106,0.2734888004706887,25.166406658502112,0.9799888235214076,0.9825482678923796,0.9825482678923796,0.2812377319403174,0.1216056605785003,0.9809271731243988,705.0,1.0,0.9648444096078478,0.966699641563506,0.0940338613827919,0.975478250760266,0.9787919366478496,0.9771999908546676,1.0,0.9763428287603186,0.9792840304043432,95866.4599588152,169652.2994801645,300049.0696390514,0.9781411766535084,0.0453947781468581,1.9570554540961589,803101.455231267,0.1993870621394256,39137.2720482575,37.67791842475387,60522.08256998585
107,0.2607041092304531,26.595938685745672,0.9789354637921488,0.9806341370623528,0.9806341370623533,0.2704845834252142,0.1127574557694095,0.980714635941081,698.0,1.0,0.9652145042364192,0.967180075198896,0.0962233269914727,0.9745460905622818,0.9776579985846596,0.9766668483529208,1.0,0.9764712498298594,0.9785150339989376,17027.16654010354,194731.97179609595,277062.86202807905,0.9775140106254684,0.0453947781468581,1.6861011467358231,430707.5358529205,0.2027669898508571,42795.406446584326,38.47480101878383,8499.16180968435
108,0.2607041092304531,18.18817859125777,0.9879968888764668,0.990873863307234,0.990873863307234,0.2436483110325844,0.1002715395064023,0.9889844434456764,624.0,1.0,0.9715656355600408,0.973669962058596,0.1039080405004188,0.983874374121622,0.98697973135328,0.9855397600065918,1.0,0.9846593844159526,0.9875690177173796,68156.92738605668,153512.26998472778,944730.1504806364,0.9861885888027444,0.0453947781468581,1.917889617318404,812598.4547709821,0.1912292931126428,128608.5040969186,50.234555599840576,77713.23720804036
109,0.339942290102405,20.04277814743242,0.9861416906413856,0.989011090726336,0.989011090726336,0.2289765415067318,0.1127347101890111,0.987621973843092,631.0,1.0,0.9684748858118344,0.9698176516349118,0.0901850684280861,0.9799105075771576,0.9840370418622196,0.9819793363832716,1.0,0.9808528584671647,0.985211916474244,87737.35573520097,197613.7903410292,473348.7396821952,0.983147145066836,0.0453947781468581,1.7254625962125614,870276.5007420549,0.160136569165011,93160.74223686603,47.4128627405364,85345.26144090891
110,0.3506887580180631,24.09162602121365,0.981008721122688,0.9841858562096664,0.9841858562096668,0.2566935523975824,0.1420261267405724,0.9824421822122102,680.0,1.0,0.9534064222449792,0.954853160569296,0.0950788306959425,0.9723656939645948,0.9784372240390696,0.9755127798336616,1.0,0.9738390645837404,0.9796199047697012,68542.70612609226,107495.04763931166,419815.8384015334,0.9765318020761304,0.0907289936621287,1.923622161165716,588179.1981745514,0.1616714272431526,91508.32092489112,47.7296066252588,55664.985648368434
111,0.3077028863554308,24.4517987075914,0.980807379774655,0.983704147144664,0.983704147144664,0.2599742523032465,0.1199051111344642,0.9822446712086116,684.0,1.0,0.9649492206206204,0.9665508449788628,0.113558742233052,0.9747391247970948,0.979022875164789,0.9767867463391384,1.0,0.9758747181538444,0.980208459594947,86617.17999750345,101591.51309652532,423069.9804366646,0.9777893791089324,0.0453947781468581,1.7740386155870638,640779.8947677594,0.1956313241877675,56561.784757993344,35.502104193876065,37499.24466022563
112,0.2990539114982909,26.84462304333861,0.9789961418643726,0.9801904106965944,0.980190410696594,0.2927579319955938,0.1343233701055254,0.9801069338740832,697.0,1.0,0.9637630391961556,0.9654713171835996,0.0991734087869155,0.9746603186063468,0.9778130457305432,0.9761668346117705,1.0,0.9757569195191678,0.9782407457524068,56193.68948444538,145141.57933497147,312157.70168122376,0.9772207752899688,0.0453947781468581,1.5974898201672136,816828.926569941,0.2012670150814664,73411.03430451098,37.25433255269321,80189.30471782439
113,0.2263634575785358,25.61637713149709,0.9812319703619092,0.9820269315789664,0.982026931578966,0.2873525225908726,0.130709745536216,0.9825903849131976,710.0,1.0,0.967291248498775,0.96920361601431,0.1059920629963581,0.9770124883360104,0.9803333468904404,0.9786529368416456,1.0,0.978860342679195,0.9807835571749448,16089.835060095786,187844.18929653283,269186.9042506505,0.9795262904858534,0.0453947781468581,1.836524614366712,416110.7204314207,0.2054072115163492,47929.56394010111,37.92917463352454,3242.154790191564
116,0.2990539114982909,16.282773593781947,0.9876634922482916,0.992705791904037,0.9927057919040372,0.2423907834701216,0.0859499184245438,0.9889329675153304,660.0,1.0,0.971057192214937,0.9726164040472108,0.0968656999761677,0.9823729572981088,0.9867907918013108,0.9844592320754382,1.0,0.9834881582309823,0.9872757771728428,115160.16714996973,115157.01452236624,942945.3703315848,0.9852789086522096,0.0453947781468581,1.762307756360852,2622819.35110538,0.1918597827623039,243906.16852337087,108.9329882082255,178202.76062703456
117,0.4317446210073301,16.71008727534463,0.981905484297296,0.9924161233426978,0.9924161233426982,0.064279895247507,-0.079601439448346,0.9867868509432252,695.0,1.0,0.9672064712437544,0.9684651842247424,0.0331533504537173,0.9745007273073786,0.9775733686291092,0.975197177303562,1.0,0.9746302642598166,0.9791559899792824,396571.2446041853,178927.45483034189,1892399.402975131,0.9764873302203853,0.0453947781468581,1.6395005308156223,3474504.545785059,0.1571493299835359,585715.9073379039,133.28492647058823,33296.3385305694
118,0.5346306228769352,17.954372926244,0.979222492805632,0.9911036460737584,0.9911036460737582,0.0328633954197247,0.006323894966432,0.9850838577963534,609.0,1.0,0.9493275484723556,0.947064751495651,-0.0306303981292539,0.9514860739230254,0.9691633808379504,0.9587592184512816,1.0,0.9549607175655588,0.973672275437328,242526.43973631703,333640.6583500098,1681738.8317846907,0.9639896169976022,0.0907289936621287,1.9523574501586856,2221770.212512532,0.0225521359059806,277698.09762212017,135.04272151898735,334635.2104732344
119,0.5790631779349042,17.744578709909725,0.9800746584327876,0.9913180772239372,0.991318077223937,0.0928469287549223,0.0459207296111819,0.9850478486361548,609.0,1.0,0.952458763574072,0.9510237837874462,-0.0168380144130073,0.9563560341385956,0.9721694926423384,0.9627790865438516,1.0,0.958871463704568,0.9756324069294604,391498.5054722419,240060.4325890292,814629.6218211516,0.9678754609167176,0.0453947781468581,2.123019718812944,2447378.6612260235,0.0542859494642022,352081.280660006,140.74057287889775,299957.0906124342
120,0.8629940119993615,51.98527216646658,0.9242976403619992,0.9259102642359802,0.9259102642359802,0.3233313735204795,0.1205338527057323,0.9237224327049722,735.0,1.0,0.9125938613562472,0.91429112906236,0.0873892895614604,0.9202472714569316,0.9220119853318616,0.9213600820119636,0.0,0.9209219832750924,0.9220779026550576,117.68140415483188,628.7476767296383,1175.99780401237,0.9220905141775768,0.0453947781468581,1.5824146299775277,3645.1406713908873,0.2218499659147541,563.8874321760962,0.3703189955255936,213.44777299483
121,0.3439503989661991,39.02689980952896,0.9570772893568884,0.958268169962577,0.9582681699625772,0.3176948598060818,0.1273638543394945,0.9575098694079786,638.0,1.0,0.9449739580591576,0.9466102483845054,0.1129396515514152,0.9536561921738596,0.9560802882328197,0.9544560132053131,0.0,0.9533561448497032,0.956584419674434,139.3054151719025,533.2945640711408,1074.2545713267818,0.9551503229154976,0.0453947781468581,1.802922327499808,2954.552646266773,0.2327285286378209,407.80848219198623,0.2062251470639357,145.61219295975172
122,0.9213282504305674,34.21526891786488,0.967247345558434,0.9678967752955928,0.9678967752955928,0.3289029610638199,0.1186707690208836,0.9669952594617134,666.0,1.0,0.963075036506698,0.9633186268776248,0.0818346478151869,0.9659001370553282,0.9661895652587692,0.9667850613866644,1.0,0.9658111971355028,0.9661376748660586,106.13547903831234,351.10920108563465,724.5919790324522,0.9666875627564536,0.0453947781468581,1.8511609248738508,1697.2237351224455,0.2216966517680635,764.7777288607423,0.4113019367553825,176.09514946018098
123,0.5756578004371201,46.21724630737428,0.9368817834201364,0.9412370773320986,0.9412370773320984,0.2988297734022788,0.1374422343327379,0.9385066018282426,739.0,1.0,0.9138337208309852,0.9125468389541282,0.1110043887521977,0.9247837369066016,0.9328339762149542,0.9291375534450156,0.0,0.927834181465616,0.935050322089509,370.10311476289104,683.6320009520915,578.328659834602,0.9308480622495656,0.0453947781468581,1.4880582078185185,3076.3821342490337,0.2099103095179147,617.847022529814,0.3547814490888362,61.73704350669551
124,1.0673428075315876,53.65552420457198,0.9141969542162796,0.9210114424737827,0.9210114424737822,0.2998340515372163,0.1208335300044105,0.9154503306014274,715.0,0.0,0.8934332478429099,0.8908645613086348,0.1079612546076586,0.9034690894016676,0.9117835776971122,0.9079362365905808,0.0,0.9061061189719896,0.9130219103246096,151.00382018771867,728.2503416707298,677.9577580091789,0.9086330195985296,0.0453947781468581,1.323089008058089,3368.3774634828824,0.2215075332061883,672.0526968568223,0.4246165208178703,156.17870140827205
125,0.4596347538649848,38.91119324183009,0.95250250267435,0.9585324094400226,0.9585324094400228,0.2871911938920394,0.1569077369411761,0.9540056324090708,686.0,0.0,0.901129383937204,0.9006279228406985,0.1049219504120834,0.9353769783456544,0.9475180337844448,0.9411391933904848,0.0,0.9375677981001348,0.94972955197581,744.2362648847862,1196.0818265910252,741.6261412444253,0.9450253913466492,0.0907289936621287,1.1805383139685506,2635.2898912342043,0.1821808705996334,771.6492340298457,0.3379490140889699,1056.9603569450358
128,1.4103243136670869,29.55839422140156,0.9728896603825864,0.9760600534764504,0.9760600534764504,0.3135970381566474,0.1494321904239973,0.9727290384951816,764.0,1.0,0.967540698578074,0.9682705084866244,0.0274868265660527,0.9693505995828804,0.9714119396401352,0.9692309045206616,0.0,0.969576793280124,0.970225494273794,114.21781060928052,350.2700256990989,805.4960394195465,0.9695723652974032,0.0453947781468581,1.2722158298650177,1415.3897713231397,0.1599082513861989,446.06345329265565,0.314701860896991,83.91549278999523
131,1.23398472274755,38.8588910144558,0.941346709073062,0.958626681241828,0.958626681241828,0.3241850833871463,0.12531085284727,0.9406503979420636,657.0,0.0,0.9162308859182996,0.9155577852706126,0.1838809565173115,0.9252454546099654,0.9362136457498816,0.930583389753582,0.0,0.9276582276287136,0.944025962256194,378.121223484291,627.2694983143978,1645.716808585578,0.9305109970115952,0.0907289936621287,1.1418653278838595,2510.09107389633,0.2433318024425068,405.53336834143965,0.2769869417570899,156.6724283612405
132,1.6879770149708364,74.19030968531975,0.8229160745982028,0.8475921369920402,0.8475921369920402,0.2483141337231237,0.0830968794936473,0.8341615552691607,795.0,0.0,0.8020719387341382,0.799193177389105,0.0656066932030889,0.8066554369066641,0.8176585267246731,0.8152416227758612,0.0,0.8098133652068857,0.8181170192464372,418.1837828811726,916.8746312547888,2029.8420018236968,0.821193983538311,0.0907289936621287,0.7679043358187556,3389.7056605860303,0.1883953580941537,771.53151568279,0.7746606183344986,546.7779279131574
133,1.8560058347113584,59.60638531557857,0.6574694243274479,0.9060596395252138,0.9060596395252142,-0.2646118655544779,-0.2410997862407069,0.8002804657510554,720.0,0.0,0.150197547697275,0.0683448884848459,0.1574810740801013,0.0912641210151058,0.3812258279707453,0.1738465932947301,0.0,0.1206871564619972,0.5264570108001967,2359.5822933700883,5535.0212600517725,6327.19617333423,0.2610593540700399,0.6694069932663577,0.0157123048428571,3137.469890264404,0.0010788481751179,1887.935998047633,0.4768536631881159,3915.17997083492
134,1.4896672906627104,51.50513328944788,0.9160021453185164,0.925252726191359,0.925252726191359,0.2855690294593599,0.0869894595892767,0.9186111649716416,778.0,1.0,0.9086342778782676,0.9084245428346436,0.084875116002203,0.9138532662008196,0.9158272905315112,0.9130725328728369,1.0,0.9142121125674524,0.9156061999192842,1081.4727531117069,1135.2653761470565,4053.6232140696848,0.9152891286706832,0.0907289936621287,1.6010178348634032,1580.319241583175,0.2227437140964246,330.5442980683564,0.977891618009106,987.1600074095672
135,1.8227600357703235,68.57105887875804,0.8099237484280886,0.8484129295490953,0.8484129295490951,0.2511661571307099,0.1217539823863415,0.8180818562787983,710.0,0.0,0.7352670347595276,0.7166797812150723,0.0737859326315447,0.759648138283792,0.7910796553686293,0.7888679140947721,0.0,0.7719802353540073,0.7991975158747046,315.0681717219556,932.311158304303,855.7641795261364,0.7915342434612777,0.2284647054834789,0.7358192801182281,717.7432392130695,0.1631653996268543,298.37681845183454,0.897209718286773,463.2429352932569
136,0.4063317134016292,25.79626628536065,0.9623735725601458,0.984685448365448,0.984685448365448,0.0883737692879048,0.0508567026816467,0.9722331231522896,932.0,0.0,0.7749054870950979,0.7404026313005612,0.0294313418245356,0.8986290278693216,0.9446931751455528,0.9282841963292218,0.0,0.9135407618191154,0.9533872745923564,24614.170535287223,33654.67892629292,37129.875422680736,0.9377500851280416,0.155664698712122,0.0571489059219448,34414.79517923351,0.0416819384970712,28583.6997893576,0.8065482066521467,27062.713013078283
137,2.1219678129653854,100.28087949985364,0.6454842613023263,0.7132412822786808,0.7132412822786806,0.2324804768299742,0.1136621029631953,0.6561069485823199,761.0,0.0,0.5554394954903638,0.5405070142122337,0.0125584082871391,0.589343590918767,0.6301305144385393,0.6183951913580252,0.0,0.5976889633415411,0.6160990196316548,1918.2955648090503,2534.4247017790267,3048.745304533986,0.6337599948717053,0.2459014541538295,0.028186152936967,2943.231217969528,0.1237938136209808,666.7934206905151,0.8044178657623791,1912.069337358792
140,1.2561670139878718,23.5097911369762,0.9784310637715424,0.9848538141870604,0.9848538141870604,0.2804748721517512,0.0983342695156144,0.979300361884156,596.0,0.0,0.9745834652387592,0.9751094390606012,0.0647413774732334,0.9766918489672096,0.9774053177524452,0.9769755669963048,0.0,0.976702774250961,0.9778509729420682,76.90913045116086,288.289077898133,834.1489969274268,0.9771860272349154,0.0453947781468581,1.1977488536778784,1359.1857368011615,0.1941136506041051,529.4146109868518,0.25241893302244,146.55355474882984
142,2.301256630988965,60.79547104398576,0.8357863508547595,0.8986207886059719,0.8986207886059718,0.268885308431172,0.1620573246741448,0.844655351771088,638.0,0.0,0.765333566489819,0.7523603027189917,0.0923217150494223,0.7633994786894933,0.8036300844202027,0.7743860038849948,0.0,0.7683233037342131,0.8259252881269571,562.141263459068,751.4022682563736,805.3906886405439,0.7840821542594355,0.2558432023415724,0.6953694213576518,2666.990489912844,0.1352885375788488,328.3578593409728,0.2380831502775602,202.27319548275688
143,1.2179005475178484,34.48659440632982,0.9495820335789924,0.9674096375923782,0.9674096375923786,0.3363726450956426,0.2278485637744674,0.9495400937011772,567.0,0.0,0.9227478985791628,0.9217819309418358,0.0315343428668558,0.934468175054394,0.9383153903069746,0.934666089286394,0.0,0.9377009229117278,0.9454119187044496,351.3688695955205,524.8546563951874,1658.7242459710749,0.933765403197556,0.0907289936621287,1.077281295857254,2434.3745201916663,0.1104178370902879,303.3881351539281,0.2208207184386535,195.55838151293352
144,0.9972960164086458,18.88968233159309,0.972214981102384,0.9901061993825114,0.9901061993825117,-0.0406018455763283,0.0113267734076973,0.9815620132295212,395.0,1.0,0.9350628136382,0.9323518632221162,-0.1273899789794118,0.9440778230997972,0.9545063748337488,0.9464086001597328,1.0,0.9452737257453292,0.9623318859365452,226.2041760889481,720.0893992080806,977.7475193222224,0.9492532159564976,0.0907289936621287,1.7927107900475034,1968.794711419234,-0.0372686877621639,159.42464687805168,0.110928804542127,102.0884099730714
145,0.9675189979089136,19.2225618329346,0.9750788722682824,0.9902460836959316,0.9902460836959318,0.042949901287067,0.0415693677324836,0.9822924951607512,346.0,1.0,0.950115855142581,0.947845689617613,-0.0710202138260047,0.9551075150715268,0.9616778372178304,0.9572911154068706,0.0,0.9560218246993124,0.9677079462988608,48.81026203907648,1067.0448983422157,62.055622958677205,0.9589291270025948,0.0453947781468581,1.6351299767021232,721.1315188864739,-0.0038138905092956,423.7713760737432,0.0856024097570197,198.47795237565057
146,1.1275900301675823,15.31915060870588,0.980916387483984,0.993388375197427,0.9933883751974272,0.0093204964207458,0.0231705269792242,0.98707335397206,264.0,1.0,0.9573514502644258,0.95635773216061,-0.080569953274514,0.961862685540394,0.9695299273804678,0.9642624684960432,0.0,0.9629688433386236,0.9747032504444608,398.4811899597186,474.89007462437326,1691.2840363139617,0.9662246722119764,0.0907289936621287,1.4726281616271484,487.4227979301606,-0.0068235111224587,65.04347105529799,0.1106891922592323,300.09648094311416
147,1.1672664087452076,20.500915618297626,0.9570828329589514,0.9863558174649124,0.986355817464912,-0.0414077917055322,-0.0164461166298381,0.972187735861692,329.0,1.0,0.9161235963393508,0.9135608179904412,-0.0712380846935116,0.914339003079028,0.9292401926331072,0.9168742076492912,0.0,0.9149477691747296,0.9420328827331912,309.1305444059842,44.1042306591114,495.88461632790137,0.9211222223264666,0.0907289936621287,1.7253108758563973,315.9459714434344,-0.0044210957829438,241.77469906883783,0.1113661217522727,52.61751660103493
148,1.2340315549522194,27.395900495906616,0.9489186568602912,0.9818133040891422,0.981813304089142,-0.008465082030807,-0.0052131969217632,0.9654111390041226,439.0,0.0,0.8918200035172047,0.8880267898533922,-0.0174674397993144,0.8983987503014655,0.9186063183585306,0.903058853425284,0.0,0.9003239615132607,0.9330729083437482,281.3942999588184,1192.3372902129456,452.6922860091606,0.908693221722404,0.0907289936621287,1.316783323415822,290.03417133783694,0.0093866913507072,474.4982506244524,0.1104299999342737,245.7746563394064
149,1.0039862971633384,19.19197183210091,0.971031870585992,0.9899581578927028,0.9899581578927024,-0.0356852950657372,0.0215319378821799,0.980825360583977,369.0,1.0,0.9286155129806266,0.9216837625332794,-0.0542806541484285,0.935053513487456,0.9509086151786136,0.9388213201883876,1.0,0.936234583104385,0.960655012601609,206.67906193094905,280.8335882130646,269.48211045242687,0.9434630488491716,0.0907289936621287,1.793280190263012,2233.1650045072515,-0.0370937171665967,747.8269499887924,0.0962228879910571,63.76095902249458
150,0.2607041092304532,18.470370506863667,0.9864996328882726,0.990598422690771,0.9905984226907713,0.2570241871594013,0.1050147487669842,0.9874068298162484,681.0,1.0,0.9712892619587002,0.9730000559759512,0.0798011671522112,0.982718739046725,0.985122481017906,0.9842058053462276,1.0,0.9836541427622344,0.9858595004415068,82617.46729996936,112264.94531088036,884893.3721320275,0.9845355533622252,0.0453947781468581,1.9815897219787373,954203.424015178,0.1795136362249329,140001.05503178935,60.567740754302456,89861.45879138757
151,0.3358861029414395,18.28481683833342,0.985284389151079,0.9908382733214556,0.990838273321456,0.1840285521405023,0.0813541678828975,0.987427802417752,628.0,1.0,0.9625774927729271,0.9623324028142796,0.0365951115964899,0.9770891797793528,0.982345165070218,0.980093637149051,1.0,0.9788273213603496,0.9835272027478128,100794.9302121518,198891.8811238494,590057.704558587,0.981230013560322,0.0453947781468581,1.879879683934264,905284.689341838,0.1194180526357619,161038.64892144012,45.214744744506085,54556.9602129415
152,0.3184493542710889,19.970340469644253,0.9826448704682088,0.9891006086496332,0.989100608649633,0.189923693795279,0.048506527289266,0.9850662982894338,669.0,1.0,0.96444796911787,0.9654025900182016,0.0711446864687195,0.9769589236092,0.9804815390770604,0.9788382711698224,1.0,0.9777512071300544,0.9815042559500974,105473.46534987076,255614.97748777244,540653.8294896655,0.9797700385080392,0.0453947781468581,1.6960450173893562,637882.5288361886,0.1679225123978891,215367.5590586102,40.427083333333336,75248.51419361228
153,0.3077028863554308,20.365703505104968,0.9824481528786276,0.988715469992588,0.9887154699925884,0.2280604500478153,0.0647145417481371,0.9842488589222692,669.0,1.0,0.9676705243834364,0.969633898341652,0.0704636141957605,0.9788407542162813,0.9812129745663164,0.9802804799284406,1.0,0.9795509317351004,0.981717556078584,107684.69895386386,102869.5066308192,621426.7097260337,0.9806316379631044,0.0453947781468581,1.6452840278049754,1118815.2731204317,0.1854593046563224,265642.25876075146,46.26665276039493,13217.109613463172
154,0.5507227221203587,31.175370646537107,0.9615446129514248,0.9732173276161528,0.9732173276161532,0.2381212929545112,0.0726448535676018,0.9647681845509732,776.0,1.0,0.9465074033716676,0.9479159061438558,0.0598223362304769,0.956926952676353,0.959005806295335,0.9576383731161244,0.0,0.9570996311629928,0.9599053547576738,38557.00639990346,124738.82394770006,332479.8935015844,0.9581403139936068,0.0453947781468581,1.5151602390376528,775726.4615144944,0.1824537004333082,136732.2065855537,44.09582059123344,105022.37646592424
155,0.2607041092304531,21.82587467890596,0.981220043412228,0.9869053710043936,0.9869053710043936,0.2498662378912162,0.0784604507534875,0.982609713998569,695.0,1.0,0.9666280631959387,0.9689966988643436,0.0877258243470121,0.9780052679557474,0.9799028219581716,0.9790460715521332,1.0,0.9787690801482806,0.9807709203078672,106737.96771528682,48585.73760740862,162742.44607121425,0.979622937421286,0.0453947781468581,1.7838669148717077,911071.157284562,0.1999317422090085,120240.62726454684,53.44146712276701,66110.34014898048
156,0.3077028863554308,18.54344075285587,0.9849752187113556,0.990516556938227,0.990516556938227,0.2613232068445997,0.1024751835531168,0.9861051107422096,645.0,1.0,0.9698127434908392,0.9716427932192752,0.0784364869138439,0.981045969303892,0.9837593797635552,0.9824947952874244,1.0,0.9817448688065812,0.9844443309364346,50934.93717857461,126630.81434019256,871380.9097949154,0.982993836767342,0.0453947781468581,1.979807611930373,956462.845790872,0.1843820120358505,153379.44579291707,61.22937113776808,87334.94371318693
157,0.3358861029414395,19.17578152331874,0.9845112441191396,0.9899308005965212,0.9899308005965208,0.1889355763480999,0.0722470107192664,0.9866680256334032,640.0,1.0,0.9623665973475164,0.9624969295353648,0.0600032403024734,0.9768292300398748,0.9819517153421384,0.9795373965011392,1.0,0.9783684634491048,0.983085291393782,113344.00876917344,198906.2099456688,577552.0942834957,0.9808029887436366,0.0453947781468581,1.690747128465832,935320.105238152,0.1425861696442355,164244.7392302253,46.41100740639055,59887.23691606133
158,0.3358861029414395,20.0142550451867,0.9823069879132884,0.9890778657447536,0.9890778657447536,0.1885056345341369,0.0502997243422848,0.9848172256558028,696.0,1.0,0.9634430944816318,0.9640241809620068,0.0711461514446606,0.9756383101044256,0.9800490104140688,0.97819090760872,1.0,0.9770987329353316,0.9810776010625024,104499.74296046696,237440.0255629924,527588.0379422319,0.9791173204490798,0.0453947781468581,1.899093252690049,632623.5583738246,0.1653304850040273,212923.58695761804,39.92009338755836,62959.9534600544
159,0.3077028863554308,18.95265938761179,0.9838348656688568,0.9902255755120484,0.9902255755120484,0.2519668610664245,0.0808138475554848,0.9852999318551016,649.0,1.0,0.9697341616010412,0.9716693447408592,0.0833598179559459,0.980392660372078,0.9828442800351348,0.9817556365699984,1.0,0.9809891777939658,0.9834088213749428,89303.1142527882,108597.29587268743,627240.7288197086,0.9823266211366076,0.0453947781468581,1.8515419910401645,1072951.9486860505,0.1936718594072626,231296.04795677064,46.382625157761886,33584.04242641067
160,0.6243630103668816,30.64230718382368,0.9605789999734649,0.9741606004685588,0.9741606004685588,0.2382332671144201,0.0752503627902179,0.9640550912212144,774.0,1.0,0.944694598662526,0.946328539898098,0.0616776801563427,0.9543392159927424,0.957743415474912,0.9559816999694356,0.0,0.9553792451649792,0.9588918094932926,35992.72540336041,123434.0322123582,307070.2050947397,0.9570129914528472,0.0453947781468581,1.5513533964366455,813176.7224479471,0.1808398460496184,129321.9095659711,46.35800524934383,80042.3419351992
161,0.2459014541538295,22.890201097845985,0.9803451447566132,0.985592108056236,0.9855921080562364,0.2443495921762171,0.0730727300103804,0.9818928816482216,716.0,1.0,0.966090288962964,0.968236513826569,0.0744089878949047,0.977500366669831,0.9794847133026836,0.9782202845408724,1.0,0.97799591755365,0.9797908784409116,100374.91068694888,28551.7346651476,182318.38154439305,0.9787172201591304,0.0453947781468581,1.7137737349165176,856862.8838105301,0.1970714122483275,129298.3645798185,50.707981580967,67657.45422096858
163,0.5990900079105368,38.918261770412,0.9337749921541728,0.9583735447800482,0.958373544780048,0.2009287862286211,0.0634426940834168,0.9419466013854888,751.0,1.0,0.8882946784758626,0.8890277953161363,0.0365869857554591,0.917687075872292,0.9263430537408686,0.9222578068187322,0.0,0.9206560598463512,0.9285842758842128,5515.020415790176,15163.275794651558,20039.93371954802,0.9247293531610764,0.0907289936621287,1.4618969710436929,8144.9481067732595,0.1498849299511404,27252.478699248044,3.422471452630542,2040.8348601207183
164,0.6086244757997061,34.731381684243615,0.9520216214726256,0.9669234098407864,0.9669234098407866,0.2159241031749768,0.0849819368407493,0.957128942457082,781.0,1.0,0.9147432973229694,0.9148876555787364,0.0548784992806035,0.9363822530228716,0.9466025468687436,0.9405830935797854,0.0,0.9386460139566996,0.9484634512470252,4811.483320885787,10155.60593735217,10834.369881917164,0.9433964644125444,0.0907289936621287,1.497634823241225,27248.416165418104,0.1542519173734995,6569.289170724041,2.8962857142857144,5281.584160429358
165,0.2714505771461112,21.775592341444423,0.9822064690536346,0.986979692871126,0.9869796928711266,0.2295872359262196,0.0914856589010925,0.9839220198065424,717.0,1.0,0.9563763968310872,0.9597443437870034,0.0905400935654538,0.9756046045499196,0.9802753610543076,0.9777470372366136,1.0,0.976690136595944,0.9813250645661464,6830.977893251419,5033.01391483067,39512.16428294509,0.9790602070686724,0.0453947781468581,1.6716384059725025,15974.024550032558,0.1780318661787794,19092.794414902888,3.1379607637676097,5963.19580727936
166,0.5453770907925932,32.40848362668094,0.9574911402984378,0.971203180201646,0.9712031802016456,0.2069796824909771,0.0743558180264986,0.9624581548092396,753.0,1.0,0.924272651936998,0.9246038993111698,0.0626852827792849,0.943630251372009,0.9524295198165148,0.9467197077766172,0.0,0.9446504009190309,0.9545370933347636,7787.17636557787,14594.879236976836,31691.44093402366,0.9494404163556978,0.0453947781468581,1.542973805001531,32169.250304072328,0.1589817974136048,15687.729318891172,2.784174980813507,4282.823695895954
167,0.7134660659994078,40.358592167662856,0.9400146667948556,0.9553792963346532,0.9553792963346528,0.2267930208514251,0.1062472987045284,0.9456561116940616,802.0,0.0,0.8923157621716182,0.8902602885094248,0.0675764112154698,0.9184836656778604,0.9315281691718832,0.9235319618020856,0.0,0.920220653441425,0.9353381055737164,3695.3123274990207,7611.074507381421,16655.151119131217,0.927188280617989,0.0907289936621287,1.1744779079841223,13835.992731468124,0.1503368035300368,3130.692902839286,1.6997895743663314,4644.091328108234
168,0.3251396350257814,21.29022575043708,0.9809936690753523,0.987480665863707,0.9874806658637072,0.2413154224917105,0.0828103871150458,0.982654367344808,685.0,1.0,0.9641652583168088,0.9656054276713912,0.0733593434046138,0.9768038143476094,0.979660332578288,0.9778455653963762,1.0,0.9770495256940348,0.9802378489851538,49981.72662485669,147575.47809248106,760466.0281222733,0.9786392431368174,0.0453947781468581,1.900243604667156,614530.3878058777,0.1854589266582076,116025.35523528386,50.40837282780411,67810.95686826677
169,0.3358861029414395,19.656905693267,0.9842284842458312,0.9894231188110328,0.9894231188110328,0.1894161306434063,0.0879142391335143,0.9864134085816152,626.0,1.0,0.9598338894470556,0.958976447697846,0.0484774082617967,0.974955264346327,0.9812043783539393,0.9784149464868532,1.0,0.976849417703888,0.9824697893701264,85391.17246300352,173910.39799789878,499667.44786466606,0.979871298317356,0.0453947781468581,1.7861917451185594,759103.8137465627,0.1237934406319604,140041.98887740914,41.45574134967906,40014.04779184856
170,0.3358861029414395,19.87300797352011,0.9841753482286114,0.9891986417189932,0.9891986417189934,0.2199354342848089,0.0885624796129851,0.9858674675052208,654.0,1.0,0.9650333488514626,0.9659005093494032,0.0685913325887993,0.9783034390953772,0.9820595869077344,0.9805826802864878,0.0,0.9795962229340708,0.9830280331068396,154556.24691989683,193353.63098834635,507543.0981855496,0.9815439175240016,0.0453947781468581,1.6281379424571465,577741.6880246814,0.1587258449367944,197694.90073612423,46.75666666666667,59263.43805626148
171,0.2990539114982909,20.71442560506696,0.9819781515309084,0.988315965813493,0.9883159658134936,0.2618630300854947,0.0893044246807671,0.9832405588041766,658.0,1.0,0.9684185029794335,0.9707460121683792,0.073971621948601,0.9788827765370508,0.981093131068424,0.9800632280914024,1.0,0.9794295614851304,0.981530206422983,110095.50180568644,81623.26514031555,718059.368672804,0.980407969645218,0.0453947781468581,1.5849766533409382,1118180.003837223,0.194699220006058,205656.6470572829,48.26059322033898,39543.38670433724
172,0.4242929022233423,26.9663289869295,0.969865947850956,0.9800024061455704,0.9800024061455702,0.2397048465079144,0.095984355391466,0.9724799003878968,785.0,1.0,0.9517871061669982,0.9529602102288792,0.064626862922392,0.9616988000956962,0.9660060597393793,0.963882498058648,0.0,0.9628056944779776,0.9679207533509524,50234.93263753864,181171.90127676423,427317.7584585634,0.9649509222627468,0.0453947781468581,1.5110181102396003,836996.3258245293,0.1625910263866178,99478.3330092082,45.575221238938056,55180.47384133964
173,0.2156169896628778,19.809249469773057,0.9832778238619532,0.9892432887581114,0.9892432887581116,0.2540585197692243,0.0770987380450578,0.9845918690896758,687.0,1.0,0.9688716185602424,0.9716467091250058,0.0926764560258537,0.9805656701774104,0.9822828524914704,0.9811700682192376,1.0,0.9809430423591776,0.9830014932599592,51535.16850720765,112687.83405822614,266489.6179955748,0.981698597553277,0.0453947781468581,1.987208958796472,1086731.753461801,0.2037767639728386,76701.45070861431,54.39842283139316,28118.22026102169
174,0.4335490303374943,30.69160817639229,0.9647102469688776,0.9741839417542804,0.9741839417542806,0.2398529661900937,0.081976526680622,0.9675904528456314,768.0,1.0,0.937957194684668,0.939681462091314,0.0786457446563808,0.9570283974945184,0.9629676941502312,0.9591622541428932,0.0,0.9575652646646444,0.9635437926266496,6239.711720793652,10420.019831013507,52219.26780293247,0.9611998078713404,0.0907289936621287,1.6090457806266654,50369.71774619461,0.1915045186693106,15202.053177919708,3.8568622628250178,2404.18791654113
176,0.5167311913475465,33.48296214073803,0.9572399379912664,0.9692576060041328,0.9692576060041328,0.218483889002762,0.0952164288945831,0.961724124613484,768.0,1.0,0.9201430959384206,0.920014558321796,0.0544079638267262,0.9419055164515666,0.9511248634031544,0.9464804010401152,0.0,0.9447225459961156,0.9536107022908336,4893.757671271573,9837.949819995963,11978.043268333911,0.949272097910698,0.0907289936621287,1.4641306888447547,28568.3970607792,0.1451659707675939,5190.792700060416,3.1368181244478106,5835.690177224118
177,0.2714505771461112,22.153563414419818,0.9815767150224972,0.9865376068533424,0.9865376068533418,0.2220194742510392,0.0839316785038003,0.983514911807127,693.0,1.0,0.955351591105891,0.9586531707155784,0.0795777813013712,0.9750631508622456,0.9797073147147491,0.977316937423266,1.0,0.975857496925932,0.9805758804754025,6265.007051522412,5657.891865941629,39650.62843213849,0.9785994687982636,0.0907289936621287,1.6708760346282945,16068.74631911012,0.1730759506233301,18189.9418448083,3.194586964098989,5289.678565456167
178,0.5419037129667217,33.81671328057446,0.9542160225943614,0.9686592037084116,0.9686592037084114,0.2314017889232729,0.0854102535844158,0.9583687090155087,741.0,1.0,0.924957153110715,0.9250810516322876,0.0639745068673739,0.942431919260287,0.9496955485607328,0.9467355901853644,0.0,0.945284266905234,0.9515751578899084,8042.601702900864,12547.652541520903,34929.785337924135,0.947569574566524,0.0453947781468581,1.484358625010992,32087.69796315967,0.1685967835325572,15959.933172898847,2.9980015829046294,2542.994014116181
179,0.7098677733833609,43.90784129174208,0.933903995094524,0.9471817887761088,0.9471817887761086,0.256762336345969,0.1165831923125988,0.9378747545680288,781.0,0.0,0.8941379707359509,0.8909170195201538,0.0766113008043994,0.9182656232273836,0.9263553113886986,0.9222165572645096,0.0,0.9210600382340932,0.9300361073039956,2975.423983988041,7711.578716184711,19612.6226486584,0.9237580230874552,0.0453947781468581,1.2636919221920178,12429.541489837266,0.1713433479895561,3961.234680315127,1.9952522460614388,5071.583889698136
180,0.3184493542710889,20.117401826378185,0.9824984793777768,0.9888302155100364,0.9888302155100364,0.2618672973406467,0.1010885878419694,0.9837686540303506,648.0,1.0,0.965780744830864,0.9679743934215872,0.0893614240677507,0.9780573088842068,0.9811390709020034,0.9792504670226364,1.0,0.9784411725460338,0.9819808904604762,70403.03110066014,135689.69934478524,806024.8580292095,0.9803644807084354,0.0453947781468581,1.9650244324282065,828800.0795461374,0.1897408898490354,169975.13681054566,53.17915372670807,62355.48926531011
181,0.3251396350257815,19.652204766794767,0.9851090974927378,0.9894111870888416,0.989411187088842,0.2109011911895147,0.0894901913971105,0.9868540252313766,617.0,1.0,0.9641031546556076,0.964285383018518,0.0804823600186253,0.9779495932034292,0.9829853271531772,0.9807984363582573,1.0,0.9794778556233243,0.984045830109305,91874.27044637916,179461.83822932484,467021.6068518534,0.9818807618098436,0.0453947781468581,1.6952344367422496,770580.7457173996,0.1583774433249367,141687.19099571108,42.86455924356455,45810.46808281895
182,0.339942290102405,21.63023533118565,0.9828760211134676,0.9872087711137202,0.9872087711137204,0.2299753969762788,0.0917462013594805,0.9845414781028512,669.0,1.0,0.9644171805230944,0.9654726360564224,0.0728593103165941,0.9776014980128888,0.9810499708510888,0.979541879245682,0.0,0.9785060608001064,0.9818380287483855,154449.83875061377,224745.26152807192,518524.4354719241,0.9803232447709542,0.0453947781468581,1.620973710244376,587795.0109446036,0.1683379772235343,220902.8140521813,45.964842265298365,67044.92905713274
183,0.2909255491410393,20.58672956212175,0.9823973973948924,0.988453500829372,0.988453500829372,0.2504641303337538,0.0765893906541856,0.9837922065275412,638.0,1.0,0.9686928243582322,0.9708807341002132,0.0799233004082079,0.9793048653594076,0.9814322642745696,0.9805074239749372,1.0,0.9798376715224238,0.9819548588301044,120131.11917495818,80287.42298690908,710978.8845735007,0.9809897480438372,0.0453947781468581,1.579052189157836,1137059.0038125662,0.1971732737044845,220444.22291856149,50.17802874743327,53290.18486006204
184,0.3972534394295546,27.49892300571601,0.9675016108575744,0.9791950694231016,0.9791950694231014,0.2260058731168789,0.0653004981846989,0.970850588586125,771.0,1.0,0.9516838962897072,0.9533845269467258,0.054715136059567,0.9619313111607024,0.9651384357528044,0.963616644764772,1.0,0.9627875312393512,0.9658763044771096,87856.20921102903,179553.43858340045,443389.7448395449,0.9642491319939812,0.0453947781468581,1.7132241004373876,880490.0086939309,0.1764745435184337,67176.91860522864,45.814516129032256,44090.22366864407
185,0.2156169896628778,20.97698176513489,0.982920718449288,0.9879261670246744,0.987926167024674,0.2381381751661965,0.0753255850392697,0.984396380491942,682.0,1.0,0.9684829206519152,0.9712160236281104,0.0653668197751893,0.9800566117879616,0.9816864675899826,0.9805918299206504,0.0,0.9803785672167056,0.982157675934058,55813.31717596112,102159.40243039456,253685.0623519908,0.981039983611705,0.0453947781468581,1.6485787023654974,1098313.6864071942,0.1828087261714691,85725.71907173288,54.712272875639215,29605.81188609507
186,0.869276270105186,40.787948494046745,0.9300857635223558,0.954419050073715,0.9544190500737147,0.2054436831504549,0.057357480404179,0.9381997956874556,692.0,1.0,0.9128542547051314,0.9104329764578944,-0.0476156775140667,0.9159607706948396,0.942337421465941,0.9139016250259552,1.0,0.9128495538490662,0.9259638625909196,183864.93508972813,726485.5566912091,2579441.711691615,0.919933944041662,0.0453947781468581,1.8800707807067736,3528290.7772470014,0.1663915949572414,348071.6271073139,177.3526405451448,446035.487046545
187,0.731649508745717,32.48431421621287,0.9544874903665524,0.9710536069040524,0.9710536069040526,0.1954080310978783,0.0549429586560807,0.9604145704540726,650.0,1.0,0.9340976903816288,0.9353610581776736,-0.0090970861164597,0.9416603632330134,0.9571693490169068,0.9402895525509376,1.0,0.9389742751444972,0.9518491168244416,238225.52957521623,483381.7751003892,1008173.3812529516,0.9463259250418627,0.0453947781468581,1.8666441228814248,2794980.681896017,0.1711886906662269,810139.2451824071,152.73781222922557,78654.79712114632
188,0.3780358182875451,19.35496314657377,0.9863937899803435,0.989733728580372,0.9897337285803716,0.2527535294592082,0.0600651252536958,0.9873488516350676,703.0,1.0,0.9765084860864904,0.9775654908859502,0.0778067363866826,0.9843973276003828,0.988591174676847,0.9850696572734337,1.0,0.9843551433865978,0.9867570912381228,290639.98478658975,295693.22473552404,2429729.667049947,0.986580280506252,0.0453947781468581,2.0257432496949748,2835716.250741296,0.2440209044849013,180029.44111460424,161.8810790273556,243984.850930004
190,0.6234271308763297,30.6634635695311,0.9648795853461546,0.9742446684664414,0.9742446684664416,0.1533971719319195,0.1379750332702068,0.9714005289536494,632.0,1.0,0.9247656620825476,0.921560726331788,0.0177585745619923,0.9266970884225614,0.9535499312454416,0.9372165653870972,1.0,0.932078225353854,0.9577954592271692,140404.42386311703,286713.2849885867,1669487.8274090155,0.9450622137454624,0.0453947781468581,1.924218592021132,3986566.45959023,0.0250999126785082,540808.6013748143,125.61319587628866,395504.9306835996
191,0.6850709068711544,31.3641728597238,0.9604404209463504,0.9729901445360496,0.9729901445360496,0.1427874745122983,0.0606231431011721,0.9677660401673842,622.0,1.0,0.927058523393662,0.9234354050430102,0.0854463503859937,0.9296814059136012,0.9581679199137176,0.937397759299684,1.0,0.9321516484298396,0.9579853567967404,273051.4053347296,353842.46177766775,1200000.744377859,0.947112611861284,0.0453947781468581,1.911054422401888,971273.877507538,0.1571922352209706,392773.7979261925,138.41140313692242,443322.3309308719
192,0.869276270105186,40.51334632107894,0.9304963076775457,0.955029282416772,0.955029282416772,0.1988503580175506,0.0477377355771379,0.9390356986769908,675.0,1.0,0.9128820389663728,0.9099925871763545,-0.0452669043925794,0.9159948534951896,0.9417759329483076,0.9142333470319888,1.0,0.913083423047736,0.9261500354419788,201961.30248754937,715179.0231711302,2608766.551688903,0.9201020381305958,0.0453947781468581,1.860829075022971,3642934.79043944,0.1637519577940825,330444.5563479035,176.09749894022892,445762.5412966376
193,0.7357056959066824,32.9025645878101,0.9537147963439392,0.9703028075523452,0.9703028075523452,0.1870524782616896,0.0416157592277848,0.9600789013351848,650.0,1.0,0.9330511574366276,0.934125748985768,-0.0014471194517633,0.9407178521462428,0.9562569863841206,0.9394106041545996,1.0,0.9379370306431772,0.951237144714146,263671.1066684687,484532.979786192,1073629.9862665143,0.9458257593454552,0.0453947781468581,1.881454168516004,2767360.833213296,0.1752114284009558,770786.9352687615,161.93120436117218,141426.33212166847
194,0.352599373823339,18.81184267268266,0.9879209890614136,0.990305951887806,0.990305951887806,0.2630379942675032,0.0948614793980236,0.9886630527462468,699.0,1.0,0.9778215314758996,0.979005659694899,0.0965685972596457,0.985468090747012,0.9896036913590036,0.985580654708862,1.0,0.985245229975931,0.9881532830131636,256066.39533302296,276437.6069498324,2360034.616086624,0.9873131306131232,0.0453947781468581,2.0273131810211966,2858525.4347433955,0.2388253002861265,164871.15326520876,161.29958443520968,222548.7494383225
196,0.6024287693306521,30.798435086918506,0.9645795483266169,0.974007913315546,0.974007913315546,0.1618857254693848,0.1473422921535476,0.9707934536933654,614.0,1.0,0.923888992089509,0.9204292524362117,0.0377957757821944,0.925768178950049,0.9528953973358256,0.936586849283912,1.0,0.931567575027798,0.9578198409448472,138392.79561001205,319910.41921597323,1658780.521870274,0.9447499334669148,0.0453947781468581,1.7609726367579324,4017461.17626718,0.038240427882767,522775.00219912914,123.9766201804758,386744.9469952853
197,0.6661167104349168,32.37665752025448,0.9589518832078968,0.9712128287486508,0.9712128287486506,0.1462413940010185,0.0685406519353525,0.9665395711302222,631.0,1.0,0.9244922918093044,0.920525222412009,0.0941913878567054,0.9266075239445462,0.9563137869487104,0.9347025122859044,1.0,0.9300914232981112,0.9563960186495928,296604.03907152184,378162.47578536446,1151944.260975049,0.9448439733861194,0.0907289936621287,2.009870657500067,967041.2859436286,0.1530975615866692,424185.8641589309,139.7946505608283,421375.5893057231
198,1.7569556602701295,71.5704663437921,0.8237004642638742,0.859565763111852,0.8595657631118516,0.0856434317645002,-0.1344574222277695,0.8740203208101548,845.0,0.0,0.8373370834953373,0.8371527617901623,0.2502251862056142,0.8400162682091321,0.841650829200871,0.8468212103018247,0.0,0.8501851615842961,0.8699417327779336,884.9836156084717,1787.0759127019394,3733.901369927446,0.8659465696786687,0.0907289936621287,1.3235031653247815,3632.151363552625,0.3685020189389348,759.8799774421001,0.7890691192865107,442.22700920914224
199,1.974633296231846,86.32463545770673,0.7648436549921758,0.7956628474736313,0.7956628474736316,0.1090880420242356,-0.0850499561569257,0.8355267419169157,810.0,0.0,0.7814926053986408,0.7816877626709388,0.2312098631203178,0.7851429194499547,0.7900826011993193,0.7806107257420442,0.0,0.7963351754098388,0.8303691062279592,294.1852401868431,2032.1306806273856,739.0388396375856,0.8142544472414894,0.0907289936621287,1.1938455412848537,4055.303233509368,0.3502516250967073,1505.7304900005126,0.6544199860867774,356.2037357223369
200,0.8452826223007703,35.256417146770865,0.9287906227436684,0.9659635296096368,0.9659635296096364,0.004542973318239,-0.1468760991841422,0.9490597545043404,824.0,1.0,0.8487390504518941,0.8438513444651037,0.1583073270032761,0.8923826473879652,0.9122964467454272,0.8986594318715447,0.0,0.8955396820898474,0.92293021821131,8035.405424219869,7444.350408876977,7314.369125785558,0.9073553519857168,0.0907289936621287,0.8431023478001738,7109.621928269659,0.2085003245774292,1667.4143049847712,0.7454953338119167,6621.836075565902
201,2.416657763795365,94.09475801381876,0.685656164451867,0.7581971267022332,0.758197126702233,0.0586434099560684,-0.1168661716008775,0.772788961357567,819.0,0.0,0.6832728919611523,0.6773562984350332,0.2110193803015234,0.6848715847344052,0.7254455405648054,0.7029485660409386,0.0,0.6986110097411898,0.7559016084964723,367.746587429014,550.1839501832759,1378.2371885375771,0.7570664334820908,0.2284647054834789,1.1430372632159862,2192.447022006222,0.3342135339792502,1223.9999033692852,0.5964331864904552,405.79041207327447
202,2.583273546621748,90.67533149301624,0.7116085669074409,0.7739431195175464,0.7739431195175466,0.0505572443201562,-0.0899429527211603,0.7995631480204782,829.0,0.0,0.7050769074178833,0.6971382267792742,0.1239189058426362,0.6976969731426008,0.7273504664512034,0.7330338899176291,0.0,0.7285964700469755,0.7581790555339792,867.5420152854412,1335.1313334793674,3863.976853902815,0.7735252494072976,0.2540933576978907,1.0108194922847964,1635.951631857809,0.2583543694567606,603.9811098554319,0.6630207394048692,654.3849475665533
203,2.1901980165619794,81.14731260984392,0.7634644074571582,0.8191501305102555,0.8191501305102559,0.0885572894144432,-0.055513656576954,0.8222555144725153,818.0,0.0,0.7308620151135402,0.725131450104918,0.1498825530937575,0.7366579931986127,0.7693880697180815,0.7657755292764244,0.0,0.7637868107313689,0.7932863695032254,859.7169462899656,2993.709717365262,2080.9029690199645,0.7979850699198356,0.2284647054834789,1.2213045478407896,3028.3675125739755,0.2647638303754433,891.6484931804596,0.6730370942812983,476.0520889637929
204,1.6498817907636243,72.02871460708155,0.8145565561394146,0.8576651585887887,0.8576651585887889,0.1035089550629843,-0.1156019353374848,0.8589663510480371,825.0,0.0,0.8201234551311277,0.8203335336332818,0.2733715720322786,0.8207706156601275,0.8265947865710724,0.8355531572907313,0.0,0.8396670726705154,0.8584615139998472,1017.6207878384132,2168.7399951557973,1949.9985895018465,0.8510873699462919,0.0907289936621287,0.965524224637828,2974.4893300569806,0.3726983652823176,283.49123690191664,0.5724957591178965,364.295256905571
205,1.863151157848575,91.3040530643986,0.7334536512822,0.7713672185551762,0.7713672185551764,0.0860552095588793,-0.1094864606303075,0.8194952044291344,838.0,0.0,0.7559246582839896,0.7565084072747794,0.2604231066800508,0.7565713125601392,0.7677058719646569,0.7589636995515496,0.0,0.767744925322471,0.8171600502698654,1033.4238271131996,1854.151146268744,1695.592881115816,0.8041408214798543,0.0907289936621287,1.262882074279618,4992.727005408036,0.3720345599730343,1355.958185670945,0.4477351118296955,895.7342747565323
207,2.3554394714419984,96.53938052418704,0.6834502550342304,0.7444815418236352,0.7444815418236349,0.042116565035463,-0.1200151849772996,0.7886377681875067,835.0,0.0,0.6935742807154203,0.6842750576254193,0.1997806108080111,0.6856865570698334,0.7202070283990848,0.7080134875567348,0.0,0.7086494618462605,0.7652611127294543,222.39470323799523,1277.8626825030449,3592.1144851837344,0.7698097348189062,0.155664698712122,1.1575772208673962,2911.7207136719294,0.3255795521098592,786.1696104722201,0.6194784896316929,163.9351701035165
209,2.5067340625405663,86.64103684997461,0.7414335095572977,0.7942005450158542,0.7942005450158546,0.0513842079983403,-0.0998700639305843,0.824116374498289,800.0,0.0,0.7294505588943327,0.7205648677459413,0.1616297409973667,0.7336943708978508,0.7591042063092908,0.7605008993499246,0.0,0.7606080284349076,0.7938188531655166,909.5716095957274,538.1489160771824,2398.5777758459326,0.8018268745868861,0.2459014541538295,1.3081198489512118,2189.915545599855,0.287825374397819,773.1552450344178,0.6671624007060901,251.7510116266621
