id,y__number_peaks__n_10,"y__change_quantiles__f_agg_""mean""__isabs_True__qh_1.0__ql_0.8","y__change_quantiles__f_agg_""mean""__isabs_True__qh_1.0__ql_0.4",y__number_peaks__n_50,"y__change_quantiles__f_agg_""mean""__isabs_True__qh_1.0__ql_0.2",y__mean_abs_change,"y__change_quantiles__f_agg_""mean""__isabs_True__qh_1.0__ql_0.0",y__absolute_sum_of_changes,"y__change_quantiles__f_agg_""mean""__isabs_True__qh_1.0__ql_0.6","y__change_quantiles__f_agg_""mean""__isabs_True__qh_0.8__ql_0.4","y__change_quantiles__f_agg_""var""__isabs_False__qh_1.0__ql_0.2","y__change_quantiles__f_agg_""var""__isabs_True__qh_0.8__ql_0.6","y__agg_linear_trend__attr_""intercept""__chunk_len_10__f_agg_""var""","y__change_quantiles__f_agg_""mean""__isabs_True__qh_0.8__ql_0.0",y__ar_coefficient__coeff_0__k_10,"y__change_quantiles__f_agg_""mean""__isabs_True__qh_0.6__ql_0.2","y__change_quantiles__f_agg_""mean""__isabs_True__qh_0.6__ql_0.0",y__standard_deviation,"y__agg_linear_trend__attr_""stderr""__chunk_len_10__f_agg_""max""","y__agg_linear_trend__attr_""stderr""__chunk_len_50__f_agg_""max""","y__change_quantiles__f_agg_""mean""__isabs_True__qh_0.8__ql_0.6","y__change_quantiles__f_agg_""var""__isabs_False__qh_0.4__ql_0.0","y__change_quantiles__f_agg_""var""__isabs_True__qh_0.8__ql_0.4","y__change_quantiles__f_agg_""var""__isabs_False__qh_0.8__ql_0.0",y__variance,"y__change_quantiles__f_agg_""var""__isabs_False__qh_1.0__ql_0.4","y__change_quantiles__f_agg_""var""__isabs_False__qh_0.8__ql_0.4",y__cid_ce__normalize_False,"y__fft_coefficient__attr_""abs""__coeff_27","y__agg_linear_trend__attr_""stderr""__chunk_len_5__f_agg_""max"""
4,626.0,0.8729672880937388,0.7637117933886346,155.0,0.7370976728318566,0.6920880273963421,0.6920880273963421,12619.5330915449,0.7413027106475206,0.6244158882156837,1.1959444916713295,0.3002729586812367,0.9225446319255398,0.6016566612759648,0.124317488947888,0.6377519851126382,0.5933829568364053,6.498710173186334,0.000281991634079,0.0033252308636594,0.46155864393879,0.4994172635665493,0.4338749773608638,0.756057694551029,42.23323391507555,1.2735523765612426,0.8237695863412353,142.21222918278409,3387.583602459297,9.80625703375395e-05
5,570.0,1.1506383092162489,0.8680772098050629,129.0,0.8221032496519204,0.7735541242119414,0.7735541242119414,14104.98590088054,0.9387073006255264,0.6281996920792688,2.042530782408999,0.357309271980487,2.250530749626582,0.6250420569824691,0.252770169409,0.5907617628940646,0.5848832994063429,7.243126975968675,0.0003514268583233,0.0046435772190368,0.552538040185924,0.6227632828680987,0.4966661414073258,0.975980546355174,52.46288839000512,2.221069073824728,0.89130073534871,183.58545540996508,2508.0222577105715,0.0001195590600554
9,627.0,110.57569444444444,115.67843010950584,75.0,110.74877847360816,102.75419545903256,102.75419545903256,1873620.0,112.28323397913562,105.25067284688996,20430.68433347236,4234.29029198751,12198.59738341895,93.94941302027748,2.5470612498247243,96.2690049676351,87.36173400347961,1950.0823885303,0.0875141003864368,0.968816541215622,83.3012920908379,11424.29916950581,6780.849830089543,14924.265519177405,3802821.322056039,22017.97700468574,17858.54549519923,18154.684019099128,1953176.822519263,0.0309306112757716
10,597.0,103.63715983734753,102.56270718232044,65.0,96.720917418555,89.03219260721728,89.03219260721728,1623413.0,101.20169819752718,93.11641305953611,15723.028918081794,3593.8966401060256,13504.461289575826,80.59725659336775,3.4805021860474974,81.2958233173077,73.30315302285219,1547.4810320419035,0.0699921351240413,0.7832046354216715,76.67033801747057,7690.306289967394,5455.838715690514,11012.504729399356,2394697.544529476,17466.644124102506,14126.474862187626,15805.551145088237,1234798.6003870848,0.0246576604628877
12,844.0,1.3506189382337928,1.1289625302175668,140.0,1.0876900282798474,1.0828529558148536,1.0828529558148536,19581.23,1.2010934216906417,0.7723332085127629,2.859483590737017,0.1488015975806058,1.6731198770873992,0.9119192331478048,1.0560782053853237,0.736424070573409,0.8752592630397061,3.147996392816821,0.0001665912384029,0.0024753987358844,0.5264852225963338,1.1266683686386347,0.3541451058686315,1.3887464901925086,9.909881289187716,3.2056467001546243,0.9506378195268428,220.0034772452472,649.3999849641971,5.567159746566685e-05
13,799.0,1.1968288161092266,1.1866545704197726,138.0,1.1253676417217102,1.1136500191875445,1.1136500191875445,20314.09,1.2370059205700514,0.8372597941735592,2.756054345159713,0.1820759790500152,1.075428953238634,0.9447972746082686,0.8211115343550333,0.8046849117752971,0.9218356137021873,3.5423428208490257,0.0001742281949013,0.0024842098127911,0.5684077739227552,1.262520621007373,0.4138552998439214,1.471429230058993,12.548192660420632,3.182193928080029,1.1148183588318856,216.9160910999038,1579.1333128033834,6.004522646190272e-05
14,799.0,1.3913345983554712,1.1703431422462074,167.0,1.1437031794425083,1.1490385766363784,1.1490385766363784,21118.18,1.242615535889872,0.7700132377631409,3.1324158293437017,0.1433430468038391,1.879361154503156,0.972429483897706,1.527782639857328,0.7445420721236404,0.9196416173167248,3.0440477352687987,0.000156020829225,0.0022366349560054,0.5201655951685175,1.210101432614762,0.3665749626944504,1.6097944579242145,9.266226614595103,3.5021586161612,0.9594794310582136,232.4507917101309,5683.470249740025,5.290803284187827e-05
15,806.0,1.8567552207242928,1.507245816000774,135.0,1.3841955095983531,1.3291636503235713,1.3291636503235713,24235.97,1.6729571561626824,0.9265074872716385,5.023351811738297,0.2645977034118296,3.014859507000484,1.01509770755886,0.9856370611151302,0.8531582282126606,0.9789567026652136,4.448871747533062,0.0002411017238474,0.0034823204887854,0.6826981814971753,1.5684025102270256,0.5286545964299145,1.7140279521117154,19.79245982599788,5.980228533928442,1.387068133399277,281.8561332636445,374.78363369023214,7.95722925648655e-05
16,803.0,1.6312393162393164,1.4061192541629275,168.0,1.350704276482974,1.3393901502687289,1.3393901502687289,24422.44,1.4689342479504768,0.8707364493322858,4.249467975713861,0.1470998844759002,2.20874654804434,1.0896259990951591,1.4578284203016083,0.8832327336041786,1.0638532778355876,3.622724981492455,0.0001799066797667,0.0025986895583638,0.5434593209481101,1.8105336467628208,0.4372675448379819,1.9802725265822885,13.124136291529508,4.703025483574948,1.195443492476068,268.74505986157214,1924.2196674639345,6.31088023126508e-05
17,766.0,1.595863799283154,1.2932974051896209,169.0,1.2297578639356257,1.246532850718438,1.246532850718438,22729.28,1.3982336000000002,0.8843909502262444,4.858745051496262,0.2325756971537313,3.6189864257706232,1.0434124845218151,1.2248364194201138,0.7890810406138874,1.0048090137429264,3.99768770471962,0.0002360365268524,0.0043496489978427,0.6657930317212689,1.6591646299009082,0.4659590399181017,1.824284354117197,15.981506984466424,4.3663684894283294,1.2481060229200878,308.8793360197474,939.8047803568576,7.427810233056898e-05
19,600.0,104.32646592709985,103.4573636280011,68.0,97.55947955390334,90.0851705604914,90.0851705604914,1642613.0,102.32153524492234,93.17495177326012,15855.660650558282,3271.409532208441,13768.332423798363,81.25329740462345,3.3954079179908785,81.86637607094544,74.3288292635846,1546.9470592120751,0.0698811323167862,0.7786793287971492,75.2057453416149,7931.651264443672,5473.01064428837,11149.537125355771,2393045.2040048875,17600.664244666685,14154.3646244744,15911.658838725773,1251500.020639642,0.0246404706725494
21,667.0,292.5388257575757,268.5181675295858,119.0,242.60846121941103,223.43819238784687,223.43819238784687,4074172.0,289.2611086342696,192.92939330543933,137884.5596199637,20265.68513629435,160762.18133794764,173.65910540866236,46.44017942285025,159.75461422087747,155.48434036812182,2179.5851563677943,0.1052626071286385,1.3353505245143875,172.14227035100822,38336.96063378753,28730.57522240538,54719.04114912553,4750591.453858823,168071.18960508995,65797.79534124369,46985.8841089534,2121218.855325638,0.0369667990452389
22,678.0,275.92060932009963,231.236165273909,128.0,217.02634132815749,203.645442579796,203.645442579796,3713271.0,241.6311608386289,170.9195122755048,101107.73224759538,10754.26376592656,166676.6430662199,167.06111169833707,34.993968221151945,160.7917388820041,157.86537927197648,1952.2400340151755,0.0911130540554849,1.1153611731464963,125.57633769708303,41776.45783584838,21890.443102036086,48988.51265584995,3811241.150411573,116918.12385412112,51090.43724362299,40164.55791329723,1621680.1968463035,0.0321532323132423
23,672.0,192.47290494521764,173.8504550145417,102.0,171.27952074243368,166.0624931446748,166.0624931446748,3027983.5,177.11542521109772,154.58236951364177,50099.70213799024,11801.759736639751,31725.102992283508,154.8582303233466,10.026918352468206,144.8618005241252,145.36053297023926,2086.9435387844346,0.0909994425753406,1.0357502731762909,134.9558823529412,37642.921287802434,15342.285157895356,42703.638650102606,4355333.334074099,51308.22321845262,39237.24128822482,29895.642011002208,2386811.365730543,0.0320114133417683
25,624.0,195.3560278977084,205.452061096798,113.0,190.2726389563528,179.29329823406823,179.29329823406823,3269234.0,203.87068582432232,165.5528554070474,74640.10371871798,11017.218641311754,98210.71526193824,152.42874551971326,34.963545007223814,142.90574082533882,141.06612127045236,1972.2373478262552,0.0942944135876523,1.104556438467155,133.88482490272372,30753.88545689106,21944.86901675552,40862.36402194731,3889720.1561607416,87022.19073309567,49286.84051426633,34511.63114081976,1355604.13144357,0.0318667052590019
26,629.0,196.80999383096847,200.15324675324675,116.0,189.4141445550028,182.0306570143688,182.0306570143688,3319147.0,199.54979993778983,173.82793462109956,72464.02211829538,14479.183297473524,84831.87011418934,164.24522315448073,29.53777393402501,146.82142138039148,149.2870716853768,2003.3254583958824,0.0935586025306433,1.080957366465385,149.0944432798798,36229.7094268206,25145.28330300797,50797.7525599186,4013312.892257072,79479.08403179691,55308.92873723717,34759.78512420571,2421225.090645472,0.0317210670385993
27,324.0,0.1441059160437679,0.1268447807697355,27.0,0.1172848725914198,0.1177234118335477,0.1177234118335477,2146.56869137291,0.1266731829781951,0.1085371810964408,0.0589960892382231,0.0132244610955837,0.0549261092684889,0.1049936551799237,0.0408439069205442,0.0828150267707062,0.0927730094342924,1.0877543798081897,5.261953998014558e-05,0.000752940009113,0.1052030497205349,0.0169163938997924,0.011727661837736,0.023527452169601,1.1832095907918987,0.0674238926808945,0.0235079456304823,31.22320235065879,575.9463442338837,1.7625531088772228e-05
28,286.0,0.1155924523880948,0.0963270397597984,32.0,0.087495668971202,0.0942444356044592,0.0942444356044592,1718.45303881171,0.0977886065934233,0.0735451233215755,0.0346443412557463,0.0069296420455734,0.1191843936696805,0.0813778259808855,0.0306771206048038,0.0634726436889841,0.0797371674218974,0.9446088532103089,4.512668964604961e-05,0.0006100653511469,0.0586170273332305,0.0142836906375536,0.0088058210803197,0.0173751489793601,0.8922858855632946,0.0398729348742423,0.0142146836573476,25.151221893985287,779.08023991808,1.527939296064602e-05
29,157.0,0.147606038889901,0.140726881000814,30.0,0.0956819759782128,0.0956819759782128,0.0956819759782128,1744.6651499867323,0.1286206137809271,0.1006935282796534,0.1023066556418669,0.0219784588027254,0.3894502934736042,0.0650360988742144,0.0240690690965482,0.0438574975008302,0.0438574975008302,1.480990506824325,6.630035937448138e-05,0.0010699243229883,0.0767404330716582,0.004061744612644,0.0249831412515562,0.0241863881625249,2.193332881303771,0.1517934920262013,0.0351223277890973,43.19097097451013,382.4207163332859,2.079424540260965e-05
30,336.0,0.1718296552688001,0.1411156890145023,38.0,0.1238362517801254,0.1231604195143534,0.1231604195143534,2245.70708942472,0.144581273922486,0.1050947767531886,0.0787065070664066,0.0100007580819955,0.1192311465894542,0.099346532680769,0.0494936074263824,0.0810470272827001,0.092899272837509,1.1681666639754107,6.004081463504879e-05,0.0009013353732133,0.0902698001342825,0.0145015850248804,0.0104618680621666,0.0219031175012236,1.36461335482344,0.0970014935566114,0.0215065230112474,35.51939310594668,1562.5651436790577,1.9859250891119445e-05
31,320.0,0.1541373365001655,0.1326357058828517,30.0,0.1111546363022359,0.1112673549951733,0.1112673549951733,2028.84895098199,0.1345850419050755,0.1057218037087362,0.0676440156530743,0.0114235541317175,0.1316193111268964,0.0912251062072403,0.0535712403054399,0.0743733719489237,0.0833265401969486,1.0511753362963216,5.512249855356318e-05,0.0008649821550391,0.0888017793980952,0.0111679138123554,0.0122227086763377,0.021163048749516,1.104969587637685,0.0854617803204051,0.0233987578959585,33.55681099404886,473.9505885021604,1.7888840920006516e-05
32,322.0,0.1126914886066021,0.1054562697142467,38.0,0.098441290845454,0.0975300595270083,0.0975300595270083,1778.3631054154698,0.1136691743606496,0.0842153565787516,0.0477039028161117,0.0105160161688212,0.0765315023379926,0.0845923826681111,0.0264267337461069,0.0737896412766086,0.078819758716554,1.2012817619006226,5.523727989470748e-05,0.0007477787763859,0.0864681252161054,0.0137357274433523,0.0099850599100829,0.0199969032300773,1.443077871475064,0.0568457194464588,0.0170772469907628,28.347152461216428,264.6342310359637,1.8854967351724253e-05
33,825.0,1.3334055893944825,1.147589240053186,139.0,1.1148697802997236,1.0812964791049688,1.0812964791049688,19716.36,1.2132541442297542,0.7939210128495844,2.8617961476935294,0.1865571282480096,1.9601945666867773,0.9089615973183708,1.0047710597807522,0.7705475714025832,0.8477043583048803,3.0870778640331507,0.0001641922665151,0.0023235712097917,0.5868253155919481,0.924501023719952,0.3832269316547061,1.3711749178728665,9.53004973860348,3.2097839807193096,1.0135271138383128,217.8771383524822,1863.5747595279547,5.474826536325743e-05
34,810.0,1.1821433084987694,1.1774232723577236,136.0,1.144915434958453,1.1371015684984096,1.1371015684984096,20733.91,1.208814862267777,0.8176752591536993,2.9422238219623136,0.1683263816167715,1.1066307136110534,0.9829288913060288,1.0492202444705725,0.8378567362428841,0.9588624873609708,3.082916491672172,0.0001565229063318,0.0023501638408995,0.5372938369698529,1.1905895997088791,0.3940760405679303,1.5879859264506804,9.504374094624254,3.3584956794092893,1.062638916041743,223.73743907306,499.2453001718311,5.369640968941864e-05
35,768.0,1.3427524924143908,1.2540054553084343,158.0,1.244812635528592,1.2341436327739388,1.2341436327739388,22503.375,1.3058987012987011,0.7852549353784973,3.277877862577117,0.1367728221708299,1.078768808585426,1.0218199522553084,1.888112827637685,0.7782261424731183,0.9496934886183168,2.812884797405557,0.0001361963694304,0.0019568993286521,0.500615583804143,1.254933552836932,0.3570402157445905,1.7347931222820068,7.912320883475302,3.477302709540442,0.9736560964175156,238.1874844703922,1756.3268613611604,4.737802045742286e-05
36,857.0,1.9691525991425511,1.657286951938597,148.0,1.509699457452884,1.4555273224043717,1.4555273224043717,26636.15,1.831566951566952,1.0111123758932523,4.694729308945004,0.2583946943347657,2.392299828232757,1.1239702854875115,0.9402913579931196,0.892317694289652,1.059905960354509,4.242861549672247,0.0002142452448735,0.0027893905707107,0.7002554817944076,1.8585841140786472,0.6256561689732945,2.0527785233568667,18.00187412968718,5.669154018226411,1.647968910797942,277.63657840181406,4383.598655372963,7.284965231559743e-05
37,825.0,1.4341248363160193,1.346427348706072,156.0,1.299241152203807,1.2872455320318943,1.2872455320318943,23408.56,1.3932319894249836,0.8674331120498894,3.3810324187874707,0.1519277155091413,1.5166158264164014,1.0743395940624054,1.3392518662091175,0.8962799245994345,1.0470562053617638,3.410033456686548,0.0001643534205419,0.0021858997895288,0.5384715025906734,1.7083471054226285,0.4420066076261831,1.910946320877951,11.628328175721606,3.7808607856601046,1.1943615158221446,241.9495953706061,2709.806271244792,5.679006011070913e-05
38,813.0,1.287181372549019,1.2204626411096766,164.0,1.1990696864947912,1.225565374903941,1.225565374903941,22327.35,1.270337983993078,0.905034420289855,3.349929748961551,0.2502164814082198,5.761520149453591,1.0444380498533723,1.4956982895595583,0.8253148721685797,0.9724652990406204,3.957208896488735,0.000252212393068,0.0050729323317333,0.667107761027359,1.5869720416078696,0.4836820821485768,1.842583400979508,15.65950225044959,3.524945072843617,1.3027692295178273,356.29180522789045,923.6383880717226,7.60223195828293e-05
45,634.0,0.2360233755217659,0.2423511625558281,78.0,0.2405921504676147,0.2409395962851421,0.2409395962851421,4340.285887480551,0.2412499491317159,0.2153909722907777,0.1903974749720265,0.0217566262503321,0.1625859307650062,0.2264590193556047,0.0366278205077312,0.2039594354549198,0.2188851904370065,1.1217436021483294,5.681369429275735e-05,0.0008150828246217,0.190698695055189,0.0674618949720875,0.0285140420233574,0.0815988957083549,1.2583087089607097,0.1741528872306723,0.074905944413659,55.01605062746084,325.9937463052303,1.8865763214192823e-05
46,641.0,0.2531802878938137,0.2058392082791578,76.0,0.2124207030117895,0.2236362737710266,0.2236362737710266,4225.83102917732,0.2125358148838358,0.1597993649949923,0.1046799492946683,0.0199960771107874,0.0443209916650653,0.2080084800239088,0.0234292342403453,0.1829258575964139,0.213895321051791,1.0372707324890391,4.4577359265643375e-05,0.0005196789415567,0.1225262950954007,0.0780020620945117,0.029662937776205,0.0781430629753476,1.075930572478348,0.1117797170648438,0.0551987739093813,44.56278097203331,880.0179221551144,1.5670587488252213e-05
47,739.0,0.2449781860592384,0.243939432781638,117.0,0.2334958677682906,0.2380424513822137,0.2380424513822137,4235.489337443729,0.2429981649369638,0.2188308161106038,0.0880529107493492,0.0196016679080193,0.0419168947628331,0.224308289657768,0.0106363896779528,0.1866909050241871,0.2153881964764416,1.1741323212506336,4.532965247329485e-05,0.0005140875554041,0.1786426089715859,0.0785096895601712,0.0286213805539292,0.0807880089536504,1.3785867078054008,0.0942289356658346,0.0765081229294656,40.10373835198876,736.6135918237012,1.598047712322716e-05
48,681.0,0.2303983378411699,0.2339995491313428,107.0,0.2286477474763617,0.2349019443908802,0.2349019443908802,4283.202054023311,0.235587054303548,0.199583530999335,0.0844581159151866,0.016464321896279,0.0442394646251019,0.2209733614516781,0.0288085069036892,0.1824186101365073,0.2139741010593071,0.8034845983134489,3.552817434995976e-05,0.0004067390770781,0.1703398700523083,0.0632965911158567,0.0241035554496673,0.0769100319742099,0.6455874997269243,0.088507183463779,0.0639282198950008,39.914672612130914,216.3481980419428,1.251978042843382e-05
49,683.0,0.2638389415961863,0.2682183145672075,107.0,0.2834259483941382,0.2989917751648881,0.2989917751648881,5451.81602835657,0.2754287611080159,0.2057265553048156,0.1780548280196908,0.0149364518533014,0.0407112201453378,0.2633993455027342,0.070106152678614,0.1961763000823228,0.23932191455409,0.8325221440510496,3.871039363336524e-05,0.0004982838026533,0.1517452124445307,0.1025912179442209,0.0297900412460555,0.138535212053566,0.6930931203353566,0.1414532874674152,0.072105576966212,62.16743358958352,520.8786244283219,1.330111498321166e-05
50,663.0,0.2275940428805931,0.2076316940854731,107.0,0.2113236117800402,0.2168806128182232,0.2168806128182232,3954.601094127482,0.2335264873204771,0.1557267896487851,0.0847290659524178,0.0184756160428912,0.0348547903924162,0.197371788028629,0.0254897297345372,0.142758412323252,0.1795540738924654,0.9287838550041736,4.218852660092881e-05,0.0004880232330215,0.1534245327565921,0.0638075378561181,0.0282827616723724,0.0737290064139549,0.8626394493164137,0.0841591129219737,0.0525315564584493,39.75415171816234,812.6701631689864,1.4775124122939212e-05
53,599.0,0.1511124308080875,0.1392630326577223,142.0,0.1431875957398291,0.1656460253554268,0.1656460253554268,2945.848914920912,0.1421827781927878,0.1095342349572536,0.0548102903094292,0.0048012439912831,0.0061176280881595,0.1479094875828315,0.0091875467083344,0.0997811393915706,0.1519333813712431,0.626977220246536,2.8692644634878937e-05,0.0004339781078323,0.0834864303599368,0.0521040115652495,0.0077586605313831,0.0382265018825856,0.3931004347080732,0.0416713684810641,0.0197564046324914,36.26703810955199,463.05620613266905,9.377229092764756e-06
54,652.0,0.1589978890413532,0.1526567887495504,142.0,0.144803918370941,0.1415881488561247,0.1415881488561247,2581.718306242579,0.1601236827760411,0.1042383823613643,0.047079175567732,0.0049616075881081,0.0201960074686515,0.1138294519036729,0.0198670494781563,0.0950759504547837,0.106875094916105,0.3920594541982494,2.107363764378872e-05,0.0002858066970113,0.0891853060552613,0.013291132109778,0.0074299434877851,0.0215163226704455,0.1537106156262292,0.0534363814571256,0.0182938161067004,28.116563038576224,46.77083747214213,6.866488522681085e-06
57,597.0,0.164850264557482,0.1691885322009969,66.0,0.1631594894757815,0.1593355590119652,0.1593355590119652,2881.42424917238,0.1691144807047578,0.148613850512943,0.1408392844180901,0.0129504903977582,0.1428128027880995,0.146122687562284,0.0225061712352382,0.1376409039037679,0.1401436118426482,1.052639490913939,5.439275901913411e-05,0.0007979046698253,0.1403077907548665,0.0279325736875002,0.0143105381925699,0.0352847559172678,1.1080498978315565,0.1552294832282997,0.0363963831722609,46.34422018172432,371.0536095689735,1.791311045870583e-05
58,579.0,0.168348833407875,0.1542966390689021,64.0,0.1565507149136314,0.1570010166988937,0.1570010166988937,2963.3941901916182,0.1549139149402357,0.1355152240845286,0.0661731542716316,0.0138255350910691,0.0332859904483709,0.1490477417429713,0.010385684417184,0.1377816115149304,0.1454088226951502,0.9661233711435268,4.0518348670301535e-05,0.0004745189156657,0.1142176499163752,0.0344345705327706,0.0171040263643299,0.03977714378352,0.933394368269733,0.0740503445343151,0.0354683958792707,33.94923427834941,532.5150335742949,1.418779542451678e-05
59,621.0,0.1727794503456731,0.1606770479876779,95.0,0.1474288634902186,0.1370804372539153,0.1370804372539153,2432.355278633473,0.1691244610728092,0.1403180525967729,0.0370152582744268,0.0122515015443288,0.0199804119025342,0.120721436908547,0.0032319193183371,0.1103527231014498,0.1068457258018261,0.9623933712480351,3.752567416984512e-05,0.0004337598244553,0.1339561916135605,0.0162134201595304,0.0125392642374085,0.0249300729532486,0.9262010010221586,0.042383734685435,0.0322283515960009,24.03220648721233,507.0424884235526,1.3125211258195112e-05
60,600.0,0.1761669947148454,0.1632257055202678,66.0,0.1562508161584302,0.1517475073217651,0.1517475073217651,2766.964048505066,0.1684285297415866,0.1389602475815113,0.0406394535752794,0.0101459398686125,0.0233852911596154,0.1379090154450843,0.0103908118611311,0.1277006226372104,0.1311423708701671,0.7358639681760824,3.344330083186278e-05,0.0003871235652902,0.1256206488619703,0.0231179364415772,0.0125255423466031,0.0308917271196546,0.5414957796598504,0.0441712624553348,0.0318351277062107,26.328151756255103,223.7884422217836,1.1674903545224877e-05
61,552.0,0.171491256862404,0.1734969711438443,71.0,0.1678545973096535,0.1716082898216429,0.1716082898216429,3129.1055566078376,0.1664722765934364,0.1293796471538864,0.0614810761474836,0.0098315842312993,0.0128425383194533,0.1492761137592729,0.0206330089207806,0.1231919625231427,0.1446918876060808,0.7110839835772723,3.307431983725906e-05,0.0003987954380043,0.1238421311404302,0.0267582911262325,0.013196928671235,0.0457310841681788,0.5056404317001225,0.0691329697946465,0.0299358022191439,35.144777775932894,552.274048456922,1.1477498680779718e-05
62,629.0,0.1844311247989573,0.1563575092770819,88.0,0.156114155351575,0.1542364046618586,0.1542364046618586,2812.3466026043293,0.1841300453441505,0.1161384351481024,0.0479998237917716,0.0115316771178682,0.0187531811194367,0.1327655166151694,0.0131679926406352,0.0985933083352079,0.1178582025144955,0.6433301841318325,3.073484087385561e-05,0.0003660830764789,0.1197690289389822,0.0201796150764565,0.0151575414873832,0.0349031114498461,0.4138737258150975,0.0492707264546726,0.0286454746482472,29.09581890952631,683.3981852666632,1.0659282672095072e-05
65,679.0,198.96760355029585,175.15811001410438,106.0,172.63256553918518,167.169271690249,167.169271690249,3048164.5,180.358379762084,154.07379854188366,50227.73279835244,11690.980034712808,30401.24822382857,155.08994413407822,10.13942822154367,145.49785177228787,145.77666601904022,2087.0573473987765,0.0909258450431029,1.034492634707374,138.15459202341748,37116.032727165664,14825.700103544596,42834.29528000095,4355808.371331218,51666.91105894637,38563.37019166432,30061.21127660472,2423984.4705292834,0.0320108903074158
66,666.0,231.40443476318143,222.01661023153656,96.0,206.4155456417296,193.19783996072653,193.19783996072653,3541896.0,227.72465386333184,173.81883287782168,85199.1046767995,11242.053753329126,106826.2165697309,161.4112882090868,18.473506599486512,156.2852394621544,151.1147659410518,2493.749664200898,0.1175250797753313,1.3510507018602875,137.0921712041176,39996.66096666521,21789.02235021862,51615.90630291174,6218787.387702092,97194.2646599826,51984.442953195176,38045.4018356139,2483195.5376791605,0.0401535598627037
67,607.0,198.11170568561872,208.98615980808268,114.0,192.5805756395996,179.9380983823044,179.9380983823044,3270195.0,206.8886567164179,168.2632460414129,75092.47406426726,10878.911629455864,50981.362654053206,151.78049482163405,34.24656376901736,144.82846659532183,140.1063788597425,1979.8713114122488,0.0912045854694455,1.1045989839849006,133.73057199211044,28878.14661984381,21739.98627399428,40021.19348191975,3919890.4097532574,88400.75207352586,49945.16869242283,34439.19335582644,1230863.5140974026,0.0319045052404207
68,620.0,194.029448233106,201.15632569405628,104.0,189.55036427352795,181.39865904594416,181.39865904594416,3300730.0,201.308564001012,172.6016454749439,73368.92165175722,14440.924081101488,57358.76050585594,162.11911494415384,28.152928404167145,146.51087228819077,147.7189555063677,2001.513259834279,0.0940220239845206,1.0839999796214888,147.80556868474196,34207.60653596474,24706.90656951292,49750.83218469351,4006055.329292442,81136.06396859247,54426.22470447722,34851.155978943185,1956623.306631022,0.0324442220040275
69,825.0,1.243605388272583,1.1588657011632977,141.0,1.1229792992465804,1.1237183283974992,1.1237183283974992,20489.88,1.184498520223611,0.8013375551717521,2.9891364175783504,0.1341835917475958,1.7408435552828347,0.9571641550986068,1.2269667338553478,0.7737738577212261,0.921194221673864,3.003793616136905,0.0001591124655359,0.0022116113991547,0.5121796395325808,1.2272332502638583,0.3690709001293007,1.501626053069799,9.022776088344829,3.413753919022696,1.0112109986565407,227.05659525765816,2157.874508544285,5.3136328389329626e-05
70,831.0,1.4249583806528727,1.1752462501674033,139.0,1.1336005734450816,1.133734232752002,1.133734232752002,20672.51,1.2351837412827649,0.7958671479337799,3.010954598952163,0.1766745005324438,0.9206721564023972,0.9623155076867842,1.0167106839085582,0.7737206305004426,0.9348456974097462,3.227748622679044,0.0001648114766977,0.0024643430442088,0.4906515717995999,1.2982466372570252,0.4135582964116312,1.5407446823254738,10.418361171206463,3.393966863544726,1.0469323778371995,226.57956377177885,2835.4602661223985,5.64798972205328e-05
71,800.0,1.2653909861325114,1.1790793617831308,155.0,1.1706584513970877,1.1887665898870243,1.1887665898870243,21675.97,1.1948828168388317,0.8090189196416634,2.795203222910635,0.165962942756459,1.0447890270499045,1.0350942907853866,1.6155486063265765,0.7662154641224409,0.9601024575977848,3.022708039874858,0.0001442858953011,0.0020334125630967,0.5551945602541195,1.2634705111199132,0.4109091786543928,1.8354016066015149,9.136763894324105,3.010221167750548,1.0651748162892154,224.7679707683756,4072.367351615223,4.926820002242705e-05
72,818.0,1.942525208873524,1.753440687846109,163.0,1.6169601662129245,1.5559570034002417,1.5559570034002417,28371.320000000003,1.857637290365012,1.0730554517133957,5.835960084199644,0.251723890996742,3.113684158596307,1.19126764632002,1.1291912258740042,0.97789029535865,1.1374038263731745,4.588287254313774,0.0002353660609421,0.0031672271468186,0.6747434305814195,2.17285774346834,0.7033245562189808,2.3282363904458165,21.05237992809823,6.821716616579758,1.854625914870392,308.5235602834896,2788.662655449254,7.933680749670431e-05
73,806.0,1.4691280439905734,1.342108595931392,185.0,1.289424903908913,1.276725348250521,1.276725348250521,23279.81,1.4253001297858532,0.9216698095417688,3.30768139071478,0.2090108632919589,1.4847531151381876,1.0817864552459988,1.3509489471919045,0.8794629251068573,1.0368544361821332,3.5852681054785007,0.0001752097338879,0.0022880156610632,0.6383234244946493,1.629336308643659,0.4898747008931751,1.909355572407302,12.8541473881614,3.6736809085445774,1.3393410447546243,238.219701536208,2469.8413151410227,5.9691992450834494e-05
74,815.0,1.4688123066345822,1.3033342449651737,158.0,1.2478266522210184,1.2499758692552376,1.2499758692552376,22792.06,1.352229223161589,0.9511180471491004,8.27673123711727,0.2811519592423007,9.268320208101834,1.0334956295600666,1.7804704633042845,0.8176687725631769,0.9700988202077242,4.463444879706538,0.0003312071546136,0.0071245000816849,0.7086973365617434,1.5069926149833808,0.5414849765007216,1.7726668321297363,19.92234019417852,3.51538037726228,1.4460867575145058,446.1415789502647,133.57360581843508,9.374147962597532e-05
78,751.0,1.4973711583924347,1.565291265451069,181.0,1.622673946521069,1.588620708566414,1.588620708566414,28966.91,1.5280733944954128,0.9992077365908452,4.398161853958148,0.1645055717806436,2.78462903141222,1.3264729988510149,1.1888015443447244,1.160864053809339,1.2650047660947354,4.807150831870513,0.0002207425351277,0.002561439687888,0.5675944881889763,2.8850545594493195,0.5297685973725142,2.916551559353105,23.10869912035336,4.1478565588370095,1.5280175313448017,291.5778907084692,4477.194330242671,7.620547891270041e-05
79,706.0,1.5326942028320876,1.5385118563685638,179.0,1.5657781201849,1.5263579028189096,1.5263579028189096,27831.61,1.5568898319764422,1.0400329742857828,5.24639387492168,0.2410960293208316,1.6727552507148182,1.3018002823113326,0.9892134699371916,1.1277229445156565,1.2268287110827754,5.3274118700587145,0.0002634798875401,0.0034401008020391,0.619154712353992,2.405648609408207,0.6295439642662922,2.674582230874591,28.38131723324249,5.407357785475343,1.7112049113036527,296.93936836729563,4628.998273170283,8.827261410531404e-05
80,723.0,1.8536234198270125,1.4754845484548451,164.0,1.465124369394619,1.4271374904025445,1.4271374904025445,26022.425,1.5807845557122706,0.9362561251413494,5.273070819431038,0.1761507008506911,3.767127980247869,1.1685066092380811,0.8461781399901119,0.9839993169398906,1.1067872971620558,5.510707856400817,0.0002980025936646,0.0039328509935388,0.5780958904109588,2.139051939715213,0.4840616760131799,2.456652499707592,30.367901078597683,5.888354067595979,1.3603007626803516,301.12433233632913,7261.915285917685,9.606959887011764e-05
83,681.0,169.0655603023332,177.25631230783566,97.0,174.1248268218343,171.3838982121312,171.3838982121312,3125014.0,167.5056081046157,159.21827476366627,49996.87585326596,6986.588262581299,44472.84293106925,161.14384949003912,13.314565011584302,150.5735683285699,154.4829965662969,1832.3671144532425,0.0822257215419888,0.9218526136819766,111.87839424629384,40486.09850457056,15586.344254846548,45186.69430542888,3357569.2421297017,51626.10555613856,40936.801090125104,30375.65186680499,2609224.556148089,0.0289493288936931
84,685.0,219.70886559668085,216.9854007896428,100.0,202.35405628569464,188.86311703930463,188.86311703930463,3454873.0,219.82109886837404,173.44569373176373,81235.78290646854,11857.330173165754,76273.26514635766,159.747374299021,19.96042983949792,155.53860526182902,148.70879580478078,2348.297163835633,0.1077266511796538,1.280453976554251,137.01548089591566,34990.90145357023,21271.61551512812,47854.052569769,5514499.569678481,93003.18665412848,51329.78036386874,36660.19749787681,2314052.5033262945,0.0371995342661414
85,606.0,206.0191082802548,216.56480535166776,123.0,199.8784975352357,186.8677440633245,186.8677440633245,3399498.0,214.30881249061704,171.0980846462774,80801.60186295872,10452.862689701476,73631.94623521825,155.65858571325805,39.35903575268806,145.83248886841702,141.95990680516454,1878.419227123825,0.0873599931203902,1.0532882510019157,134.93223736968724,31853.174493238228,21957.310583294664,43507.90849291439,3528458.792828468,92574.85041790352,51120.94592912655,36808.84689174601,1862517.3656525705,0.0305498911197491
86,611.0,198.58296599496225,203.83004720910856,100.0,190.54573107500863,182.69639916566032,182.69639916566032,3328363.0,203.0049627791564,178.51283965362794,70957.89140483746,13323.454108865832,76134.07403156471,164.25984977324262,28.02416458056401,150.52359750667853,151.210275474216,1944.3969118483628,0.0913147892505287,1.0530696376320232,148.73610108303248,34397.75647211898,25584.52152694184,48019.81682743811,3780679.3508054498,79173.65697380668,57426.44345654812,34124.17562644589,1004920.1995469892,0.0309391518790463
89,645.0,161.21788413098236,157.0417329465706,82.0,152.44727222567073,133.83216284428838,133.83216284428838,2439225.0,151.95332519829165,118.50994684889902,56636.41881399851,5073.455549944355,18539.762321716546,108.59271851537044,5.360967399769156,110.5611299783884,92.61215090641842,1495.4641364223771,0.069677297724547,0.789293485122122,83.06269113149847,13893.959283129478,16434.23927084,28148.176260018645,2236412.983325526,59813.319834053465,30357.207814728143,29110.776191987738,1993905.726952708,0.0242731324746108
93,706.0,60.35666666666667,74.48101860552528,89.0,72.9150134789521,67.62131021617469,67.62131021617469,1232466.0,69.31965678627145,58.81631299734748,10283.441618826608,888.3353539353759,5131.999950825264,58.084539642883385,4.83774635358488,57.28804261408809,53.148432055749126,540.9518770120225,0.0248630995986049,0.2778299765236844,39.32462506047412,5109.866417857143,2634.5408612070723,7360.565943094663,292628.93324283033,10437.341028053112,6080.890789793076,13320.588012546594,478625.442134833,0.0087052335777239
94,705.0,72.17003367003367,81.81734509915552,93.0,81.0663469500414,74.29689298043728,74.29689298043728,1355844.0,79.12903474903474,66.83614457831325,12714.649568309276,1373.3974050816162,5230.541090101878,64.97638190954774,4.145274226223151,64.1602604330091,57.499111198893935,572.1889124127151,0.02621475100315,0.2967983346574149,47.79847494553377,5884.106537425304,3398.8729907582133,9175.754240972065,327400.1514880458,12741.24845000502,7851.361243115433,14778.687374053216,416188.1699678496,0.0091531281039001
95,702.0,73.61574917973022,82.9426083700028,95.0,78.93202876503942,71.39971472459952,71.39971472459952,1301474.0,74.89052261467157,63.52582846003899,12489.1160110232,930.5217497087184,4166.843249394202,58.49386771791502,3.901852660157524,58.34966519679895,51.94467482552847,535.1503552581981,0.0249564718598969,0.28375807060228,40.08801141769743,4251.458443810741,3068.102484287663,6662.135049012444,286385.90273297566,13493.453837991894,7081.941922063389,14148.610956556831,528232.9687720203,0.0086975979749867
96,605.0,258.7929328621908,276.82891384354065,128.0,268.0192507444083,240.39645716792805,240.39645716792805,4383389.0,263.24347559103467,170.39947908188182,188179.4691310976,9203.054697851094,117210.4875975006,179.14449691245915,43.522218821646106,181.21749371859292,164.05038874126564,1838.375541252266,0.0901552502916159,1.082896634072784,121.94520547945206,51222.91922550162,30786.646862824848,69872.37413086594,3379624.630674562,207274.66543445748,59822.48743966345,53457.29358095114,1690959.7119404045,0.0301511948455361
97,603.0,251.8266713830916,291.7484572251981,109.0,283.176482830385,257.9568388724361,257.9568388724361,4703585.0,280.54096218874884,188.7337634408602,202727.8293573428,13915.081814269826,109345.91993251008,198.36789370507515,38.89803067788667,188.42644967609417,178.76891998423335,1893.3478384824807,0.0916400190507083,1.0905249674796451,142.19012605042016,65105.32303210147,37993.38963908792,84428.70276681715,3584766.037486282,220745.98453058352,73609.2784112003,55917.211309390674,3022374.985946288,0.0313979203793326
98,628.0,434.56591900311525,386.4865470852018,120.0,392.6195037904893,339.7394427991664,339.7394427991664,6194809.0,391.7802512323104,192.6101195633339,431301.5062580148,12333.896973622015,257139.23118275727,222.9623209695189,58.03054447579,233.39491061362537,192.33702770780857,1879.90217629606,0.0948550682663496,1.1493341332461486,133.3527593818985,79305.87051364686,39526.096043842925,131829.85476442092,3534032.1924426625,436380.64722015936,76521.81839234293,81604.02960303113,1561501.8132299911,0.0324968143312561
99,625.0,256.56577086280055,273.04185563114135,128.0,266.72408779339474,239.65865964681365,239.65865964681365,4369936.0,263.1441760270811,169.06190941674814,180393.71591960083,9334.676321872344,121326.8356574802,179.55396571760605,44.31326517361576,188.5517784073025,168.4231072555205,1820.9734625610124,0.0892137958378212,1.0678055077749746,124.24520433694744,53801.93001392114,28299.69085604784,68967.25166867816,3315944.3513514427,195396.78428504543,56881.49392982792,52947.66854168368,1716078.5432340568,0.029811729226006
101,644.0,427.65940668419074,384.5368740219092,125.0,395.5105531797489,341.0519359438412,341.0519359438412,6218741.0,389.7086589060756,191.22963544392115,429150.5144348892,12182.756299297644,258733.19453571943,225.4517753436742,58.29930327938987,237.01131404557944,193.56226681456084,1873.6503989648195,0.0939166592099577,1.1226553876037757,134.29213232007152,81450.51200135692,38848.590342741685,134102.18764648226,3510565.817541027,426848.9113359968,75361.40908297914,81220.73506368749,1545662.6320145987,0.032313146291332
102,603.0,70.58647553755064,69.40395585897316,93.0,64.6690730278301,60.18249709575704,60.18249709575704,1087919.0,68.36013824884793,63.19643659230424,7173.321590117272,1572.295196396963,3465.7646797842053,54.370706208662256,3.514321699667533,50.9987511707774,47.48550724637681,675.3123523201526,0.0312040737480906,0.3513249259867487,51.26855546687949,4163.395058993704,2415.0578841928777,6681.738982116292,456046.773196178,7759.438138024637,6408.847356062492,11835.411216627272,104744.26687021495,0.0109577458228244
103,634.0,79.55350066050198,80.070620676762,99.0,76.97464670216935,70.89389120421146,70.89389120421146,1292821.0,80.34474474474474,64.68767463520646,11581.585730951732,1799.579535858542,4345.226408525147,60.54371467410746,5.013100131449778,61.18849933801813,55.28217677844543,695.3818453820542,0.031995198754002,0.368283942838172,47.48718470301058,5115.616947950168,3270.2009087532115,7595.735334915503,483555.910886951,12448.923925700634,7450.789368735392,14419.677963445953,512304.23933582654,0.0111706264470022
104,713.0,74.88883282879246,79.66110230345986,87.0,75.38609720984438,69.62539423599783,69.62539423599783,1280411.0,75.84744744744745,65.83724040276904,11303.783505896632,1306.2986707030689,9409.736752958326,59.93291726105564,6.648395333419861,59.06937872080599,54.030969175765776,581.0693470243225,0.0259122405731587,0.2928064333397315,47.709019769357496,5463.644270293124,3442.493870651877,8741.739280475074,337641.5860512726,12217.897232980671,7767.215325798394,14555.492326168252,1190813.6700078205,0.0090525407187733
105,704.0,55.76348124854413,63.14106844741235,90.0,61.17012790537753,56.5561018245384,56.5561018245384,1035316.0,58.27336520666256,52.27491817125963,7191.800357625437,708.2164440411166,3488.5182678356487,48.89846951072547,3.877468299210648,49.608617453863,44.83103516202108,482.68698139480927,0.0221085485830948,0.2501186315717249,34.83310698657009,3468.828879279565,2029.2685340490184,5135.000794128348,232986.72200803293,7491.590847123001,4757.220891573264,11533.95608265727,363383.6023630282,0.0077258935313581
106,705.0,57.804355716878405,67.99596509336587,71.0,66.1148943540007,61.458534975802905,61.458534975802905,1117562.0,63.49346405228758,54.50831973898858,8464.425485882091,782.2858555826564,4518.273209124988,52.82616658120284,4.5682907253885245,52.40869565217391,48.32719237262886,494.0120575698521,0.0228181779494751,0.2580965233595254,37.67791842475387,4353.7661697105605,2158.9194250723185,6356.965131540441,244047.9130243989,8625.620548628294,5119.005799414002,12432.508335006254,402314.3080094905,0.0079914108568535
107,698.0,59.82779138956948,69.95737798496813,91.0,70.25479603850683,64.9589830880738,64.9589830880738,1183033.0,65.86160021265283,55.02004600722971,9780.713941237447,866.0358401254282,4995.256080398303,56.259638423001526,4.32649703438319,54.43153549508446,50.26923723966219,505.14839929864297,0.0232887860784177,0.2651964934360242,38.47480101878383,5180.205982580384,2069.598562994925,7518.103391653474,255174.9053139813,9544.31039589832,5082.786469946756,13434.89585494928,289931.0262067425,0.0081402479760897
108,624.0,70.40321573524821,68.97397491106534,100.0,64.68655883993307,60.56121037782818,60.56121037782818,1094765.0,67.57511881036334,62.55959717420713,7326.145822867575,1491.0885667714203,3910.117230653212,54.59448874964398,3.721401938050093,51.673248009989074,47.965413459640814,674.1165692430134,0.0311747546286409,0.3527499677895686,50.234555599840576,3842.189617425683,2357.250030520632,6589.025042818527,454433.1489279705,7873.503114525631,6270.933053421622,12260.952552717918,118635.69174869686,0.0109320743204872
109,631.0,82.69953255076364,80.71783242939966,107.0,78.08373905025357,71.86685676683483,71.86685676683483,1310564.0,79.68256247480853,65.83534037847137,11578.035075539668,1914.212869070529,4100.247451394533,62.26885740245957,5.143777298911181,63.21237860336056,57.28689536432446,701.5953035656964,0.032244493567273,0.3671996734604261,47.4128627405364,5981.87192197028,3434.800733173904,8243.276538615977,492235.9699854417,12346.213183564238,7764.689080920429,14061.919018647755,496336.8069353253,0.0112541785809978
110,680.0,73.81152387327086,79.78678257618246,91.0,76.11957490572506,70.14779771615008,70.14779771615008,1290018.0,74.860822413014,66.98660995589162,11396.243182228998,1265.814672101985,8543.007392890504,61.26862800968799,6.700401793123954,61.281406521516914,55.66479400749063,589.9489586334942,0.0263967398734946,0.3004076998685204,47.7296066252588,4886.865524333313,3399.73220360947,8583.072969403713,348039.7737927442,12174.545220860093,7874.851869777044,14212.82968300258,1201496.8122467585,0.0092164209251813
111,684.0,56.0496734272946,63.00092524056255,84.0,60.22646249139711,56.26059877622377,56.26059877622377,1029794.0,58.36033062080966,52.10405300077942,7130.7883884435405,713.5784191199906,4186.069849897124,48.45112565633317,4.505771668709661,47.97378716744914,44.10576070901034,482.98257654341774,0.0221212716175569,0.2517833925107064,35.502104193876065,3664.621098617813,2001.1127245448647,5282.87733875344,233272.1692445184,7546.700276010127,4711.488456355236,11809.792740913505,355422.94218354067,0.0077440004541638
112,697.0,58.89072240557389,70.7734990619137,86.0,67.88850367494106,63.09369844935665,63.09369844935665,1147422.0,64.66848418756815,56.41297935103245,9139.57870771459,817.7606076926874,5372.862741533452,53.05283448377148,4.456425268917551,53.11666137229987,48.49920405929758,494.2417275971993,0.0229708820484636,0.2618273679820369,37.25433255269321,3946.4089234701055,2354.5170914512287,6033.89583830862,244274.88529826413,9661.81466673076,5523.683712192627,13267.732869635263,353343.8859063663,0.0080250919911414
113,710.0,61.97704802259887,71.43080208827718,90.0,71.71269017980636,65.58271564267281,65.58271564267281,1194458.0,66.17452273702274,55.72296744642565,10117.874970801076,827.3467072643831,4073.079802396697,56.34545586527294,4.017890430969842,55.23877628854746,50.19180765204472,506.226432931537,0.0234086236648093,0.2632314201173114,37.92917463352454,4582.237539928986,2124.5674674797738,6820.25662490823,256265.201398588,9810.398967598609,5210.71974849283,12967.687219906767,305618.70143966324,0.008172874659132
116,660.0,165.62136556680824,171.0965459454427,103.0,170.11163402311578,166.75526488976638,166.75526488976638,3040615.5,162.64437924644844,152.7899151068835,48207.94646947166,6592.796511241258,42914.29025861523,156.93042371470037,12.853014806506163,150.71177213192362,151.9198774945663,1833.541697990917,0.0820679531703355,0.9220612938452866,108.9329882082255,40463.923086326446,14500.649439394789,44135.45851948196,3361875.158271415,48376.83074214948,37844.52867952738,29855.144343144617,2629805.0675851675,0.0289359743161111
117,695.0,220.4051213239405,212.86033519553072,87.0,196.9582332349509,185.02683538780408,185.02683538780408,3392282.0,219.65189591078067,166.1018589059881,79668.51907560042,10848.447684008754,100819.63381069922,152.87695005009303,20.46403424687838,145.70350241545893,141.7443438914027,2296.4105842198423,0.109248845393246,1.2655854499707226,133.28492647058823,33974.49886500203,19530.251268320582,45000.97575452262,5273501.571316918,91534.48043734393,47101.5893244922,38373.22128233872,2305625.877366209,0.0371161995754908
118,609.0,198.6131289570144,208.2480140402734,117.0,192.39276018099548,180.4693585652987,180.4693585652987,3280572.0,204.39038634321653,169.38073464410914,74161.09016023374,10799.908776137638,95282.47018237865,153.62509882843383,36.3227662902608,144.23123076923076,141.02133229904004,1910.302475519618,0.0919592776567052,1.0790400455235556,135.04272151898735,29692.129462497167,22151.06217418976,40863.12128448988,3649255.5479763807,86940.37648146867,50761.16886175837,34298.28304740632,1224227.5258828388,0.0310571864484373
119,609.0,188.5269989615784,193.9128085700978,111.0,182.93583258263465,176.09988455829807,176.09988455829807,3203433.0,193.27424823113208,167.2287856071964,68081.70499879471,12237.365468900722,53605.86187342623,158.1191504424779,29.18765147194246,142.46244940788486,145.13018886012847,1882.685383865292,0.0886020040552985,1.0234275721886998,140.74057287889775,32912.54369468676,24032.302654647192,45493.49451287754,3544504.2546200003,75083.05064010851,51933.442737679135,33407.45897999427,1646852.5285642282,0.030506069414052
120,735.0,0.6247282845503722,0.6055142737009829,102.0,0.5975302102600828,0.6051539617684655,0.6051539617684655,11034.3773388862,0.6064190196917347,0.4954797832228796,0.6010618631777148,0.0853789675226044,0.3129793545890908,0.5581859337926698,0.0555615759694515,0.4663734153558674,0.536468307883893,2.022709108500266,9.108131443549015e-05,0.0010896158947055,0.3703189955255936,0.3766632261876621,0.1626785443084298,0.5054999668179053,4.091352137609941,0.6204259261029234,0.4081735358754457,105.15108351897727,907.4307024637496,3.185299078423975e-05
121,638.0,0.3965363429176299,0.3717396222616717,77.0,0.3663216055745192,0.3839869774837984,0.3839869774837984,7001.61854743958,0.3742469566522811,0.2965489024955283,0.2606095353762943,0.0608784109465176,0.1215935984847388,0.3544794614916245,0.030984647713508,0.2940139419215343,0.3546920411392795,1.7985302994271717,8.016505972393511e-05,0.0009233866693586,0.2062251470639357,0.2072436401642728,0.0979277501636636,0.2302413395343511,3.234711237957592,0.2734767144647748,0.1858656970400249,70.19106180014634,992.252026841584,2.815150606266204e-05
122,666.0,0.6058257685265145,0.5991861655133608,107.0,0.5504284105517284,0.4639687514954954,0.4639687514954954,8460.006214768862,0.6147387392181493,0.5097241111002055,0.5415835381381858,0.1020788286439874,0.344946594482745,0.3826793189087931,0.0118188212078689,0.3646980334832267,0.2908120317138167,2.570543640901371,9.204528088594324e-05,0.0010810842901414,0.4113019367553825,0.070634081357316,0.1635067322035784,0.291420706447109,6.607694609778475,0.5998337676693496,0.4233238264419208,87.95184193854787,142.26047270644136,3.198300217662856e-05
123,739.0,0.5027800593207327,0.5008537867597592,85.0,0.4962511454842188,0.5041064051037896,0.5041064051037896,9191.8761906625,0.5118289008796892,0.4228894587967152,0.3987977264140969,0.0713045987087908,0.2032789296394065,0.4731724216723468,0.0615815295072191,0.4165761408187504,0.4631012625900544,1.8641870442028976,8.308460561351102e-05,0.0010066110284583,0.3547814490888362,0.291232518990648,0.1137186994983708,0.358949827328573,3.475193335773936,0.4088131239008279,0.2925498314334491,86.15759178494133,1101.7022704034466,2.917961318764824e-05
124,715.0,0.6641698438633178,0.6397919486704152,108.0,0.6204331434826943,0.6117354195617724,0.6117354195617724,11154.383640289358,0.6706434227648154,0.4984447766827831,0.7115914263826842,0.1089021060144813,0.4058252318691535,0.5422297283233234,0.0791141560088584,0.4510987621009937,0.5031050296353006,2.0740508014645727,9.89674295121885e-05,0.0012511237299633,0.4246165208178703,0.331380523654323,0.1654193277808533,0.4991878863724964,4.301686727055836,0.7640902930699237,0.4138542619724529,111.28428297949426,2077.5134335769467,3.4181017910962105e-05
125,686.0,0.5599118872268598,0.5340555203649109,103.0,0.5325243788580875,0.5442825172534557,0.5442825172534557,9924.44741959951,0.5391075676891872,0.4351630588930454,0.5697322607539602,0.1050635084150753,0.2363842621603093,0.5026198909998714,0.0647413827496241,0.4161348085821876,0.4856923750095007,2.617599660390676,0.0001203393356547,0.0014820925277804,0.3379490140889699,0.3599521680864761,0.1686657905578465,0.4581105162783231,6.851827982077384,0.5473596905864189,0.3580311316597385,101.85392621521044,1993.797351678692,4.13134138273451e-05
128,764.0,0.4516922338172078,0.4347041145941107,116.0,0.398759684126995,0.3681391284656903,0.3681391284656903,6712.648868443398,0.4454320437365004,0.3711875638376333,0.3486523845082873,0.0661887258082121,0.3074518545953282,0.319281710594589,0.0156053720592686,0.281103411586122,0.2758134914416239,2.477539963609456,8.616821224659685e-05,0.0011220247303131,0.314701860896991,0.1001455625623213,0.0939901018909328,0.1784010468965197,6.138204271281945,0.4087277786429996,0.2317685708797266,73.23210294364516,301.91402204436605,2.9364515965127955e-05
131,657.0,0.2212533322402042,0.3076071069261037,91.0,0.3103934794880555,0.310262296026444,0.310262296026444,5657.322705746181,0.2940697588054788,0.3024621975849236,0.3392957198477725,0.0621244392997601,0.2747855613246461,0.3085399663039044,0.0642380073151453,0.28401475070825,0.2941061567518379,1.907328431087937,8.713213663266424e-05,0.0011347515158536,0.2769869417570899,0.1287949915737006,0.0726410063439982,0.169391112237477,3.637901744036371,0.3979262635692165,0.1641220171217027,74.11666763241911,89.299725302495,3.036654132796941e-05
132,795.0,1.6935593459277782,1.675743101482888,134.0,1.626131065968913,1.6089469656566384,1.6089469656566384,29051.14641189626,1.6985001028381708,1.1527510630907627,5.016542633498463,0.3422122744040202,1.999230583952952,1.3845533616362904,0.3319971507959953,1.0265766952110342,1.2784065381089107,3.9161300245494126,0.0001990474267082,0.0030653171480488,0.7746606183344986,2.0342579475233205,0.7990601908656761,3.0619809549009127,15.336074369177384,5.524772740101669,2.1278141900384893,290.53889928929976,1271.0199579909915,6.622350105051243e-05
133,720.0,2.6181935001229166,1.752748569079269,125.0,1.6240141386568123,1.5533343392831502,1.5533343392831502,29358.01901245154,1.9513058503426484,0.838505340732957,35.37317268334567,0.2854866544584304,-23.726109497948546,1.1200880635995027,1.406878657597071,0.7785519449388681,1.0384783589569986,11.972497407824278,0.0009495547489801,0.0172712856994614,0.4768536631881159,1.5580883731659343,0.7583005995260308,2.358265853254924,143.34069418035904,46.695284737449846,1.4613918056930837,713.6372936805395,4157.79423529004,0.0002447659597814
134,778.0,2.0151912738794806,2.012874940514041,142.0,1.795837628432312,1.4910899501225705,1.4910899501225705,26462.373344825257,2.0761970294675605,1.459874621648809,5.922305637967768,0.5395569299760319,3.93127597150912,1.0671328490377487,0.0794996621483966,0.9532742005895398,0.7856683113026924,5.523058338025639,0.0002394228996522,0.003009516438274,0.977891618009106,0.54661410095067,1.23215227940572,2.2256020307905824,30.50417340523453,6.858807878164004,3.3632977157363952,284.4658558654071,2943.7970631781823,8.104739313229881e-05
135,710.0,1.857006362853008,1.8193402056640708,119.0,1.7664038102930544,1.7441880858596566,1.7441880858596566,27041.89208316812,1.838203630978984,1.2862484297741896,5.802216419195716,0.425016921717824,2.4427595734236154,1.509742675102727,0.5391679725172884,1.1087788013257776,1.3741329107261289,4.227057024798189,0.0002705060148942,0.0041261713311143,0.897209718286773,2.3641120548423773,0.9559774053067072,3.609009188139673,17.868011090895713,6.361717914646865,2.6103785342997967,289.8537761313044,1597.9541406656265,9.18944448714964e-05
136,932.0,3.3912564875438207,2.303682433541656,175.0,2.14301432768588,2.065427772270841,2.065427772270841,44741.29640293096,2.5444614169450137,1.2187240937006838,21.6196921979988,0.3590745628844371,-29.42902465125161,1.523722278343827,0.2189843697837152,1.0728275067848092,1.3709510879084632,23.86094834613615,0.0009898406110409,0.0158016002901869,0.8065482066521467,2.368817710083447,0.8622666482680503,3.797841850374165,569.3448559769776,28.118441287538,2.347096197275377,615.5233773581641,36143.93679721647,0.0003203248290103
137,761.0,2.3096671154327653,2.0261121377053564,133.0,1.901520585732468,1.8408494104433293,1.8408494104433293,32281.135261534226,2.0715608000113166,1.271105035555592,21.515840868826423,0.5076585719515915,4.622586418861524,1.4684210039988657,1.0847659718950733,1.086743525684437,1.338174430608699,5.48347469882476,0.0004635000310796,0.0097087717150947,0.8044178657623791,2.305746199405921,1.2066684116687307,3.717090464454673,30.068494772651288,26.702974409376463,2.821947707761333,549.887665513342,1230.183530780956,0.0001307229264207
140,596.0,0.3478066935436956,0.3067987047469177,78.0,0.2718990636086701,0.2426778566302291,0.2426778566302291,4424.988037795599,0.3321397494166729,0.2565448920213517,0.1976973049609863,0.0448706811340071,0.2290857122375956,0.20044900947523,0.0081645475886798,0.1831446706718065,0.1657496955632175,2.3078668359953496,8.197817686514032e-05,0.0010752566876591,0.25241893302244,0.0297186644877557,0.0444377510995553,0.0743872557551039,5.326249332687186,0.2437234796122224,0.1102526454384539,54.25746728620478,304.2729653883396,2.7939685785979624e-05
142,638.0,0.3929396246309899,0.3573598657603942,76.0,0.3561396434946645,0.3571941075231336,0.3571941075231336,6513.077356576819,0.3758202152833313,0.2686564017695407,0.7195752081174346,0.0435161389392926,0.6847346011328608,0.3100184686572603,0.1689061107889573,0.2402999855702999,0.2764359378686263,1.758644595248227,0.0001043917375589,0.0018288187096205,0.2380831502775602,0.1220928263796529,0.0625023699386026,0.2030213135704028,3.0928308123958006,0.8739669415606147,0.1346672513229173,106.91762656707556,1251.1977896101205,3.198137597616196e-05
143,567.0,0.1929202010424587,0.2331478604333766,67.0,0.2271032980055108,0.2233078510756016,0.2233078510756016,4071.79535651252,0.2349035348036336,0.221074654499218,0.2586458480470735,0.037156386095691,0.2271909107394053,0.2150188353747728,0.0442937104909821,0.1954779917855563,0.200555125167174,1.8351212851356715,8.640228407981697e-05,0.0011526339145588,0.2208207184386535,0.0627468002093628,0.0409117399521149,0.0837276645645807,3.367670131157998,0.3227388435450366,0.0897845057275234,63.28708344689665,105.21332891232704,2.95055107878368e-05
144,395.0,0.1471367888171073,0.1313704037223547,43.0,0.1260649211379575,0.1214357699789464,0.1214357699789464,2189.97267580032,0.1386779752363123,0.1099964174391032,0.047695874663516,0.008217906751974,0.0638742651520173,0.1074620899874275,0.0266043415082149,0.0991326634187302,0.0993778516519554,1.4826344415381458,6.885634949046324e-05,0.0008418923214203,0.110928804542127,0.0176976485316131,0.0107198755348607,0.0257514865971169,2.19820488723513,0.0504913957689723,0.0228190435685655,28.006493614534488,591.3051983660304,2.384275731499012e-05
145,346.0,0.1219961635160955,0.1056709431010541,37.0,0.0994903803313042,0.0990723401304946,0.0990723401304946,1870.683926344,0.111575633881505,0.0873163032731448,0.0341574611231167,0.0076025656432576,0.0359045295615056,0.087884861946495,0.0200689662624554,0.077157299109665,0.0831969769763741,1.293872804859511,5.630333787564784e-05,0.0006933824805514,0.0856024097570197,0.0138031919375709,0.0085629939732163,0.0192968196394909,1.674106835155018,0.0381438672369088,0.0161871056225147,24.87154999536447,397.9308886715797,1.95293465375416e-05
146,264.0,0.1827300718961829,0.1444116089087962,36.0,0.0953141265896447,0.0953141265896447,0.0953141265896447,1695.3523696500115,0.1532954897139614,0.1102905439280982,0.0616480137886822,0.0164014521856021,0.1213977098911651,0.0651767053817009,0.0093058199157776,0.0386131921871368,0.0386131921871368,2.16160440293764,8.718009854565214e-05,0.0011578619134214,0.1106891922592323,0.003763432069989,0.0162853199645841,0.0211341902313254,4.67253359479939,0.0923439505982008,0.0284488943331875,33.11394340504345,1040.2993036318617,2.9530956127105027e-05
147,329.0,0.1628607751555321,0.144106297790738,38.0,0.1329152846437398,0.1274193045443111,0.1274193045443111,1962.51212859148,0.1520145475359328,0.1158708468716853,0.0567909664764151,0.0084145266092725,0.0628582862793366,0.108784344089654,0.0345332746622188,0.1000116975700495,0.1017814012921693,1.3620415747005092,8.337233400407558e-05,0.0010848975542323,0.1113661217522727,0.0168597538898786,0.0120457411259504,0.0254301502098394,1.8551572512126424,0.0653282615739286,0.0254717627742602,27.92309939154836,79.06470762291335,2.85524572398539e-05
148,439.0,0.1736657606515428,0.1474740668961933,52.0,0.1328461655293101,0.1268624671831847,0.1268624671831847,2666.52219772336,0.1549732807903023,0.114209198166542,0.0662489319368466,0.0100075158795369,0.0753360181503404,0.104556898552646,0.0391994003006361,0.0928558758804582,0.0957615875323048,1.2943626344047043,5.056925508635442e-05,0.0006717279921677,0.1104299999342737,0.0144440935620047,0.0132144496641101,0.0257610064811164,1.6753746293430862,0.0796675729078226,0.0262575122191427,35.46022993777083,871.3756002595663,1.713423402673355e-05
149,369.0,0.1387681067570206,0.1207532572539998,47.0,0.1072470060510408,0.1050732171635915,0.1050732171635915,1920.94855618478,0.1289728823909876,0.0960177563232219,0.0399598293484853,0.0079135961701602,0.0588291681072705,0.0882674227148442,0.0252680676940901,0.0717988300105796,0.0800176783717528,1.3588437721362625,6.269023828732108e-05,0.0007670523005975,0.0962228879910571,0.0125199544837207,0.01050778396238,0.0204983482265451,1.846456397073507,0.0457110091539244,0.0197270949299076,26.078891399064894,800.8815526715008,2.1660250014098565e-05
150,681.0,77.22281776416538,74.28957360722066,94.0,70.11124720044793,66.38004645503815,66.38004645503815,1200284.0,74.6690340909091,68.11321779489458,8498.547913904033,2295.737630157618,5530.301680864147,60.59147896302593,4.2799436335640015,57.53560466543892,54.43900427018634,723.9786502418226,0.0331715315045138,0.3736330873973563,60.567740754302456,5389.015183653426,2859.272736134382,8060.006112251349,524145.0860059713,9060.895765186731,7498.681717775107,13372.153909025526,45680.99166851378,0.011688054867065
151,628.0,64.17622074257568,66.91602664939391,141.0,64.3966565349544,61.23898026315789,61.23898026315789,1116999.0,64.22026163675083,60.82012162766501,7058.833425796506,1298.853281053912,5525.064554388498,56.54029936796844,5.767037010910377,54.45453610896942,52.32549440541244,629.9753105401262,0.0284884417133548,0.328135292632662,45.214744744506085,4763.741742836285,2327.528342746686,6449.229982808824,396868.8918901284,7396.41986616864,6026.615346254422,11518.983165898426,359685.8610442743,0.0100079424300376
152,669.0,62.04497792494482,65.26177502770595,104.0,62.86468000274971,60.51779107725789,60.51779107725789,1112317.0,62.2377424774706,57.94436731965654,6721.474110868374,917.6850929797536,6247.220989648432,55.4731960476937,5.769728628085688,52.57945827462032,51.53078504306969,588.1901410991085,0.0262442367496182,0.2955339099700601,40.427083333333336,4461.775272020521,2057.895014590632,6330.482571492646,345967.6420861892,7053.486683280255,5415.233522442462,11746.357378637287,1130051.0919343547,0.009235897342097
153,669.0,68.61232005356545,70.29372176638702,94.0,67.65370817523284,65.54780474502319,65.54780474502319,1201819.0,69.34562085638801,61.46711635750422,7868.659621748694,1228.2280086216952,6845.968002016443,59.204269598743394,5.710059860464523,56.95801350936445,55.21913968100532,693.5594908936795,0.0310446651126099,0.3480601522347764,46.26665276039493,5684.145572917682,2281.3408242309806,8793.785076402559,481024.7674086999,8096.202542608259,6059.402437462939,14124.826954692224,662629.7779425674,0.0109310252840428
154,776.0,80.63179297597043,85.94871794871794,119.0,83.93587946741415,83.80162834195181,83.80162834195181,1523346.0,82.31317289423686,69.62171428571429,12616.119993031576,1099.9531017985976,11278.514121795535,73.64098794472214,10.588745053407536,69.9525144270404,71.41331860184813,580.2443547059213,0.0264811036719973,0.3107464009771378,44.09582059123344,8708.20032502153,2983.9213897142854,11508.485932346375,336683.511168091,13404.861233161442,7830.80552633736,18089.33282351784,444548.9804534048,0.0092857022442986
155,695.0,68.4791215589236,67.37301886792453,96.0,65.13933176209622,62.67416162726773,62.67416162726773,1140043.0,67.9126424715057,61.05092239670682,7310.997376297058,1724.5548956219502,3943.3720385140055,57.87414268542742,4.708270696446492,54.379205358502055,52.46813250678032,582.1993905675088,0.0259137640625299,0.2918032349642292,53.44146712276701,4871.403924952123,2312.9876408543896,7551.939600574916,338956.1303771786,7587.726690415726,6040.202590403652,12707.010936661873,519295.42932606087,0.0091327360079761
156,645.0,78.5563076923077,74.41258544807566,91.0,70.24126706335316,66.52518940441298,66.52518940441298,1202975.0,76.33726625111309,66.96883408071749,8651.325543159901,2278.7152914620387,5280.444522373806,59.89366837024418,4.60050389924631,57.09192688499619,54.20343728879019,721.943196704806,0.0331735576097677,0.3729912267040757,61.22937113776808,5155.9546391855065,2703.556514983433,7385.528754984891,521201.9792683543,8869.244268261575,7188.260733090015,13387.310895022943,63541.70310767364,0.011666123740225
157,640.0,63.47802708749574,67.01587521984634,138.0,64.92598991085619,62.16961789375583,62.16961789375583,1134036.0,64.51362397820164,60.91882051123989,7318.172378038554,1393.7826378382983,4952.385687326989,57.4492114060392,5.973160909626749,55.81293302540416,53.512035863950885,634.1088831604135,0.0287155364286617,0.3330501350023842,46.41100740639055,4992.097353641798,2333.774326762248,6458.28095246474,402094.075702947,7689.016607030953,6044.876596155891,12159.533405479737,363028.8906689595,0.0100901103670302
158,696.0,63.29868376645292,65.54748241392078,105.0,63.59313590765425,61.06828445508461,61.06828445508461,1122374.0,63.6284052647689,56.878610764754775,6944.154413523909,885.5213173985188,6760.303524380475,55.54625923278532,6.064835957455682,52.7828125,51.59118481557577,588.2821136638377,0.0262295970771783,0.2915668765579478,39.92009338755836,5015.560822760173,2024.006924912641,6588.838535573817,346075.84525679244,7037.314721893514,5259.153473448046,11774.028261389558,1134799.974540505,0.0092488482344752
159,649.0,66.65480961923848,68.71103537214444,92.0,66.39355462010903,64.32933413317336,64.32933413317336,1179607.0,68.36714363789933,60.18857084231046,7447.710720391377,1232.9976988627654,5743.435767557895,58.23878870282907,5.236859025710572,56.33330777488116,54.67202432667246,693.5559128025463,0.0309197330679011,0.3423341691325705,46.382625157761886,5242.990393733869,2276.748306158322,7360.3584130589725,481019.8041833732,7654.433966697783,5899.314545565651,13144.728981610842,617910.4028590758,0.0109092785369569
160,774.0,81.46032342986085,88.82883303746613,123.0,86.66998179016669,86.06139627001156,86.06139627001156,1564338.0,86.53072537218878,71.69140049140049,13137.68241371422,1227.7374490393424,12543.125558286174,75.44957983193277,11.162545464519267,70.97464185740161,72.96796545491063,576.1064314363681,0.0262488419616598,0.2976408026707574,46.35800524934383,9844.58482424296,3153.901817940344,11035.08326520549,331898.62034234666,13797.632926032426,8293.504773641187,17653.230242649643,418113.7365765348,0.0092064849712511
161,716.0,66.19950124688279,65.88362639440348,101.0,64.13546286031043,62.31300857708379,62.31300857708379,1133349.0,66.09034969233078,59.41153905171091,7204.831557830767,1529.8477643833903,3192.3419548905827,57.36577418897861,4.69969564283536,54.1086558975922,52.67381391287474,574.5449458294225,0.0256388526157451,0.2887648558998792,50.707981580967,4548.3118866675495,2150.066403600324,7566.9674111095,330101.8947781341,7290.675097049814,5679.59261185833,13151.44934978651,525873.9666379144,0.0090142360666704
163,751.0,6.066805235362492,5.607472227512219,138.0,5.351298381923159,5.426401228474279,5.426401228474279,98945.0,5.900548272357724,4.361696936522122,49.99792240901268,7.670861827087384,31.37976092607376,4.816716411364185,1.8529220382441824,3.978845726353229,4.67544517414886,24.97399569417645,0.001136112011568,0.0130164560923542,3.422471452630542,39.55872868438495,12.7022784270525,40.60210968644199,623.7004609327439,54.83535155752462,31.7259897855329,971.9445018791008,18958.918541837647,0.000398616438176
164,781.0,5.182398782343988,4.119886374719594,119.0,3.9873711605492783,4.203442470110782,4.203442470110782,76645.57,4.6064682964094725,3.060281780339418,29.36773490931688,5.421152238002051,31.579691336536698,3.747189103690686,1.2779704539638357,2.9158354783354787,3.673455742956136,24.33546658136333,0.0011025950940474,0.0128676103743677,2.8962857142857144,34.25325540866481,6.10670292252107,31.288905662870658,592.2149337326516,32.110339131264325,15.472017650502211,845.2043783014852,38878.862672789175,0.0003856945922282
165,717.0,3.5189658541602387,4.1767069793205325,100.0,4.071218621792643,4.224752659866184,4.224752659866184,77034.13999999998,3.67604118385477,4.224325373427673,30.383256406531714,6.130034935123692,24.606417202093045,4.205231514125888,0.5691221362075113,4.017866472607852,4.2178339495638975,43.59077438626272,0.0019252983105896,0.0214471205210694,3.1379607637676097,25.76445505852436,12.993245727481842,42.55035200343826,1900.1556115940573,30.422096765499248,30.8381150360647,949.2149328831345,21270.563061866265,0.0006824766555398
166,753.0,4.481379950495049,3.939455171095393,111.0,3.987321315781559,4.252771745091588,4.252771745091588,77545.04000000001,4.123189953376448,3.234814930501327,28.34049283229265,4.8587549985451846,24.950704882233563,3.9981492979609112,1.0836214370814798,3.428076009501188,4.0507778332778335,25.898037367369835,0.0011382386071233,0.0131684252887437,2.784174980813507,32.09824642529101,6.75926681332073,31.823343917961203,670.7083394816843,27.83030784476823,17.223240567775445,839.3161199835766,7303.407886300438,0.000400421685235
167,802.0,3.184710376687989,3.1026826550387594,116.0,3.196307853403141,3.510480969617199,3.510480969617199,64010.11,3.061221255438161,2.4995720874615643,18.393177083877067,1.672161867159685,17.577288049844135,3.3443545573484514,1.6541347250446543,2.771635642602784,3.4742910262766484,17.57473512451659,0.0007545146362083,0.008713510493073,1.6997895743663314,27.79979680561196,3.9206808523910617,23.67085667562335,308.8713146969172,17.15881573247306,10.1670270079665,709.2915673450645,14919.951139498524,0.0002663006279776
168,685.0,70.55332711442786,68.8410515483207,98.0,64.97529395296752,62.2949894923128,62.2949894923128,1126418.0,68.73679779580591,61.1535409492439,7638.011155422113,1457.9841005118683,6218.005616836016,55.75380403868032,5.15110343772024,51.73645242596093,50.474592994573264,598.2801910924572,0.0275536196700498,0.3123107582596227,50.40837282780411,4074.40490458355,2248.1414324135176,5769.816428579814,357939.1870536272,8445.147495170024,5987.884544353539,12737.520330373043,82961.57386698412,0.0096762797376027
169,626.0,61.83665350099526,63.46159540995743,159.0,61.210582705467615,58.51677447648285,58.51677447648285,1067463.0,61.81076036789386,56.24251032949007,6429.681571111713,1223.3709817571869,4379.879671751892,53.26667805932656,5.883152276924148,51.58679413309533,49.276487463807904,569.8448829189881,0.0258252617905757,0.2971229941862955,41.45574134967906,3789.645044615918,2122.626390193101,5397.35647764141,324723.1905889553,6813.154917277896,5285.84585062901,11201.387123329325,400323.8857762981,0.0090773184160035
170,654.0,66.56502715751358,62.843298109010014,113.0,60.06746714374183,57.63735785407258,57.63735785407258,1059317.0,62.58306965998695,56.53330366414479,6164.780202659125,1313.402947008547,4828.779943016174,52.82929722939493,5.089612344976239,49.31092523750516,48.256635592671714,576.4558596117676,0.0256762726810459,0.2913390366738153,46.75666666666667,4766.815191821137,1873.463794688335,5591.236356084996,332301.3580807419,6600.138013373994,5069.470967250977,11455.911894447048,1171833.2464863716,0.0090158285199804
171,658.0,74.8563025210084,75.53231606122073,93.0,73.3913842101615,71.55251366120218,71.55251366120218,1309411.0,73.6332127787824,65.98199233716475,9275.725046306825,1275.9960859946054,5122.05350297477,64.48239335814486,6.063958422810248,63.63250453250453,61.763536912968895,757.1203532499663,0.0337900868011423,0.3778538651996241,48.26059322033898,7174.347897691726,2677.07869658402,9200.2969904103,573231.2293053538,9689.134912623676,7030.63622989093,15683.313231478438,539502.7096062162,0.0119103147209841
172,785.0,77.24433065106072,84.09029461122506,104.0,82.85169648488733,81.94869397855375,81.94869397855375,1490237.0,80.79487580065614,70.11071716357776,11939.115654742827,1066.152896337484,9253.605784170246,74.39410688140556,10.0998557655152,69.33557400046762,71.98707713801018,594.1340632640764,0.0266540676895969,0.2988398939426994,45.575221238938056,9746.457148504003,3064.39660552919,11680.691728130818,352995.2851306815,12073.117386479687,7979.897849944255,16021.614612320263,445888.7591970508,0.0094266400598456
173,687.0,67.62244897959184,66.95047592121384,77.0,65.01687180196377,62.600944121198815,62.600944121198815,1140464.0,67.54780669144981,61.05569136745607,6972.398470622453,1834.8797326028337,4539.507075701437,58.625070661390616,4.605156335735416,55.60059640646233,54.04643373493976,616.524145701162,0.027378474755797,0.303814308639968,54.39842283139316,4834.950009899734,2231.103786102676,7888.840769023649,380102.0222325476,7210.659036616451,5958.869686839247,12212.88060633303,459697.46937548695,0.0096539562509385
174,768.0,4.271829721362229,4.782709326721343,126.0,4.875590066456803,5.193846660085554,5.193846660085554,94704.6,4.515602610587383,4.619674859987555,41.852939481018375,10.28510466620064,22.96378042559354,5.176449791828382,1.1700990728106762,4.720267100484262,5.23519728729963,35.53438180364969,0.0014830173151037,0.0162523536040758,3.8568622628250178,53.89433379276248,15.242562293163871,56.07947907637829,1262.69229016755,39.65836953128074,36.57471125424935,1090.60732310794,23362.07021803808,0.0005295667036879
176,768.0,5.247823046518698,4.225740523642048,122.0,4.045641187618446,4.239950367445431,4.239950367445431,77311.25499999999,4.768988185017597,3.148621933621934,30.632141378368622,6.319183049549919,33.8699434442244,3.7316493323963456,1.1633988600213787,2.8934505063358253,3.635017849608931,24.95068395865354,0.0011401409606696,0.0134176966201822,3.1368181244478106,27.286925242850096,6.656327357787315,25.03381576897215,622.5366300046111,34.12927518197159,16.57014656642366,835.4228063731161,36736.60726028328,0.0003966140764215
177,693.0,3.495591679506933,4.163907403988183,98.0,3.9971943147773983,4.157872655478776,4.157872655478776,75814.65000000001,3.68250904617166,4.230546633269486,27.917681328044605,6.350830046085439,26.29898555597748,4.141857817566615,0.5847326195535816,3.9178345808383233,4.1039663666508766,43.23802843479714,0.0019093965409132,0.0212093929210467,3.194586964098989,23.960056208882552,13.208902460143005,46.20370504503219,1869.5271029283265,29.963799801647347,31.106173450059096,957.8764048447656,19001.38123092345,0.000676096354268
178,741.0,5.217105179536066,4.483004005340454,108.0,4.438670406732117,4.670352637929143,4.670352637929143,85159.20999999999,4.711316661645074,3.570121374527112,35.51824660321833,5.477099409574066,27.45634146672179,4.260604103073756,1.1143692100878646,3.6400886637112095,4.288081858837254,28.07589375976163,0.0012140962936408,0.0140423347106736,2.9980015829046294,39.66736510049024,8.34119133142207,36.335298186248856,788.2558104094221,36.40667470181307,21.08693160247681,949.4344493697288,6585.569205228975,0.0004277910757235
179,781.0,4.015012891344383,4.079285852152094,127.0,4.124577749860413,4.304165295601623,4.304165295601623,78482.15,3.906224756958934,3.1912590423699623,30.391342197681585,2.1485568112154314,21.006292735694792,3.930522847100176,1.705820470451008,3.323222668214205,3.894692580671783,20.81621550672935,0.000918035209169,0.0105702156787481,1.9952522460614388,39.66580484925018,6.255364119091956,38.12341426689768,433.3148280225994,29.534938067131872,16.439377984990717,913.9950867641728,18275.43762007385,0.0003237935292649
180,648.0,73.92743902439024,71.14719363891487,102.0,66.27500174471352,62.95835407333665,62.95835407333665,1138350.0,71.0375191424196,63.72858417608566,7859.533874731327,1671.867845712393,6128.055433011431,56.230810121199234,4.979607339357798,51.73170731707317,49.76269598658909,637.462480826056,0.0294038180376788,0.332530499994674,53.17915372670807,3945.0772736233007,2441.4419491554663,6081.698955590542,406358.4144609098,8773.48496351016,6502.748544086886,12824.088876017666,94097.97884114888,0.0103171561866498
181,617.0,60.75552142615185,63.37547502085457,142.0,61.30206748720786,58.29103168512224,58.29103168512224,1063345.0,61.317777103252894,57.31634114241102,6392.626325150087,1182.2440501320466,3490.3960202245253,53.42884915855176,5.257651766637118,52.67669968018157,49.89006087834098,576.0075906858658,0.02612439608999,0.3003297511406694,42.86455924356455,4471.254574524343,2012.112021362329,5358.810930428074,331784.7445277359,6753.106510833142,5297.236213006108,11319.819119386744,399270.6248813216,0.0091553717413541
182,669.0,67.06483417986256,62.697294041330736,100.0,60.369073016309954,58.30839545133032,58.30839545133032,1071650.0,62.40601390148081,56.10897718910964,6800.2480691744,1312.17787833886,4128.404959959551,52.95026086956522,5.234314239847024,49.742544268406334,48.47012746910577,579.3431783718863,0.0259178981782632,0.2978474351214236,45.964842265298365,4841.370189095714,1940.215092331341,5503.86193337346,335638.51832603925,7310.646169560381,5088.422087151256,12531.329285700966,1170660.7454652437,0.0090791232262982
183,638.0,73.79473339875695,74.48122866894198,90.0,72.65781823215893,70.6619679833907,70.6619679833907,1293326.0,72.83388355342137,66.08182647014132,9541.25983349086,1443.3848013160798,5142.952556932985,63.896066414879215,6.020908988353589,62.52775200989487,60.87486672482311,762.4215688671801,0.0340053507333809,0.3805551164283774,50.17802874743327,8608.414904850126,2718.978185146001,8948.266479662478,581286.6486738923,9411.221102492364,7085.75911783659,15695.766650597225,559956.4119808332,0.0120009647410485
184,771.0,78.53948832035596,85.18609865470852,115.0,83.5004547044421,82.59892195148781,82.59892195148781,1501731.0,82.45390404515523,70.20848918523338,11998.930108872397,1177.5553134755464,9988.302632452624,74.17591776798825,9.93575759993442,68.80491990846681,71.76122612261226,592.3535955667768,0.0266877578016499,0.3006108803068721,45.814516129032256,10268.760203011318,3110.570534536434,11573.372362887352,350882.7821808885,12316.813970435034,8039.790615752083,16289.085916649836,470236.9718004519,0.0094199225688922
185,682.0,69.86335403726709,68.75106122063956,94.0,67.2240051643842,64.74647346177068,64.74647346177068,1179616.0,69.09617766389067,62.674827850038255,7924.2628442315345,1877.0766781064924,5285.959830890586,60.27410234662143,4.725750582744992,56.75591803681692,55.49403553357918,622.9114288601917,0.0278250421744547,0.3145867749278196,54.712272875639215,6707.398116763402,2426.6361802223046,7877.423193619571,388018.6482046456,7901.53073167714,6354.76636648906,13066.801684494363,460929.46443576185,0.0097730867710999
186,692.0,369.6906917783412,424.7468850292618,119.0,432.6744445996926,394.9602391137436,394.9602391137436,7201705.0,408.979556803995,235.5989387755102,570976.5252015438,22813.3877826357,354182.45324855024,283.3867883211679,48.694022702260575,268.52141693811075,256.59561019311167,2405.133459672349,0.1159892206382605,1.3526061732660493,177.3526405451448,234173.69724170936,59153.60514989421,270470.1249103717,5784666.958835483,513881.8183805339,114638.01142967764,98100.45967442422,3042150.261444068,0.0403058226095401
187,650.0,394.3310834198685,348.0307873644507,96.0,359.6765071044282,314.512942854009,314.512942854009,5734829.0,379.2604856014327,192.77427339508145,410379.3183165088,16195.559728251252,395915.9972832566,220.1185361972952,41.27406079215883,230.07907447617248,196.6995326462512,2416.5624177098493,0.1187770463034589,1.442511567429251,152.73781222922557,107135.16290394885,35654.5040915065,150264.07579048938,5839773.918687672,358702.5109615612,72801.11638717317,78500.3728999778,2961858.8826672924,0.0408887564479561
188,703.0,289.770706042091,281.21314667161136,117.0,263.78224963412083,222.3357464078096,222.3357464078096,4054070.0,283.2847696555733,212.55967365967365,166189.33552524,17369.01296013256,113890.66641031494,171.21646253602304,8.055119070707892,197.68267349089268,149.82706374085686,2585.6780570836213,0.1106302360091195,1.2926209155205617,161.8810790273556,41532.79539034768,50691.57020232811,85580.46889642875,6685731.014883732,174412.85851330438,95808.57819776871,50045.70350375796,2263750.9810878723,0.0383141376291561
190,632.0,273.9246599232648,281.97102547107283,117.0,273.36280551132035,245.32686190632884,245.32686190632884,4473290.0,274.8642089093702,172.30919129587528,192488.55950729235,10792.185227930704,132250.3307638984,181.03201042873687,46.62448388068929,183.05771643663732,164.57752853207398,1804.701349993048,0.0896171086068268,1.0740387807562222,125.61319587628866,48923.47012946528,32709.58611558504,73535.64900391933,3256946.962666728,210809.7032198028,62399.55501996204,55338.3940993954,1303166.598704941,0.0299773540952616
191,622.0,264.34771754636233,296.75009442870635,122.0,299.84003877847795,272.5824284304047,272.5824284304047,4970268.0,280.9984921125889,191.2521997718755,224074.4069686602,12973.81426801849,97735.36470799778,213.28053615597264,42.85747461273703,211.42637988296696,195.10944142362828,1880.836849057023,0.0911195347885205,1.0770275766123685,138.41140313692242,84169.90047971746,38002.6446573195,104684.7363321974,3537547.252770751,222563.8846663898,74575.21513288649,58990.89205476271,2509728.928191225,0.0306379639593746
192,675.0,375.6215679190751,426.7761644352253,118.0,435.4462463302111,396.531424810793,396.531424810793,7230354.0,415.54551831644585,236.65655004068347,569904.9734793644,22973.71890995213,358592.5643042852,283.8719174084343,49.162984088174255,269.0500569754192,258.63163387000594,2411.687117090434,0.1164152738750401,1.358190512907181,176.09749894022892,232794.9517658713,61519.56293444983,268977.5641180915,5816234.750739969,510183.896440194,117512.55687410056,97705.51539276924,3010000.941792495,0.0404469089312498
193,650.0,392.6126173096976,357.0058490032407,103.0,364.0458620689655,317.8955248436986,317.8955248436986,5796507.0,394.6616020679461,196.5863524941153,421101.5426380541,18023.677817397125,410215.4144100705,220.5363116356528,42.72760331956677,225.8383956456187,193.750191214467,2418.454671546173,0.1191268874254156,1.4465570864216295,161.93120436117218,99350.08660158934,37097.91205903169,153502.09022894257,5848922.998323508,375218.567270706,75731.3463848927,79573.361033239,2946013.536122696,0.0409850668166872
194,699.0,288.40363081099423,280.3142512525515,109.0,262.0183483044356,219.69299111549853,219.69299111549853,4005882.0,286.1154181184669,208.2189588189588,160313.57484412653,18160.021633122866,103752.548017131,167.34173205672738,7.499999984203286,196.30486340438307,147.2064072140484,2580.2087373487534,0.110262582689729,1.2876128479007307,161.29958443520968,36295.71058594437,47640.12364470719,77557.27197814693,6657477.128290849,172945.0895205691,90896.65525378707,48538.48082968593,2230957.3084690114,0.0381952864589351
196,614.0,281.33631265334736,281.95506365190954,124.0,274.1572932539133,245.41395195788087,245.41395195788087,4474878.0,277.4291615667075,168.810248853962,192973.0429140764,10252.12701696074,138673.9781424432,180.34181343770385,47.09324218033003,185.1922053529504,165.58568201905135,1786.4627737924066,0.0888054300657975,1.0713824489988026,123.9766201804758,48035.73335331863,30241.782101902714,71491.95362316958,3191449.2421460594,210178.87980500428,58738.03891519448,55020.25777384181,1301447.8743750737,0.0296860709835091
197,631.0,264.539762504498,301.94468125414414,127.0,304.32781319290467,277.82817812877045,277.82817812877045,5065919.0,289.0656017369727,191.58381312715903,229090.5277013777,14017.509168967625,104066.60748966232,216.35933513158847,44.55951003754544,211.36824539097267,198.17279302486872,1846.791955539221,0.0895103139568406,1.0531415017148826,139.7946505608283,82967.1422953194,37867.66011242017,105924.095954441,3410640.5270443805,229961.3227201784,74570.32529718205,59792.950655654415,2513418.1209177207,0.0300863547853834
198,845.0,1.8905806775768013,1.7240748717948715,138.0,1.5844309527230924,1.4734408248327302,1.4734408248327302,26866.72,1.879843353319289,1.07600815728927,4.667924522482124,0.3031051442377602,1.627733478415078,1.1355577794561933,0.6339033744484105,0.9131541999515854,0.9993811948404616,3.7939256525169673,0.0001989616406815,0.0027169630235979,0.7890691192865107,1.343387385120659,0.6781506743390918,2.0722693207157903,14.39387185682629,5.5214979132949376,1.8359428298598752,271.533028224315,3978.563106329209,6.666995459084163e-05
199,810.0,1.5672998168844898,1.988829100749376,144.0,1.9041599531272888,1.7586190632883625,1.7586190632883625,32066.66,1.874196335078534,1.3051302819380226,6.461085673042206,0.2651334585423299,2.4592937388767573,1.4112116039214582,0.9716999694858208,1.2474347285536675,1.2648838448422846,3.7261707214452633,0.0001985891993932,0.0028865817623017,0.6544199860867774,1.702864492045732,0.9164808229648768,3.1532945300279014,13.884348245355913,7.260236787683315,2.619844270055584,321.6603291819424,2455.618964192006,6.559121085392338e-05
200,824.0,2.36626894729523,1.9382180570221752,162.0,1.8040120098039207,1.694914719754305,1.694914719754305,30905.075,2.0725728071687057,1.182052449068054,8.993839595083621,0.2895049951325699,10.826846790641724,1.3158318962285371,0.5138125919214266,0.996999795207864,1.1445703359063832,10.64040852587744,0.000527523100842,0.0067265073115667,0.7454953338119167,1.584466540348934,0.7678536813024595,2.794499032810028,113.2182935975653,11.007109982538736,2.165032961743345,375.1426816003924,9431.848719014184,0.000180101359828
201,819.0,1.586332469775475,1.7835784155068868,181.0,1.7573000788837945,1.7129006882989184,1.7129006882989184,31356.36,1.7551726451927767,1.0751676577469442,5.014230237705191,0.1817373537102085,2.5901988455648546,1.416140859965436,1.7713773531154458,1.0411011235955054,1.2722922599488864,3.187935903576154,0.0001516071366213,0.0018672695552613,0.5964331864904552,1.95520877825078,0.6280561922961216,3.1899650648455364,10.16293532530991,5.20709239465287,1.7840316682876356,299.9680574105628,1027.702876992941,5.244122863256695e-05
202,829.0,1.733746097814776,1.910893962022616,177.0,1.8654933628318584,1.7950497608181668,1.7950497608181668,32646.57,1.885346588836191,1.2079464285714283,6.196431087137578,0.2122291979467932,2.872045225239724,1.4780845596823171,1.6465104093456082,1.151984231274639,1.3329592284085927,3.563282288221036,0.0001724654946806,0.0026666395439613,0.6630207394048692,2.168468615202473,0.7574025154698705,3.410911798238429,12.69698066554974,6.699459281866248,2.216536998781091,323.10180268763594,2377.8930823837213,5.794438196540518e-05
203,818.0,1.6704106498194946,1.6011836928503596,171.0,1.5562471721520832,1.4993607907742996,1.4993607907742996,27303.36,1.6716427822439706,1.0151511080201054,4.456791963633485,0.2153149259810466,2.098966432271659,1.2232537631138816,1.3668075823903212,0.931326716629532,1.0933906699329,3.366251902628263,0.0001715033482791,0.0023913389137763,0.6730370942812983,1.6258372345753245,0.5662573388275609,2.4129858961833275,11.3316518719484,4.744975396936932,1.5967830472323183,273.1622954660575,3429.2457291585056,5.7616638714348e-05
204,825.0,1.7517619237942976,1.449853448275862,133.0,1.3872724987430871,1.3064653943183064,1.3064653943183064,23822.09,1.5616129032258068,0.8807134035361415,3.886642847856808,0.1788304936913732,1.8083954186614968,1.0262719754370326,0.716122800104153,0.8777199922809724,0.949923036373221,3.4505295771860185,0.0001851560726541,0.0028120278144593,0.5724957591178965,1.265815333232195,0.430635857301711,1.6739520852261416,11.906154363035524,4.430158123445701,1.2062918641225222,248.53721015842547,3714.154401471847,6.084155746212336e-05
205,838.0,1.6785987958401754,1.899907688549192,151.0,1.89693079458074,1.766856422068663,1.766856422068663,32216.86,1.8005631134302398,1.0744585609118975,6.335034298811831,0.2030541200682821,2.4880336620658934,1.3942569400960132,1.094256298032498,1.2362029147982063,1.2974021293113007,3.474877774522889,0.0001817626339359,0.0025546204220364,0.4477351118296955,2.001132402412784,0.7082048073180115,3.074663077033766,12.074775547873148,6.328478905009405,1.862620302498997,317.2704247173371,3863.162272705294,6.0786294171993775e-05
207,835.0,1.5735401606425703,1.9052753748558249,182.0,1.8980079887565648,1.8218213228035536,1.8218213228035536,33219.09,1.8041282494557564,1.0984058159722223,5.838245121928687,0.1805586545718651,2.5353808560388966,1.4735199735449738,1.7112563097274929,1.1228582664778983,1.3329929286090425,3.257267699438208,0.0001566184532076,0.0019454316855147,0.6194784896316929,2.201219185439911,0.6278296439071467,3.41896278575836,10.609792865803476,5.838868395063769,1.8343111481389176,314.4546059052085,2212.1321237956977,5.444254387825925e-05
209,800.0,1.579258506856272,1.7741715913887717,179.0,1.754623056614843,1.6672271580563782,1.6672271580563782,30400.22,1.7429654736080982,1.1216497761018147,5.230188918408608,0.2269697282597265,2.496521284171056,1.3727220585955666,1.3342915221351015,1.1063249892101854,1.2299128730124156,3.4033443581672262,0.0001636795586379,0.0021605318443327,0.6671624007060901,1.9100804980102848,0.651548126695095,2.98842173748508,11.58275282026869,5.442307826046198,1.9095797724013308,294.86928394911985,3103.425284929767,5.563187213103645e-05
