id,SARIMA,RNN_RNN,RNN_LSTM,RNN_GRU,TimesFM,Chronos
0,7.561356905847788,8.221400499343872,9.81240163743496,8.070009648799896,7.9206664599478245,8.172730926424265
1,4.28587082773447,3.3721811547875404,4.476529415696859,3.9549927935004234,3.086865995079279,3.0936890244483948
10,7.3164446242153645,9.672487154603004,10.093455374240875,8.702217802405357,6.440775539726019,6.786092296242714
100,11.644932799041271,6.8114311546087265,6.886783890426159,7.138062871992588,8.899486228823662,8.74461418390274
101,9.601611770689487,5.829529881477356,5.662696488201618,5.499333895742893,5.297009438276291,4.694995619356632
102,4.288315374404192,4.272019758820534,4.347126726061106,4.090145047754049,5.027423821389675,4.436726000159979
103,5.219115950167179,8.005853563547134,10.998775139451027,8.993741035461426,5.778145279735327,4.677953265607357
104,13.672021880745888,62.66026175022125,62.36349260807037,62.35889220237732,13.929868370294571,13.466889292001724
105,6.52077180147171,7.296370930969715,5.653845399618149,5.850220136344433,7.326946459710598,6.9416685327887535
106,15.303595416247845,29.558546543121338,30.13008114695549,35.86790382862091,10.432889491319656,10.296017780900002
107,11.10120640695095,5.387665346264839,4.810484014451504,5.1311744675040245,7.221117585897446,7.392430059611797
108,4.372365567833185,4.576188907027245,4.190575245767832,4.182611703872681,4.7855344414711,4.487793557345867
109,5.396570917218924,8.416771963238716,10.584952116012573,8.960393249988556,6.338179416954517,4.917127303779125
11,14.642405971884727,31.434720933437347,30.788363844156265,31.26388716697693,12.741566084325314,11.493042394518852
110,15.43664126098156,63.58961272239685,62.3161495923996,62.4480197429657,16.55433163046837,15.321610301733017
111,6.7400142177939415,6.8439629673957825,7.095235712826252,6.821437105536461,7.322310693562031,7.300497144460678
112,16.562739111483097,19.547913640737534,32.025504976511,24.502790600061417,13.515773326158524,14.015592992305756
113,12.152569562196732,7.1170520931482315,6.2744965851306915,9.169996291399002,7.70267416536808,6.962084911763668
114,4.8138557486236095,4.699292801320553,5.311973348259926,4.6209652200341225,3.6187955886125565,3.1892504654824734
115,12.810059018433094,19.770856589078903,18.366086721420288,18.82054889202118,9.108664087951183,8.079144783318043
116,7.578660350292921,4.890467002987862,4.254202574491501,4.884417802095413,5.396247327327728,5.577155962586403
117,4.247734569013119,3.8857191279530525,4.093615427613258,3.731978826224804,3.721572894603014,4.312923554331064
118,12.11619321629405,9.143702380359173,8.59049179404974,8.179131984710693,7.774197105318308,7.978900663554668
119,9.554557502269745,9.178833246231079,6.909405700862408,8.495269045233727,7.664947405457497,6.989400655031204
12,2.3307894244790077,2.2559129372239113,2.359409909695387,2.4300031065940857,2.1684992983937263,2.1964805349707603
120,12.296664133667946,13.204212933778763,13.223647236824036,14.43773341178894,12.356548845767975,13.501960143446922
121,7.5880846455693245,8.966916233301163,7.708406031131744,8.029842987656593,7.140461482107639,6.838259145617485
122,12.341298013925552,11.107080057263374,10.94854161143303,10.94530040025711,12.014949813485146,11.150511860847473
123,5.133578546345234,6.644319847226143,6.315586127340794,6.489199474453926,5.43857004493475,5.480468228459358
124,10.94400905072689,11.38698947429657,11.737758174538612,11.99851194024086,11.130265265703201,10.329631716012955
125,9.443022519350052,12.853657945990562,10.340599283576012,11.313226446509361,9.134094819426537,10.181703373789787
126,6.587316632270813,7.358274906873703,11.767041027545929,8.168760180473328,7.762347996234894,6.4832392781972885
127,7.525406792759895,11.271063044667244,10.193023309111595,10.56129090487957,7.4653015807271,7.021500997245312
128,14.442540258169174,11.328734159469604,12.45054243505001,10.499847784638405,10.3011334836483,10.427162915468216
129,4.6416390016674995,7.300855055451393,9.587631851434708,8.931088700890541,3.915908172726631,4.594087764620781
13,3.4121355451643467,3.3164882361888885,3.7496779039502144,3.6140801832079887,3.4116886779665947,3.321611914783716
130,7.929861180484295,8.015266574919224,8.404736585915089,8.120910547673702,7.679130204021931,7.595614746212959
131,4.703342266380787,6.267867058515549,7.790826760232449,5.733622454106808,4.320929415524006,4.568304881453514
132,11.912278890609741,11.949872925877571,11.828650206327438,11.865722954273224,12.289119437336922,12.233510315418243
133,13.631317168474197,14.071504473686218,13.468838036060333,13.844872951507568,15.28723406791687,14.77874368429184
134,13.283318996429443,14.171248942613602,14.4423186480999,13.64395147562027,13.688055634498596,13.35598573088646
135,10.230475217103958,10.415421485900879,10.735980316996574,10.393877893686295,10.20668588578701,10.269668087363243
136,10.963098421692848,11.453515157103539,11.390920668840408,11.830506950616837,11.25587548315525,10.602337419986725
137,10.871499300003052,15.412401020526886,15.326912850141525,15.1159106194973,10.70296224951744,10.746855065226555
138,7.611476399004459,8.03260362148285,9.321671858429909,9.890483811497688,8.890107937157154,7.602995656430721
139,8.253933906555176,15.502104848623276,12.633912414312363,11.74329198896885,7.855553865432739,6.896769352257252
14,6.05092316865921,5.678489625453949,5.165424056351185,5.2092988938093185,5.077542692422867,4.299033038318157
140,18.099581390619278,15.137453153729439,15.943572491407394,13.938284754753113,12.09555196762085,13.814441099762917
141,5.151389703154564,6.993743807077408,6.598757117986679,8.43924680352211,5.112441748380661,5.402257643640041
142,11.681283429265022,11.817334622144699,12.69064125418663,11.564197733998299,11.859373763203621,11.401207059621811
143,4.7587200328707695,6.770318664610386,7.431840717792511,4.833322376012802,3.8561043813824654,3.928235299885273
144,18.821460232138634,19.327755391597748,17.828924268484116,18.7870242446661,14.917798049747944,16.50445120036602
145,6.87601700425148,5.324966877698898,5.604106858372688,6.081348530948162,5.711311399936676,5.824465245008469
146,4.468362867832184,3.446999218314886,3.329097982496023,3.153659198433161,3.8098738603293896,4.187792360782623
147,3.5560035556554794,11.476212114095688,12.56241089105606,13.385867655277252,2.9580347575247288,2.8978376425802708
148,23.604842573404312,21.729858428239822,20.526255697011948,19.157358169555664,15.492470145225525,16.137700274586678
149,7.978730399161577,4.401761617511511,4.85945675522089,3.2740284763276577,4.805190198123455,4.356530819088221
15,3.123597715049982,2.979015104472637,2.8778994791209698,2.896780464798212,3.3552782125771046,2.8026279509067535
150,4.639668915420771,4.448119014501572,5.850688375532627,4.6157767325639725,5.081001754850149,4.397509403526783
151,7.037693731486797,7.649202808737755,10.948145240545273,8.242870584130287,5.265108607709408,6.1264252960681915
152,13.876864418387413,30.445965886116028,30.404191493988037,30.41289222240448,11.90595854818821,11.78977432847023
153,4.109115179628134,3.900818333029747,3.9207327738404274,3.706903602927923,5.383194625377655,4.579927623271942
154,13.710662133991718,19.710293978452682,18.659759640693665,18.35036937892437,10.219552055001259,11.693143457174301
155,11.28846787661314,8.05697637796402,6.762183524668217,7.367794573307037,7.54168651252985,7.166124530136585
156,4.492802117019892,4.60544703155756,7.3562158197164536,4.439517021179199,5.107887681573629,4.260779228061438
157,7.104355942457914,7.463302180171013,6.477150961756706,8.312291786074638,6.010445915162563,5.810032639652491
158,13.792776435613632,30.172730028629303,30.161945819854736,30.427363574504852,13.386589244008064,12.18583644926548
159,3.313658680766821,3.303779512643814,3.7543495893478394,3.088718842715025,3.3711785562336445,3.2998245619237423
16,36.44031286239624,3.7898124046623707,3.483843855559826,3.8549549877643585,4.430041149258614,3.8678680919110775
160,13.843391120433807,20.496972113847733,20.37360069155693,22.406149119138718,10.51002400368452,13.372558295726776
161,12.577353373169899,8.929512232542038,8.948594361543655,9.899714425206184,9.26274161040783,8.99297770857811
162,4.737050238996744,5.019628562033176,5.255907349288464,4.379483349621296,4.409077875316143,4.387923523783684
163,5.4132135808467865,6.806794859468937,6.8026725351810455,5.588628038764,5.873817130923271,5.694540783762932
164,4.648184608668089,4.219289142638445,3.700467474758625,3.9403955079615116,3.7230646945536137,3.4847240783274174
165,4.056533496826887,4.2357130870223045,5.084901452064514,5.1291181445121765,4.580458164215088,3.4818432182073593
166,4.510794568806887,4.767217952758074,5.6469535902142525,4.904487486928701,4.687674652785063,4.4889319203794
167,5.606625281274319,6.326555348932743,5.329215779900551,4.771344602108002,5.367289274930954,5.29378704726696
168,4.829682782292366,5.281373135745525,4.713454328477383,4.693544868379831,5.178224664181471,4.514738854020834
169,6.811939723789692,6.311702512204647,7.8050439059734344,7.456766553223133,5.719028767198324,5.378453373908997
17,4.995264880359173,11.78448224067688,15.069451585412025,12.31129714846611,3.5885780602693558,2.661829140037298
170,13.726170808076859,35.511822283267975,35.00284570455551,35.13696014881134,11.677486017346382,11.180164381861687
171,5.1430584117770195,5.543739192187786,5.596280887722969,5.432603120803833,5.223277494311333,6.1918148919939995
172,13.224154151976109,12.812324956059456,11.904910996556282,16.31998896598816,11.167506538331509,11.121653601527214
173,10.508273489773273,10.146391078829765,6.381198845803738,7.531697325408459,7.150875627994537,6.181995503604412
174,4.42787903174758,4.253898825496435,4.493869632482529,4.032797709107399,4.223968494683504,4.022794540971518
175,4.803100235760212,6.5799288004636765,5.65763820707798,5.0129577070474625,5.151259325444698,5.045893840491772
176,4.946357376873493,3.8239711299538612,4.008315604180098,4.625849727541208,4.257500510662794,3.586998675018549
177,3.9341496005654335,4.942170783877373,4.204199895262718,5.047913871705532,4.162009045481682,4.0790027268230915
178,4.933758173137903,5.862270530313253,4.6103018037974834,4.248256642371416,5.262414999306202,3.8986119404435158
179,5.592822305858135,6.241920582950115,6.34210579842329,6.103387899696827,4.937714532017708,5.136991657316685
18,2.653525073081255,2.9476246163249016,3.1506090611219406,3.1357489340007305,3.183255162090063,3.086866457015276
180,5.200883701443672,4.8500426188111305,7.189848877489567,5.752960845828056,6.205428428947926,5.32817567884922
181,6.321034424006939,6.189240626990795,6.545272007584572,7.316532753407955,5.458875801414251,5.402708206325769
182,14.887376621365547,36.0849295258522,35.55872428417206,35.924925208091736,14.344936802983284,13.254708975553513
183,5.320991434156895,6.498118087649345,5.249884568154812,5.529661409556866,5.940146371722221,6.1857946291565895
184,13.193209894001484,12.328268885612488,21.34678289294243,20.086048930883408,12.068481922149658,12.976915545761585
185,11.202026039361954,8.028141349554062,8.06075556576252,8.300563715398312,8.098518259823322,6.962123543024063
186,11.614822119474411,9.069349929690361,9.788152858614922,8.708424240350723,7.972680248320103,7.44162005931139
187,17.05146884173155,22.382273957133293,16.357555121183395,17.075459748506546,7.020014561712742,7.6638912707567215
188,11.217321924865246,9.42101813852787,8.317860797047615,8.512339606881142,10.197565123438835,10.30665398389101
189,6.359883017838001,5.655573226511478,6.533829756081104,6.864424481987953,7.032095782458782,5.946796998381615
19,11.905947018414736,7.160081386566162,12.00434160977602,7.6178359016776085,7.533829193562269,8.56350026652217
190,8.1471201851964,4.924336411058903,5.793497994542122,4.768061302602291,6.241219826042652,6.420598901808262
191,17.42813853919506,36.31661802530289,36.64789420366287,36.24569469690323,22.15932920575142,18.06344023346901
192,11.6410773396492,8.77055248618126,9.899401634931564,8.25199967622757,7.950738683342934,7.563507743179798
193,16.762886069715023,14.025315597653389,17.94483821094036,13.712042823433876,8.350635766983032,8.01794857904315
194,10.864893697202206,10.082692414522171,7.277469217777252,8.261235699057579,9.345715582370758,9.78289546072483
195,5.733468629419804,5.992238260805607,5.884298667311668,6.43651720136404,6.2748833149671555,5.675054766237736
196,7.974196746945381,4.7052494660019875,5.222624033689499,5.0058740600943565,6.502777919173241,6.382949322462082
197,17.28206756711006,37.67520499229431,38.17311817407608,37.58739501237869,24.162458330392838,18.512915953993797
198,3.0094167850911617,3.0223040394484997,3.059144329279661,3.0529095754027367,3.0640960708260536,3.014589175581932
199,5.691465884447098,5.560382097959518,5.984011292457581,5.487733952701092,5.722560688853264,5.688761502504349
2,9.858099684119225,11.540944501757622,10.144898049533367,11.901682987809181,9.74719025939703,8.65922125428915
20,12.447612188756466,8.766788810491562,6.450963884592056,6.732478961348534,7.159410856664181,6.564232736825943
200,3.015751253813505,3.2385016456246376,3.1866651102900505,3.6127453483641148,3.105642344802618,2.805819272994995
201,3.5393480211496353,3.6356946155428886,3.8001102283596992,3.617651455104351,3.3479521460831165,3.3308710530400276
202,5.557184956967831,5.056907571852207,5.043002001941204,5.189208507537842,5.492047198116779,5.195090256631374
203,4.75490153580904,4.4498391672968864,4.069458432495594,3.783926732838154,4.107363149523735,3.795007534325123
204,2.4998974800109863,2.515654768794775,2.4723651222884655,2.4736097045242786,2.476711418479681,2.416068784892559
205,5.031406611204147,4.805387109518051,4.7912768349051476,4.751680955290794,4.860054716467857,4.882604748010635
206,4.130733631551266,3.9063561111688614,4.299548655748367,4.691713161766529,4.113088250160217,3.8783577233552933
207,3.231268674135208,3.2587426118552685,3.458521120250225,3.276343695819378,3.2924196012318134,3.2691295072436333
208,4.8373255506157875,4.703592948615551,4.700159415602684,4.708509884774685,4.977963522076607,4.791269510984421
209,5.767753928899765,4.7545944303274155,4.592704184353352,4.72792462259531,4.96059176325798,4.6669285371899605
21,13.943581394851208,6.654552362859249,6.426559075713158,5.456953220069408,3.7982585914433002,3.347402449697256
22,11.40746234357357,16.66991165280342,15.85018689930439,18.01294055581093,8.621636055409908,8.92315799742937
23,7.442702237516642,5.539273209869862,5.4527939930558205,5.131014473736286,6.009317100048065,6.11380173265934
24,3.8365037329494953,3.0111760050058365,3.294441267848015,3.2969377264380455,4.147963773459196,3.9281062223017216
25,6.126228634268045,4.479447402060032,4.919715594500303,4.113209016621113,4.926312919706106,4.927956443279982
26,9.264089845120907,16.933015197515488,16.939569979906082,16.615019649267197,9.525266081094742,8.175220035016537
27,5.695820331573486,8.031850829720497,10.05059227347374,9.010893240571022,6.350159980356693,5.8003030344843864
28,3.8021383062005043,3.771214611828327,3.259555969387293,3.3660078421235085,3.9473178312182426,3.7574665285646915
29,19.75797440111637,17.75453406572342,20.2255637049675,24.327852725982666,18.61315293610096,17.618931263685226
3,7.461764730513096,6.1755560785532,6.078673183917999,5.831408001482487,6.169969607144594,5.332563553005457
30,2.927637353539467,3.684302642941475,3.926684208214283,3.6156543642282486,3.2939909771084785,3.024211421608925
31,6.86590813845396,11.388882905244827,8.756335601210594,7.911664128303528,7.702227428555489,8.827462203800678
32,16.740762747824192,15.957577392458916,16.688803009688854,17.043395593762398,17.022708356380463,14.857762761414051
33,2.3993971310555935,2.636314556002617,2.5974404513835907,2.2754964381456375,2.1459662914276123,2.2454879842698574
34,4.318884901702404,3.703714430332184,4.271865092217922,4.086505964398384,4.37201264500618,4.168328061699867
35,3.420384131371975,3.588511273264885,3.7809434309601784,3.4720266461372375,3.8142143972218037,3.601787179708481
36,2.4845256358385086,3.1178083531558514,3.8230554461479187,2.754780061542988,2.5259963423013687,2.1381838098168373
37,5.133112020790577,5.173518918454647,4.68701833486557,4.879885517060757,5.498322870582342,4.894897989928722
38,4.424538791179657,3.2985113337635994,3.6328121349215508,3.5417151749134064,3.52174861356616,3.2000516578555107
39,2.8401017375290394,2.945007376372814,3.518412820994854,3.1107554621994495,3.4574125558137894,2.8285580091178417
4,10.884794272482395,12.433030635118484,14.925608307123184,13.15576234459877,11.769452467560768,10.944407053291798
40,19.49938838928938,31.85094064474106,29.550012409687042,28.652862310409546,11.793925732374191,12.836712151765823
41,6.385637402534485,3.858187012374401,4.444486252963543,4.929673343896866,6.252903025597334,5.551412083208561
42,2.3985753506422043,3.2824620977044106,2.7100241146981716,2.373726826161146,2.5624699778854847,2.530689537525177
43,11.559903293848038,5.593798756599426,8.026784628629684,6.9657342210412025,7.56599573045969,8.796732980757952
44,14.406545020639896,10.815267235040665,9.289302550256252,9.467386059463024,8.7388139590621,8.22057057917118
45,12.759344026446342,8.212086454033852,9.734430685639381,10.550986468791962,8.671641573309898,8.90173850953579
46,7.317482337355614,7.878644898533821,7.857093349099159,7.952014327049255,6.526094004511833,6.623501002788544
47,5.060770332813263,8.338165029883385,5.119526341557503,5.319674223661423,4.747667424380779,4.780753642320633
48,4.904696583747864,14.964785486459732,16.118241369724274,16.18688863515854,4.8342970833182335,4.745900973677635
49,8.812555894255638,9.643895730376244,9.263329684734344,8.830239310860634,9.220098555088043,9.344000115990639
5,6.404720366001129,7.135861098766327,6.884285964071751,8.583087496459484,7.2977690026164055,6.371271550655365
50,6.062795855104923,7.826312020421028,7.085290275514126,6.720963336527348,7.742361471056938,7.258880890905857
51,18.426750749349594,12.289424270391464,13.714229106903076,10.163054257631302,9.910249173641205,9.65813884139061
52,8.804604589939117,7.889990538358688,8.775171130895615,7.785947263240814,6.534190766513348,7.309445172548294
53,6.119135983288288,5.641011647880077,5.716737724840641,5.59939044713974,5.692940667271614,5.612366192042828
54,8.326177254319191,8.214347690343857,8.047358214855194,8.024202957749367,7.560746148228645,7.89150296151638
55,7.478078201413155,12.131117314100266,12.204116269946098,13.255681961774826,7.3941075429320335,7.784651979804039
56,7.371502697467804,10.462683364748955,9.144297435879707,11.659433737397194,7.484185948967934,6.840263828635216
57,15.024447947740555,11.122476026415825,11.622454792261124,13.004874557256699,11.62013565003872,10.471141427755356
58,7.016276329755783,7.82146817445755,6.987110003829002,7.00716395676136,6.622564926743507,6.919025480747223
59,5.4241266548633575,5.729906417429447,5.9858100935816765,5.65801078826189,6.029745079576969,5.653927095234394
6,2.9364545047283173,3.059175342321396,2.902408756315708,3.0834608301520348,2.97290064021945,3.058943632990122
60,5.82576397806406,23.468989223241806,23.734867602586746,24.59356415271759,5.69443678855896,5.580276258289814
61,8.952316328883171,9.61169445514679,9.30234643816948,8.535616934299469,9.323166370391846,9.098932519555092
62,8.597279816865921,9.298880189657211,8.421028167009354,9.113599359989166,9.430889621376991,8.852920845150948
63,6.755927361547947,5.727535232901573,6.816694736480713,6.010291554033756,4.141545556485653,3.207576982676983
64,11.837715350091457,17.67120298743248,17.20691019296646,16.68056359887123,8.59871993213892,8.455881007015705
65,7.4851855263113976,5.8921551033854485,4.824927270412445,4.9710344187915325,5.910357479006052,6.119351796805859
66,4.118447184562683,3.3442895524203777,3.9212692603468895,3.3476278223097324,3.592241019010544,4.057886756956577
67,11.386197987943888,8.785741075873375,9.118810676038265,9.804685033857822,8.003878314048052,7.894650083035231
68,9.226397320628166,8.21414402127266,8.572169363498688,8.021203368902206,7.223431810736656,6.859926015138626
69,3.0811257883906364,2.7707027457654476,2.7180885784327984,2.7149472162127495,2.5947473347187042,2.494489524513483
7,19.12521769106388,30.098453879356384,28.05665072798729,30.38505518436432,10.53805173188448,12.516259454190731
70,3.205066565424204,2.9790314063429832,2.987145509570837,3.0204354487359524,3.2300530076026917,3.2049368247389793
71,2.8173118978738785,3.2817200645804405,3.027107059955597,4.588447190821171,2.922732312232256,2.504268277436495
72,2.4018159694969654,3.9192339032888412,2.512596543878317,2.347656063735485,2.4367360696196556,2.094368439167738
73,3.3948535695672035,4.284837733954191,5.385735936462879,4.3911631517112255,3.461107887327671,3.112449277192354
74,4.710025731474161,4.141456067562103,3.3008075803518295,3.6544938385486603,3.539855670183897,3.5287138409912586
75,3.175342485308647,3.2974249087274075,4.521034836769104,3.612632595002651,3.3022687807679176,3.1775901801884174
76,5.142998155206442,10.550353437662125,9.987347602844238,10.335984572768211,4.287329189479351,4.690195370465517
77,18.13786691427231,41.067446529865265,40.91927808523178,40.884707510471344,17.566621348261833,12.644078552722931
78,4.551646217703819,3.6464315950870514,3.4252703674137592,3.671648122370243,3.1761026307940483,2.9261576794087887
79,5.435830198228359,5.876847632229328,5.422758214175701,5.875470764935017,5.535760175436735,4.591115452349186
8,8.862389601767063,5.604867920279503,5.405116245150566,5.845786362886429,8.14168157428503,6.792006652802229
80,3.1773547157645226,4.468059826642275,4.1045222245156765,3.0042428374290466,3.2877144664525986,3.223532222211361
81,4.972849052399397,4.807412140071392,5.579926714301109,5.038793079555035,3.816117573529482,3.2095036916434765
82,13.10517005622387,18.04786792397499,19.549162417650223,19.800218790769577,9.440385110676289,8.10666086524725
83,7.809288993477821,4.813296817243099,4.454983554780483,4.8862114027142525,6.0733332969248295,5.88571272790432
84,7.31819199770689,29.534843802452087,29.35330641269684,29.32953429222107,8.585780411958694,6.800365924835205
85,7.407721322029829,4.7421974167227745,4.268762677907944,4.196015048772097,6.062310993671417,6.317660015076399
86,6.508479461073875,5.265131935477257,4.139643244445324,5.1056902557611465,3.9777710884809494,3.2455915734171867
87,4.067330677062273,3.282926984131336,3.213433913886547,3.6829372458159924,3.2751383893191814,3.9026934392750263
88,5.684799309819937,6.063702709972858,6.50316509604454,7.0624352023005486,5.66296848282218,6.982575353235006
89,7.930907174944878,40.06708490848541,40.17922621965408,41.1429181098938,8.653017297387123,9.91150238364935
9,2.2500478476285934,2.1379679180681705,2.0678404308855534,2.262755572795868,3.064070627093315,3.0237563960254192
90,4.304211400449276,3.886278945952654,3.465237334370613,4.039880141615868,3.552365228533745,4.14418812468648
91,5.669387683272362,8.919829867780209,7.008332572877407,7.213375471532345,6.375083554536104,6.626314431428909
92,11.50694789737463,37.35312217473984,34.6339026093483,34.88564878702164,9.039070010185242,8.264357514679432
93,17.867637783288956,22.941188633441925,29.11091461777687,37.78958785533905,14.809487491846085,15.080066479742527
94,8.278886198997498,5.707479506731033,5.027907595038414,5.804950274527073,6.792827785015106,6.680734448134899
95,5.4053695648908615,5.369000248610973,5.933161832392216,5.50189696252346,5.474281959235668,5.667887054383755
96,14.748441010713577,26.99346023797989,25.049436658620834,25.650711566209793,8.560075610876083,9.011972934007645
97,11.589140698313713,7.113944083452225,7.296894885599613,7.936494417488575,8.263649605214596,8.17909511178732
98,9.417094469070435,6.304979182779789,8.18109118193388,8.238346420228481,4.82416183501482,4.594974532723427
99,17.38056245446205,25.113445699214935,24.299439877271652,24.473145306110382,10.230031780898571,10.266277194023132
