id,model
001b49279bcee7d125a97b05270bfef90bd1e95312b78e2db639f0a531bd3543,Chronos
0090326fced7728419b589c8c6c2cad5b05d75553813b47938fae26ba0b2b393,RNN_LSTM
02158978e403150c2befd8b4176c717c4230186b25f7de41a83e27a13f0dd4e4,TimesFM
04605a37a22e05096e009845434d33bfd1c42cd67f6d72601d351e470614bf5f,Chronos
05aed21c749138a712c901a4e7113230306b3b3e2ec055b73f6ba40e78b870ec,RNN_RNN
063ba6f3c1d425f6f5c3bde3b9ba1eba7c6d81c57fd794860338638212d30dfb,Chronos
067db9e34208d72cb693c8c199dfb3fdd7a0d11e29bc6285aeb702ddea18ff7e,TimesFM
06b3bf665f5a7f680cb80e5a64f71e0da9a19047a80f494c706d4ea5aa27a134,Chronos
076c1b2effca757264929b87ba491cfa9005a06bb7b81de4b33fd60eb0421788,Chronos
08f7ff6d9380a3c0442130789c39c3006b6648ba613a3cc9f34de200ae2ee057,TimesFM
092a09c2b274437cacc47579598007d841832357369735c3c770b2ba6dca3454,Chronos
096d04270888c86c3698b47942b1ccd5fcede77987562931d4177f7e95160639,Chronos
0ae3bb3e0b0353563576befc8fd4549912995de9f069183fe0b20bce13d7cd57,TimesFM
0b104201b2555d9eea01adaf120f401db50cdc0df2bc3457fcbce2a7d9948e28,TimesFM
0b457d358285ce6a2337cf4c69d227e8c1e0d6925782c0dc1d876fdef7bf1e06,TimesFM
0b659d324c401313e25e29ab2d218d2968a1da941b27e0738faa099d9c9ea2a4,RNN_GRU
0c0c478de9a3c2ff59c9ca2cbe986e4965824ecfaee1d73b975b8d857ec0674a,Chronos
0ce67779eaa33056a996ccdeabeb3c04e48d41388d5fa734c30f505d7583b559,TimesFM
0ddb434d18f5ca44cbdb353ba0ae6d9d34a2485a53f5b4efafee103d52cf842c,Chronos
101e17ae7801e4acefab9ca1d685221eeda35fd6edd3ee644028cfac0534d31e,Chronos
12c1683495eee1b714c9b0a145630b2e10ef92ec97be67cb46bf6ba23b83cd78,TimesFM
12cc7df2e6aca1aa0270dab5fe9f47843c2d4c005e4f582459dfeca022fb05ac,Chronos
1300914ae3947528640096f863cfa01e924adb659f39282826742dc8ba0f81f4,RNN_RNN
14c9c5e9966a677d7787923e4a3c8e208ca58d29aeea4cd85d587fd3aecba620,Chronos
14e788b536994a9402114f567a872f866c9b359446f28a63a18f4b3aaf801d12,Chronos
14f72e22ca86f3e9ec2a842a0dfa3a9d1b931a9e6bf5af3bd26a0dcda3f93073,TimesFM
1574c6fb6f73c91b31ea7a1aec4c85fa9c937c84c6b3fd517b42ace2442005fb,Chronos
162316c29e309f265676784f693e99bc34b101b279fb14bbd1211d98ce8332ab,RNN_LSTM
16a424c485ab1c8f57d17b2e5b2a63ef8e9f3b3b58feb2b193fd39d085c0c7b8,Chronos
1992918c23cc92244ef4a1efabbf23ab28abe05bf37658eec9af9232d78e0939,Chronos
1be9ec5d983809dab634df4f7a32cadbd5c48bab1c2c9026474286924b6eac7c,RNN_GRU
1d79613f87ed0d23c3e6f028df721b9d3bf4d322bfb3cf8bdc831fad4231f726,RNN_RNN
1e2bbb46bb4dada3d75792659a8b8b5807d16e89ffeb64bef7911e54e3f5a45c,RNN_GRU
1e96dba25531d7884b3c21f04badfdd784f86b943fe92058211f18ed087bf15b,RNN_GRU
1efbfbbe9fc83517f39da4b1219a6429f92282b095214efcbf89ddbfc781ab61,Chronos
1f99061074ba1ca04b763dd578b73696e2639df5a9c0a8af8af39e9ff7f72969,Chronos
1fa06535203693698b96c9d65f3529e724f80a80af2e779880fe15cf9739fad7,Chronos
1ff834f847c59a8e7b85b171d5e4f32f8ba92c474ded47c7963dbc87633d2696,RNN_RNN
207ae79917686557ee67bd32848b1907a6008b0b3127dc6d25decfea11234122,TimesFM
21865009813b345d2307c8b83e97a65e2be00b5f03bdb89267c3eb49137fa657,TimesFM
21d5bee5fccb8038fb0979891f38c1de025fd9516386a1b67e155d9656975a58,Chronos
21ff6e8e8a5b0826595cb56d4fd871817c2c741e61e3490fb7fb5e58a010e024,TimesFM
22072b261570f0452b5c8ae0cbe6e52c38ec68f19f1276535d87d02d7e085275,Chronos
220f888bc0ebd03b27e0ec5d50a7352fb0828b6e23b5d1756c824d54f8bde48c,Chronos
27763eabf1b5cab44553608e2ca069fb13e7faddcd26687d7f42498b87462a60,TimesFM
27a0b3632f96c9643ab77a9ebc11cd72ba689d904df1ce9520922061e45798bb,TimesFM
27c000dd3eab4db1f0ea62eea0f8d062dddfd3c2adafee702320432d613afb95,RNN_GRU
295ed129ebf7fab6ade6ae2c4bf15a91d84d607553e21950bf5b7b4a47411a48,TimesFM
299875d577dd3e0adba6d0f060f9b246c30a0415c5d8d8232ab03c3d7ba7d6d7,TimesFM
2a0a3ada7306b39b8f08edf97035e5566d0a1b5cc7b56ebfeba200772533e63a,Chronos
2aec780b74edb50d77742f296089f7066ab78085a9414a96c53ca61513deda48,TimesFM
2c5d363481a100391a50d5397fece786de8d4b86fc02c8880a78bcfa7b297139,RNN_GRU
2cb14b99533f24a78aa3bbf7bbdc07c96f8ff8ddb5a41890df9309a636ca4543,Chronos
2d62508ff7d0bf74df4f629fa487b14c932185b57628c70aef7003f521083d71,RNN_GRU
2eee351adf2d6799c0cbdda01d8155cd1c2031c9f72736a0ca60a68f0432169b,TimesFM
2f909549ce4a98a3d522be348f8a3105f09de426b09e579d1fc392341fbb0096,TimesFM
30063190a305b790b4b53a0fdc29cac4ddb092216510c3b27dba97a952b5d86e,TimesFM
302d008d9ce2416f673edbf4947568af7ad0bda43625e60b9495a8cd3837c14d,TimesFM
306c96c8ea7d437236f72728dcee304f516d274bf058a27edcb38a9e6fa0f385,TimesFM
308ecb6c8592f6f839007d57f001ad18314f443fc8df3f0a36727b6f891b3e1c,Chronos
31778f4c7f71ba17a77ed68bd5d18380db8d3cf8a4ac73698d6716080eae6486,TimesFM
31da4e14a970738b8486568fb71f8e9350ed865520f4891fdf611c565193a5ae,RNN_GRU
31e775b344f22a9b73fbddc25ba8b6930721d9710ac35bb337f3d32cd5cf9fa9,Chronos
32716dda51c8da83a50988d9c29cce9d52bbfc5b420b501790431ec691ccd5c4,RNN_GRU
34e59d31d5a406d0f1f6e9803c1e4a34d8956e4607117b0bd951af973ab78938,Chronos
35305fc21214abffcbcaf6511395b2b44b3ec4c1b480a774de92d514bfe0dc23,RNN_GRU
35b6299db435c4c0a8e721f224cf3d4d42bf0d39f5d0d5c5724453d95b96350c,TimesFM
35bd9d007b0af26144646d11c79fb6ec260d2c92b698c050efbaf9d1d702ca3b,Chronos
37992ab8bd5e40b56f89cdbb52c8e0d0df6cea661ab479f4bc32162b5523e91a,Chronos
3a0bbd16a261221deefbb106e9b97094c5e800cc1b24158d1b1d4d31fc63966a,Chronos
3aef38a091acd5c4d3b2209f135626aaa01e75615b6a279a5947fcf885b13b98,Chronos
3da48e938933fba1d06b8f1d6979226f77cce5199542c09971a103f9a4bb917e,TimesFM
3e29f84dda113c04542888a02042665b255cb6b1656884e66ed8c0a88edc6b3e,Chronos
3ea752d4544b3df15bac8057b9270c531823583a0ed4682134e46fb17b04cfb6,Chronos
3f7be2c5bbd96d7c25765f9f467c696693f68683fa114cd978be25699d012852,TimesFM
4237ac8c1dacd0fb62192f6a7ef1da02e45698811e2110d3e0ed827198e10ff2,TimesFM
435d03a134039707461c56bb05f6157c4768effaf6aff73a888a0d9dfe2faa57,RNN_GRU
4456b981d48aae1e52ca3615ff8328f0ae2b7786978b8385af9e3286b68b09d4,Chronos
47658c9cff05caaffd85722b6f81dd163f680f03d4026474a098f966e2f528b3,TimesFM
491772fa2fe199e3466a538d2c7da90471af914c937d5217ee8bc71d935d28ac,RNN_GRU
4a2cba061b07d3d0e86af648bf5640e323587d52d70da0fd7b8b0bf66dbe9fb6,Chronos
4c858194167bee6863695ada95be905624ff9960ee35cee042d1bba35329c316,TimesFM
4ca54e4a06d347093fdbfad416401aa47316af1ce0985fe58434675a76960ec8,TimesFM
4caad6e3c8e13ec6a9b728f55d576317952cf47f681e4f2b022b26bdff9741ee,RNN_GRU
4cebe56882df93f997cb409aca266774df01d4bcb819b1fe18902da78bbe46bc,RNN_GRU
4e0bf5950f95c9b5d1621a1b316f148b48e186eccd4c5a87fa4f8e141aac2d34,RNN_GRU
4e6461cd34ddc8cd4518eae6c65df70c4f2044bbc68d2cb732abab733b380ba2,TimesFM
4fec01ac4ad62bb7fdff5851257d9a097af424ae03ba62c0e94167e3d5e24ef6,Chronos
50194ca68ee38784d053d4b75993f937cf4eb74ebf602e124fa75af6c6977bb2,Chronos
52bf719977d55139a999c77b2e4646946d6e8e1bbda5ecce6ad2f8d0f2edb2b3,TimesFM
52df3473cd810e5d9eb4923260c0189b6136da3193253f984fb97bca8e8b3deb,Chronos
5315be05fc3b21a3f483ed0759bce825764dcf8a762623a1d94ff63f9d9ce4cc,Chronos
5336bda8faa5d11baac08b366930d5a0f89d37430f6df30028d75e7fb9724b3e,TimesFM
53f53cebe4e9d1cca67c6d1be8be2935831bd3870e3d2f01e5f51bf2429bf299,Chronos
5452242012899b0b33b4f44ef9d1c5c41187a983e35b802cc8abb6bc465bdd54,Chronos
547dee1d459e1587f7f5cf132df3546cad57b73b69254cf78c6851078b3af00e,Chronos
5608f70ad5c4f89e83b01f37bdabd7b89f79338b34776128d68676d83cd3de15,RNN_LSTM
56b261fe8fcb7688987966f8d0c4e6abff49ca99b9b68285382e6ac8631972c0,Chronos
58542dd993796da347ae587357953a169c5527988dccc7b5adf95733a148a437,RNN_GRU
587e383f74b4e2998d18891a98ba0b89a49a7498eebd2a380c0ec302fe6bffa1,Chronos
5b60de8de034968ab30d18294cd101858e44d3300015f617649d4b184257327d,Chronos
5bf9f28d37d661f29170b51486df0c4522a6040be5128e5846b4d44c8f8009f1,RNN_GRU
5c063c019fdaec9a5594572044a82159b504e2a359f1269842dd1b5ad8235250,RNN_RNN
5c9f0b373635c8c245443597d5a7ae3645181e7fbe703997fea62abc686c13ba,TimesFM
5eadc93e1f21871e5b6f0dad42568cd7ac1686845442351762e37df3d843d78e,Chronos
5ec8065873aecd0347288d3f7d1891b79d0b0f6b7c9a3909674fd1ffe8eb5416,TimesFM
5f0a17ce1f301349f709c8904f42ebe46477f4a51e46e59258e411d7b5f14507,Chronos
5f97081ed67e77fbd9179f3103b21fc83a801a908e3b9b73e0a8a75c6200277f,RNN_RNN
635f06ab3ee1cbaa563acb45ed1df143b0227f195dd08141165ad325aa290f38,TimesFM
63be1a952a8e5b06858ac640b8ffda3fbc1744694c531472ac5e67e40979339a,TimesFM
64defca3c186f3cab087b24c1da7160fbebd7d5d5e0ff0036da1e7eee1d63440,TimesFM
6590c82e22abcdaf4887f5e84c39b3d264276cb7fb5bd585cdde6e8966a58966,Chronos
65c4bf1b7fe6a7796d542f0c178b98269f131537076eeb34a5e52808f8486c96,TimesFM
6776c74bb14a111c15d7548a916cb7c540716f739c7892ff9c5c5509818a3c6c,TimesFM
67a54bb2d5a9971f44b9eb31100748a224b3690a78ba72c2a7f9232db58c843e,Chronos
68182b09cdc4355932cc1fefb61e77b44ad55636536c327e07d4acc70264f1ba,Chronos
68bf46448107de0e92c7c072d4a9b51d95045af180abede968270f1fda06b732,RNN_RNN
68c45f54d6dd3861acc40bcebba5441c90e55a2a0228a07cc629e26e291ea3ca,Chronos
69c500c02979aad7251a896443f0351f17fda907b2a725fa64dfa3dfaf033e18,TimesFM
69df291e20e78ed4f8f0584dd05f4c18be2f38e8153601b4b35475f5bed87a03,Chronos
6b66e0445267c0f2ac598e4541a9cdd945c630017a785aac2722cb130b916995,TimesFM
6c871093253858350d730f80cfbc5109aa2529d9cda37341989ea8854485663e,TimesFM
6d9be17d1518f617f732252e3146804fcff1df73486307942a713aa8eb249ef2,TimesFM
6dc157fa79f808bd7cf577af09efaee2dad035d658e549d4219e705a181d8917,Chronos
6eee87a877e771a68c848b1e4d84bc40851e6071218c0b16014ae575d2e998b1,RNN_GRU
6fb111c7dd18a3003a3f25ff48b0fa9e9b0af51ad471a385f814e9885cba5bfe,TimesFM
70cecaa1cb67acb437d0a0d95202d4eb2b092840586f5b36339b76bcf18cfe94,Chronos
711b0aab9f246bb310c8d45af460620555a3c0fb469dbb2783c47533cfdb8df4,RNN_RNN
723eb48b69bd0a501b71acd8f00df8364c6b76bc987ad7894f85a4678bfa4bf0,RNN_RNN
740756f1353f6840c650d5d06043d13916a24213ec954993bdecfc97bf408364,TimesFM
7430934ea24d694238c0207ae8379c803ea20aae69632514cb80dabf6cc527fe,Chronos
75b1bd5f3a75c49b518beb9d102a638d12407c6899e2e4ac636bd3fad6bf3ee4,Chronos
75b64fbdbf477abbde28d3eed0c6389c296bf8ed12e5af28296065c158bd5340,TimesFM
760847a07bdff989438541d1bd27391e5b1cd1fc515f63c2408b3787fb1ff13d,Chronos
762d22c5a3d7590bfaaf38550de01d44946a18c3fb415a04419fb10b97775af2,TimesFM
7967443fae241b40f350ec20dc2e0c558f7c5a9f94e4db73b580e5abf143ab23,RNN_LSTM
7a93cb22341a7ccfb0f0f4b3d4846717abcf63707b1a10502702fbe67373a63d,RNN_LSTM
7cfa6b9f72247d4f94e2f8e575df230b7b0177e0294bc2b16718bbedcdfad82f,RNN_GRU
7de51908df838d39508204ded36cebe3e9d6cf3bb43e37b684a6d18005d5983b,RNN_LSTM
7e9bfad018c1950019baa3fe0add38e21b1962f6e0cf7cbe6924ee128050f139,TimesFM
7edb0b974e40005d5d76ec409a98e6dbf74d0c5b4d187ba0d58285b2774d9591,TimesFM
7f60d4c90d623b2d4d30b4df58f951c244637371ac93bcfd36374b7a82121f5d,Chronos
8097587729935b9b340fb933a512af18fa37233601aa4bd487e439a646359ab9,Chronos
8203ff88388384a6f9ed28664e8e9484119ff340cb7dc0811a15194b3a507f0e,Chronos
83b3aa6a0849c0947995baf420b51f111686f19e22a90ea4841f9bb69f9c0b4f,TimesFM
83e948cf4e2adc7e439d35105ef2651e6bb6790e2d4b55e8a9ef1ac146f18aa8,TimesFM
85cff28b83792428e039e986e5d5554318a9678f111ec9a6f65ae2956f25ed18,TimesFM
8605dbd8e5f2fa8ce97a0b14b7abb26cb7deebf19748962f3de909e9fc355288,TimesFM
8629c63faa856cb5bc942aea153ff857d2b15ff719d64d44f521a85580549ef7,RNN_GRU
875652920ad86e74f898a9dfa1a0a6d75c94f7aa794d3591659111603c7ff872,Chronos
8911ae3261aac5969b8c80b37d4edc8bf3a7a49860f633ad4c591531d6ba9286,Chronos
89fc22f6043f96ffe889008cc665d08953fc1dfcf48f37accd411091c405af6b,Chronos
8a3b5e4fd8e6d07528c9c135b7870bcb762579cfe7482293206f2eccd15ba1bb,Chronos
8b88d592a5c878010087aa788b9f155f12bde628f3b1918fe39283dfd5482f3b,TimesFM
8c9ce0de516e04d52c78b54b7d51a5fbe406bdcc2e61d19d18646b064488947d,RNN_GRU
8f4126a9adc0ca313d072d4bf1466f1d8126e1690905727f76199623f43c7758,TimesFM
8f64c85bf73f1e1eb6fb78db614d1d1fcec30675865e78cc50f53e75f73f020f,TimesFM
90f265dbab06604cd812b04c19f48b36181836d52c1cbac060332585afb7513d,RNN_GRU
93d4c31373200d74272af6e0feb443ea1206b83034d563ad7bc934e89b12e170,Chronos
9467f3a8269960c7cf5eb6be3010d6a7b4d6ede14fae5e2ca2b58279c82d56e0,TimesFM
958dcb47a429872162819393ea642e7cc1f60f233c190097226a4fe3ed7651b6,TimesFM
96b14a4f4e75557932044a3728918aa04102f9aa1dcd6e5ae8fd0e77b68b3dbf,TimesFM
96f5987d71fed507d96894deb9dc4079c41e556c4c778a433c39f6102cc9fd0b,Chronos
9716f5e6c17a74264f711efd048b5db43c2b430ca2caba594511d0add146a028,RNN_RNN
97cad375514e2872059beec9e283eea375309cb414d69fb1b76a3d3e81067a9d,RNN_GRU
9bce5e2ee302cba459ff2ca75e37cdb0dba32118fe1fd0762eb4726f214eefbf,RNN_GRU
9cb3bf8836e684a7054f0ffdf528fd63c3cdf6dd0de7fd18fe3da4b0830a349a,Chronos
9d133e10efe8865e06a5ad5690b94a1efc90fb7d89a6305638f2ee8dcc4f918e,TimesFM
9ec1699a6d1388ea6aeeb85e55133f7c519f2b911090b6c72888c6e159f76bb4,Chronos
9f7c42b1b5e58255e47691a7b28b08272a9e6a7db596871d300d5ed6a0363e35,RNN_GRU
9fd480d41076fa0ebdb0ecce20c46f3e016d91c243c66ed3ee7864e65bd37311,Chronos
a019f985b270ae7dd0c6a6898e6992cf1b52552ad2e200434bbf5382608563c9,TimesFM
a107843d9cff89380016c124f6c871b8325dba8e3843e6e51fadbe00e1ac1b7f,RNN_GRU
a17ab90368b2f104c195bec940b7e89fad714e0dba56f062fdea8291764130bf,RNN_GRU
a21d40a02e91fa5eb9843759376b36f1a921da03d998f9500d56ce568c93ea99,Chronos
a30d7905672e6f4448e0da995cdc5dba5fa015d0038fbd4efb17fa59a4874bf1,Chronos
a37c8fded428afea9129d60188d1fd85f52da833f3361c335422b0a29f2aa32e,RNN_RNN
a3b37937f21168e8f66b6622969f923412de4427a53df66d5a470d3b32f6b667,RNN_GRU
a42179717edc415cf05ac1080ef5e3a639031cd994fcaba58086b97935a5859c,Chronos
a4d811c4d9232a14b4b863f7b290600a6a40ae804a8726ff693d2743e72317cc,RNN_RNN
a527539c1c2cc6d4ecac23d5e4d23259d5eba8f793d714c5500d1bb70d5c4957,Chronos
a5b8230ae0bdd82adf06ef357f88d1d70289049c125b146dfb16e972a9a4990d,TimesFM
a622955216602cff21b853e8f794e088c1279804b7f147628e01aef85781ec25,RNN_GRU
a64286a4880fb2a1b6a4e859ffadbe91d0a1dcd5db2c636d8a89f746fb94abf4,TimesFM
a7be450719c68f1945562460a945e08558e7ce7a22e8eb6278312d12eb669ba5,Chronos
a8ce38b224897ef1a0d5d9fe15deae3a9fc8cc372678465d537246957b023298,RNN_GRU
a95134785644bf134a3cc2472a9ac37f2d831b541f5d5fb5372e02c4a2e03faf,Chronos
a9fb20bf834bfd85d6c5caca1106e2f81ddf25a9c7074ae594af192b9d763898,RNN_RNN
adb0596b87afe268203ef15ae3f8d98fa22dc2484da6fefc301cab6125354eff,Chronos
adf7a08a361395a0628218dfce41e009094997399692f3b2be4eb6e439e93694,Chronos
b0a50aee9beb172403aa7a2d95560212a963e77d01b6ea9cd8d26a2b4a3798d0,Chronos
b200945b3dd7c23a6e1c971016f448d15002495c7052015d02a6ffee8799cefc,Chronos
b226f37743e2a4cc6527ed30c845d8f7072fd17fd21e8305e60127a0495eda9d,TimesFM
b2c7f8644a16c0582f901aa5550cf4c2b2e24097397f02d2e9a4121c04b18e98,TimesFM
b5a7268b0f0daf1aef7abd145c4bdb9d14ddf8744ef9f618ae009053db44c2ec,TimesFM
b5b2a4cca67d4e048cb7e4f46f18bb2b5fa75ba583f70192476df943491d9217,Chronos
b6ea38d43373e0fb133096d98b66f96fa878d5007503dd3e6aa115cafcd5f960,Chronos
b782103b2a210618b499a0e762dd70d3ad3a0a97dadbbaff70a6b93e8ed919d7,Chronos
b8fade4b5b4899584a8aef8301462586ab552c6a99398a9dd4325e0db5fd7898,TimesFM
b9226e5e4153be38c56eb544a3933ec6718218660987db13928442e3ce5ef6ab,Chronos
b9b4cd0a58698d599c38daf3a8db16450f4c933601673403a2b62f778d7cf5c7,RNN_GRU
b9ffe67ce971ec2bf68ae5d92970dae21d1a611b230807b28be13b2ea8e8beeb,Chronos
ba3b2635cf7864ae458f258396bacd7641c6c6b625154831529ce701a68a7a2b,Chronos
ba854003e05348b105e9d92c219614a8093a82bc2b53aed8f42f8084c5bf00b8,TimesFM
ba8ad9b8a132d97658a86fc28faa955b6c2c24fd637f04efe297b793e3d69cff,TimesFM
bb6e5e3c07c1978e99029e1853c05958e85fb2cbe05ca72906e6666f1f5ab7ee,TimesFM
bc5b7e791a1512d0dc64b6e8c487ea92bcc63b2496f574982fcfc135de1da955,Chronos
bd33ce4bbd8f9ee2f2635a94bc3b0ec5a17739e4ad551851cc44b90cecf2eada,TimesFM
be09ea8afd9eb57ef9a69e66544f8f8f016fab8cc4fc06c369a17e11be8eecaa,Chronos
be58d43a3cd2c049eccfed0f645eff89d278fc1b45e7a08a9278c02e6214ec36,Chronos
c0e10070fbb1e61d25299fa9c950334bc56f9e2869b417f04c31e45660e9cfa5,Chronos
c312437e176c2fe51fe5e71ecfe7f04c0c7bdcca0fee53a668e4ecb61e96783a,TimesFM
c4a448684099b4e14266f3f52f199d35c460cabf80d9524a991a8834f7f2b29e,TimesFM
c527d3d2a22aa19f8711437bf8c0783162892f93f322b42b77a7cf08662c518a,Chronos
c61dc2a0daa954737cd176c57697319fa74ca7cb43dc666f509f7375c5f1fe8b,Chronos
c6838761921e71d6e6e7c56d706d7472c3a980d6424a7f214720f81cc73384d3,Chronos
c6c0762087a90d721b8810bd0fece17d66ceec632d5464cd9f43ef2b905d6334,RNN_RNN
c81c9a950c4d6ac0cd85d7dfd437ecadb04d937e4dd00f4888bb468f872c7e32,Chronos
c8741ce60df3046074146cef9ef25eddb9318e660aed108e8dd47b9827087fe6,TimesFM
c9c65ad7c528fea0c0f8aa181665a32f594775409ac2b8c5e02a9566691b6601,Chronos
c9d80deac99bad77dd3a2048111e9e8869108f0dda22a427e21811c5d06f6e52,RNN_RNN
ca18283c1b4dd579178e829b0e74e37f64c2c6d0344447a972d582e7de0ecd57,Chronos
cacad129e2374354c3595c3d09d1b65c17b005b3997cc2b11b5880ebfb637b46,Chronos
cb219ce398e06182aa65b2e15ebbcc91de43ad1115814601d12a3cfd626712c5,RNN_LSTM
cba2d4a3cb55d92a97a2c0cfccc3307d2bda86db7d79feac9070426284532bee,Chronos
cbe29bbb26e04f465c1dee90c41ae7a3ca21aafccdb48d57c8b52752a624bd09,Chronos
cc9dabc875de2b70082258df2e4950452e0b403be4ab231e037cbc9d00a945b9,TimesFM
cd8cf4f8b51d947294593266d14868b7ed056d1b5d56f85c2d3b27e8a7cd71f1,Chronos
cdd76f0405c5cc8d0ad011a8ae6d847c6d611c3596c642cdcc4843488f75f9e0,RNN_GRU
cdd7f8f44ac6030d7cee797d0994ca2d539095f51d4b09501aee4b52f450a3c2,Chronos
d1dc7c011cd19b2c610c92d9a34e8393b3edf160efeb48f05ad7d9962703d876,TimesFM
d21f486f9a6eb452742e90b167689d3c9bfdabcba2dc0943df4097161201a023,RNN_GRU
d24e49e48d96dc16ffcc33666c68301e15d2e97e4d0406521080022fea958aa4,RNN_GRU
d2bf1b1520d605516698538c0183afec5c5317148815c4f990fb1996935250e0,TimesFM
d30c7b174add772d69ea4d59a35ae13027999dfc41041bfdbf36aa8d499cfe9d,RNN_RNN
d50a954fa5ee7fa59acd69f55656aa7eaf698cd88acc4a4a909287fd2122dabb,RNN_RNN
d55401a9ec43033039efaea8bd33197d153bc29a5f5a7b87f22ed14d808ac6ea,RNN_GRU
d5da9c87173685e76cdc917aae4f772f247c8a0219355b10dd505768f6704e28,TimesFM
d7f7a6dad864595ea8a575fa8cc8db2765d7aaa8a08f7d27ce245940cd47cdce,Chronos
d8024d782cfb793ee3d7d01ba9dda781626a90f1513d998f1728ae4fef239891,Chronos
d88c82e5a2c5c1a075a5e07a31230cb6177f0a26150329a55b83214da8439900,SARIMA
d960b88785114a91327c1374419a3053c7aaf14386076c3e599403df898e3e64,RNN_GRU
db438bd78624ee22679d9ea36e041ac0a23c6f3ebdedae29d1789ac6ef8b5d4c,RNN_GRU
dc2d002853180ddf17182e75707c3da808036f32630554137ba3241fcec2852f,RNN_GRU
dd1c2b7f7f3330adf96eebf332257cdcc0d4b78c0e797bb3239e9504811b6ad3,Chronos
dd833bb70b3a57caaa6b4e4560975d9ba5a77fd0151e13d1b5f30b4f6c381d5c,Chronos
ddf42046cb48342a42d66f634cc656c1b138919fbbfea70928006c1cc87a0520,Chronos
ddf769177b23ea04b73299eaee37804d8512999f956ee21dbaabb6622359a716,Chronos
dfc2745301e6abf5a3c56561bcffb3fed46806360b386899dfe5127bb8ae54e6,Chronos
dfe05ccba57d579a6f975a16b4bdc932ccc9b63f212faacd406e586f59b43244,TimesFM
e06b35bce7504e513ca836f72fd11c8c4b17f00405fd4a3a96876030eb3fae08,Chronos
e17b58070ae3f8192183d3e624e1990f973227d0e8afa22f1f43b6aa1f2b4589,TimesFM
e1ba7f26822a9003c3afcee23f800915dff9877d1888c7a5f46fc8c0dc2ebb78,Chronos
e22aa84f6fec9f9fe2bc277cabd8d31ef8468c79614209bdb313b49f0f4e88cc,RNN_GRU
e35629fabae6d891a7f1a786d57d22c1ff0600937fc97e3af925534111442682,Chronos
e35b8041c3ef5952a90a403782209293f725c4f4a360d46cc5bf5f97163af47f,RNN_LSTM
e369a477e4d9df999f57c0f43735a22479c0fd1773290e9b512961c70de8b6a9,RNN_GRU
e48ee6cbc600f939acad7333829b59e724d0f539b3abeb8887cf1473db5929eb,RNN_GRU
e51ff25e8e8b11cd41d715f7d4c9fdb7fab43e8d0584177f7848c88cc22a207f,Chronos
e55759e9345528600187b68f5d3c8e97b66f7ad3efacf0454c577818ba65ffa7,Chronos
e592435a5b3dc48548124eec6d82fb79cf76d9c2b22f44dc0a9db26005a34872,TimesFM
e6aef9c0da4f30a9b4c2c1df847ac860560ac0721539e3dfd2112d8ef57ea703,Chronos
e79fff2fdf4c23cd6c1e2e09e73bfb29ad15d05fea859eb1a11f603247dd7b2d,TimesFM
e7cd675a9087f97c9c3f5861ef1c646938f820063f313ac639bd23f80b1463ba,RNN_RNN
e82e17d1e59eec21f9c3112667a454c9a4fe2586134d11d693ed955f0ae0a365,Chronos
e9d75b347d07708feefdfcaa041903b1e6301d46cc9e2e5a13e5caffa572d89c,TimesFM
ea885ffca6338a2b781a0725ae8a661496779c7f0a7f78855b1f297b899640c0,RNN_GRU
ed2a143f046317047794abadb13e078abbba7d8b1669d3646a476fce96c91bf0,RNN_GRU
eef85f19dc42c4893097e8b31df99fb1d43e280b812532521eab9fd3c8d219dc,TimesFM
efea988ca187ef1ab123f5b8e6830ad251a123f7a59e3c46a1b84695f8b76102,TimesFM
f09f701fb24d653511cda18120864b4d8e0bca0725b11a336116b794950336b9,RNN_GRU
f11f1ce193782ce644a55fc6294faacfbd7fb9ccb894e72c27604daad18b8d5a,Chronos
f1de419dc75ea0f629deaf936e0b65934cbf2bc444ffd7b3116e3a19dd108f11,TimesFM
f375f0228b1040ecedfc58529ae921b5db1222fcdd9bf32d530de146069e60ca,RNN_RNN
f411026d2b37e8b9d63a19c7cc6e441c22a20abedfcc63b63f9dc771c347609a,Chronos
f477c4f73e2b16a6be737ca19b5614e905da52a66a4a355ef02c62c6ee72ed58,Chronos
f49c9b07fabac545a5bb044d8b67be677958ac1ecf1c72cb6cfaea81785d084d,Chronos
f52f01e691fcba131ff92a9fab3323c3ad2298c48d81050996bbd82a94187e75,RNN_GRU
f70c357bc8f4449dd35d2a8b604112f65935c757b4849490ed8cc05d97a3cfd3,Chronos
f80492172730b5f5c44a082e486a974be63f970ee6a548f02b971a9856abe857,TimesFM
f8c5d1ba78b7d2f4d2d2a0d8bbc31f0b93185edce1d0788fbc362f22bd931af2,Chronos
fa4ac754e022a4cd821d467827141a05064a08cdd9b7a2d121c24e096a6f0580,Chronos
fad1ca5a071c61a773f665a5f345a2a1172949e4835194b414ab0cf8d4fe9ffa,Chronos
fb0bb72a5d9e18e70b85834c2caacd4c12591e26d99225cd9c65a942a39925e0,TimesFM
fc057d59a3476406c8572dbab8247d7e981c1976e8403d3715979bb1c02fb846,RNN_GRU
fc15cc22098577295f29f8b259ebbe5e5420ad2a22a0961d02f945dbdba46e11,TimesFM
fc3e31d858257899b890c4af0cecc83739f6754e2761ca5d646d1a12380f4700,Chronos
fd87c379a4f2dac5b411a5443e673f25ca479ba7172c5074ab008319fbf62d13,TimesFM
